year,month,day,kp_max,kp_mean,definitive,storm,severe
1990,1,1,4.0,3.083375,1.0,False,False
1990,1,2,4.333,2.9998750000000003,1.0,False,False
1990,1,3,5.0,2.6248750000000003,1.0,True,False
1990,1,4,4.0,2.458375,1.0,False,False
1990,1,5,4.0,3.1251249999999997,1.0,False,False
1990,1,6,3.333,1.83325,1.0,False,False
1990,1,7,2.667,1.416625,1.0,False,False
1990,1,8,4.0,2.166625,1.0,False,False
1990,1,9,4.333,2.625,1.0,False,False
1990,1,10,4.0,3.041625,1.0,False,False
1990,1,11,3.667,3.333375,1.0,False,False
1990,1,12,3.667,3.0,1.0,False,False
1990,1,13,2.667,2.20825,1.0,False,False
1990,1,14,3.333,1.833375,1.0,False,False
1990,1,15,3.0,2.125125,1.0,False,False
1990,1,16,3.667,2.0833749999999998,1.0,False,False
1990,1,17,3.0,2.1251249999999997,1.0,False,False
1990,1,18,3.0,2.08325,1.0,False,False
1990,1,19,2.333,0.8748750000000001,1.0,False,False
1990,1,20,3.667,2.8335,1.0,False,False
1990,1,21,4.0,3.125,1.0,False,False
1990,1,22,4.333,3.333375,1.0,False,False
1990,1,23,4.0,3.458375,1.0,False,False
1990,1,24,5.0,4.208375,1.0,True,False
1990,1,25,5.0,3.166625,1.0,True,False
1990,1,26,3.0,2.208375,1.0,False,False
1990,1,27,2.0,0.874875,1.0,False,False
1990,1,28,3.0,1.666625,1.0,False,False
1990,1,29,4.667,3.7501249999999997,1.0,False,False
1990,1,30,5.0,3.625,1.0,True,False
1990,1,31,4.333,3.208125,1.0,False,False
1990,2,1,5.0,3.375,1.0,True,False
1990,2,2,4.667,3.87525,1.0,False,False
1990,2,3,3.0,2.041625,1.0,False,False
1990,2,4,5.333,3.791625,1.0,True,False
1990,2,5,4.667,3.66675,1.0,False,False
1990,2,6,4.0,1.95825,1.0,False,False
1990,2,7,5.0,3.58325,1.0,True,False
1990,2,8,3.667,1.58325,1.0,False,False
1990,2,9,3.0,1.583375,1.0,False,False
1990,2,10,3.0,1.958375,1.0,False,False
1990,2,11,3.0,2.291625,1.0,False,False
1990,2,12,3.0,1.45825,1.0,False,False
1990,2,13,4.333,1.583125,1.0,False,False
1990,2,14,6.333,3.5,1.0,True,False
1990,2,15,6.667,3.875,1.0,True,False
1990,2,16,6.667,4.7085,1.0,True,False
1990,2,17,6.0,4.166625,1.0,True,False
1990,2,18,4.667,3.666875,1.0,False,False
1990,2,19,5.0,4.250125,1.0,True,False
1990,2,20,5.333,4.54175,1.0,True,False
1990,2,21,4.0,3.083375,1.0,False,False
1990,2,22,4.667,3.41675,1.0,False,False
1990,2,23,5.0,4.375125,1.0,True,False
1990,2,24,5.333,4.041625,1.0,True,False
1990,2,25,5.0,4.083375,1.0,True,False
1990,2,26,4.0,3.33325,1.0,False,False
1990,2,27,5.0,3.75,1.0,True,False
1990,2,28,6.0,3.958375,1.0,True,False
1990,3,1,4.0,3.458375,1.0,False,False
1990,3,2,3.333,2.91675,1.0,False,False
1990,3,3,3.0,2.3748750000000003,1.0,False,False
1990,3,4,2.667,1.583375,1.0,False,False
1990,3,5,3.667,2.333375,1.0,False,False
1990,3,6,5.0,3.249875,1.0,True,False
1990,3,7,3.0,2.04175,1.0,False,False
1990,3,8,3.333,2.3335,1.0,False,False
1990,3,9,3.667,2.0,1.0,False,False
1990,3,10,2.667,1.916875,1.0,False,False
1990,3,11,3.667,2.75,1.0,False,False
1990,3,12,7.333,3.9998750000000003,1.0,True,True
1990,3,13,6.333,3.791625,1.0,True,False
1990,3,14,5.333,3.666625,1.0,True,False
1990,3,15,3.667,2.416625,1.0,False,False
1990,3,16,3.0,1.83325,1.0,False,False
1990,3,17,1.667,0.666625,1.0,False,False
1990,3,18,5.667,3.875,1.0,True,False
1990,3,19,5.667,2.4585,1.0,True,False
1990,3,20,6.667,3.708375,1.0,True,False
1990,3,21,7.333,5.75,1.0,True,True
1990,3,22,4.667,4.041625,1.0,False,False
1990,3,23,4.667,4.083375,1.0,False,False
1990,3,24,3.667,3.29175,1.0,False,False
1990,3,25,5.667,4.458375,1.0,True,False
1990,3,26,6.0,4.58325,1.0,True,False
1990,3,27,5.333,4.25,1.0,True,False
1990,3,28,4.333,3.75,1.0,False,False
1990,3,29,5.333,3.7498750000000003,1.0,True,False
1990,3,30,8.0,5.0415,1.0,True,True
1990,3,31,2.333,1.999875,1.0,False,False
1990,4,1,2.333,1.583125,1.0,False,False
1990,4,2,3.333,2.45825,1.0,False,False
1990,4,3,4.333,3.125,1.0,False,False
1990,4,4,3.0,2.29175,1.0,False,False
1990,4,5,3.0,2.16675,1.0,False,False
1990,4,6,2.667,1.874875,1.0,False,False
1990,4,7,3.0,2.08325,1.0,False,False
1990,4,8,2.667,1.66675,1.0,False,False
1990,4,9,5.667,4.000125,1.0,True,False
1990,4,10,8.0,6.58325,1.0,True,True
1990,4,11,6.667,5.29175,1.0,True,False
1990,4,12,7.667,6.20825,1.0,True,True
1990,4,13,5.333,4.5415,1.0,True,False
1990,4,14,6.0,4.83325,1.0,True,False
1990,4,15,5.0,3.5,1.0,True,False
1990,4,16,3.0,2.375,1.0,False,False
1990,4,17,6.0,4.45825,1.0,True,False
1990,4,18,5.333,3.5,1.0,True,False
1990,4,19,3.0,2.08325,1.0,False,False
1990,4,20,5.0,3.08325,1.0,True,False
1990,4,21,4.667,2.208375,1.0,False,False
1990,4,22,4.667,2.8751249999999997,1.0,False,False
1990,4,23,5.667,4.333375,1.0,True,False
1990,4,24,6.0,3.833375,1.0,True,False
1990,4,25,4.0,3.375,1.0,False,False
1990,4,26,5.333,2.5415,1.0,True,False
1990,4,27,4.0,2.95825,1.0,False,False
1990,4,28,4.333,3.416625,1.0,False,False
1990,4,29,5.0,4.000125,1.0,True,False
1990,4,30,5.667,3.04175,1.0,True,False
1990,5,1,3.0,2.083375,1.0,False,False
1990,5,2,3.667,2.208375,1.0,False,False
1990,5,3,4.333,3.16675,1.0,False,False
1990,5,4,3.333,2.6665,1.0,False,False
1990,5,5,3.333,2.25,1.0,False,False
1990,5,6,2.0,1.45825,1.0,False,False
1990,5,7,3.0,1.708375,1.0,False,False
1990,5,8,3.667,2.416875,1.0,False,False
1990,5,9,4.333,3.041625,1.0,False,False
1990,5,10,5.667,4.166625,1.0,True,False
1990,5,11,5.333,3.6248750000000003,1.0,True,False
1990,5,12,3.333,1.583375,1.0,False,False
1990,5,13,4.0,2.1665,1.0,False,False
1990,5,14,1.333,0.79175,1.0,False,False
1990,5,15,2.0,1.416625,1.0,False,False
1990,5,16,0.667,0.5835,1.0,False,False
1990,5,17,1.333,1.08325,1.0,False,False
1990,5,18,6.333,3.75,1.0,True,False
1990,5,19,4.333,3.20825,1.0,False,False
1990,5,20,4.667,3.3335,1.0,False,False
1990,5,21,5.0,3.291625,1.0,True,False
1990,5,22,5.333,4.20825,1.0,True,False
1990,5,23,3.333,2.416625,1.0,False,False
1990,5,24,3.333,1.666625,1.0,False,False
1990,5,25,4.333,3.4165,1.0,False,False
1990,5,26,7.333,4.5,1.0,True,True
1990,5,27,6.667,4.375,1.0,True,False
1990,5,28,3.0,1.8335,1.0,False,False
1990,5,29,3.333,2.33325,1.0,False,False
1990,5,30,5.0,3.6248750000000003,1.0,True,False
1990,5,31,3.0,2.54175,1.0,False,False
1990,6,1,3.0,2.3335,1.0,False,False
1990,6,2,2.0,1.58325,1.0,False,False
1990,6,3,2.333,1.624875,1.0,False,False
1990,6,4,2.333,1.374875,1.0,False,False
1990,6,5,2.0,1.3751250000000002,1.0,False,False
1990,6,6,3.333,2.49975,1.0,False,False
1990,6,7,5.333,3.4998750000000003,1.0,True,False
1990,6,8,3.667,3.125,1.0,False,False
1990,6,9,5.667,4.041875,1.0,True,False
1990,6,10,4.667,3.04175,1.0,False,False
1990,6,11,3.0,2.583375,1.0,False,False
1990,6,12,8.333,5.499875,1.0,True,True
1990,6,13,7.667,5.416875,1.0,True,True
1990,6,14,7.667,5.416625,1.0,True,True
1990,6,15,3.667,2.2498750000000003,1.0,False,False
1990,6,16,2.333,1.166625,1.0,False,False
1990,6,17,1.0,0.583375,1.0,False,False
1990,6,18,3.667,2.333375,1.0,False,False
1990,6,19,2.667,1.541625,1.0,False,False
1990,6,20,0.667,0.5,1.0,False,False
1990,6,21,2.333,1.291625,1.0,False,False
1990,6,22,2.333,1.45825,1.0,False,False
1990,6,23,2.667,1.666625,1.0,False,False
1990,6,24,2.333,2.041625,1.0,False,False
1990,6,25,2.667,1.916625,1.0,False,False
1990,6,26,2.667,1.8335,1.0,False,False
1990,6,27,4.667,2.166625,1.0,False,False
1990,6,28,3.0,1.833375,1.0,False,False
1990,6,29,3.0,1.91675,1.0,False,False
1990,6,30,1.333,0.875,1.0,False,False
1990,7,1,2.333,1.3747500000000001,1.0,False,False
1990,7,2,2.667,1.66675,1.0,False,False
1990,7,3,3.0,1.70825,1.0,False,False
1990,7,4,3.333,1.8751250000000002,1.0,False,False
1990,7,5,3.667,2.29175,1.0,False,False
1990,7,6,2.667,1.7085000000000001,1.0,False,False
1990,7,7,3.0,1.5,1.0,False,False
1990,7,8,2.667,2.3751249999999997,1.0,False,False
1990,7,9,2.0,1.375,1.0,False,False
1990,7,10,4.333,2.54175,1.0,False,False
1990,7,11,3.0,1.70825,1.0,False,False
1990,7,12,3.0,1.95825,1.0,False,False
1990,7,13,4.0,2.666625,1.0,False,False
1990,7,14,4.0,2.458375,1.0,False,False
1990,7,15,3.0,2.125,1.0,False,False
1990,7,16,2.667,1.625125,1.0,False,False
1990,7,17,2.667,1.375,1.0,False,False
1990,7,18,3.0,1.874875,1.0,False,False
1990,7,19,4.667,3.0,1.0,False,False
1990,7,20,4.333,3.083125,1.0,False,False
1990,7,21,3.0,1.79175,1.0,False,False
1990,7,22,2.333,1.625,1.0,False,False
1990,7,23,2.333,1.041625,1.0,False,False
1990,7,24,1.667,1.041625,1.0,False,False
1990,7,25,1.333,0.95825,1.0,False,False
1990,7,26,5.333,2.0,1.0,True,False
1990,7,27,3.0,2.166625,1.0,False,False
1990,7,28,7.667,6.04175,1.0,True,True
1990,7,29,7.0,5.625,1.0,True,True
1990,7,30,4.0,2.54175,1.0,False,False
1990,7,31,3.0,1.500125,1.0,False,False
1990,8,1,5.0,3.416625,1.0,True,False
1990,8,2,3.333,2.1251249999999997,1.0,False,False
1990,8,3,3.333,2.45825,1.0,False,False
1990,8,4,3.0,1.625,1.0,False,False
1990,8,5,2.333,1.291625,1.0,False,False
1990,8,6,3.333,2.125,1.0,False,False
1990,8,7,2.333,1.875,1.0,False,False
1990,8,8,2.667,1.41675,1.0,False,False
1990,8,9,2.0,1.41675,1.0,False,False
1990,8,10,2.667,1.54175,1.0,False,False
1990,8,11,3.333,2.1248750000000003,1.0,False,False
1990,8,12,2.667,1.749875,1.0,False,False
1990,8,13,3.0,2.583375,1.0,False,False
1990,8,14,5.333,3.166625,1.0,True,False
1990,8,15,5.0,3.6251249999999997,1.0,True,False
1990,8,16,4.667,3.7498750000000003,1.0,False,False
1990,8,17,3.667,2.8748750000000003,1.0,False,False
1990,8,18,3.0,2.5835,1.0,False,False
1990,8,19,3.667,2.8751249999999997,1.0,False,False
1990,8,20,4.667,3.25,1.0,False,False
1990,8,21,6.0,4.125125,1.0,True,False
1990,8,22,5.667,4.999875,1.0,True,False
1990,8,23,7.0,5.749750000000001,1.0,True,True
1990,8,24,5.333,3.33325,1.0,True,False
1990,8,25,2.667,1.6248749999999998,1.0,False,False
1990,8,26,6.667,5.04175,1.0,True,False
1990,8,27,4.333,2.916625,1.0,False,False
1990,8,28,2.333,1.624875,1.0,False,False
1990,8,29,3.667,2.3751249999999997,1.0,False,False
1990,8,30,5.333,3.708375,1.0,True,False
1990,8,31,4.667,2.8335,1.0,False,False
1990,9,1,6.667,3.0833749999999998,1.0,True,False
1990,9,2,0.667,0.41675,1.0,False,False
1990,9,3,1.667,0.916875,1.0,False,False
1990,9,4,3.333,1.833375,1.0,False,False
1990,9,5,3.333,2.4998750000000003,1.0,False,False
1990,9,6,3.333,2.6248750000000003,1.0,False,False
1990,9,7,3.667,2.791625,1.0,False,False
1990,9,8,3.0,2.125,1.0,False,False
1990,9,9,2.667,2.333375,1.0,False,False
1990,9,10,4.333,2.1248750000000003,1.0,False,False
1990,9,11,4.667,3.79175,1.0,False,False
1990,9,12,4.0,3.333375,1.0,False,False
1990,9,13,4.667,3.25,1.0,False,False
1990,9,14,4.0,3.37475,1.0,False,False
1990,9,15,4.667,3.541625,1.0,False,False
1990,9,16,5.0,3.541625,1.0,True,False
1990,9,17,3.0,2.708375,1.0,False,False
1990,9,18,4.0,3.25,1.0,False,False
1990,9,19,4.333,2.9585,1.0,False,False
1990,9,20,5.333,2.4998750000000003,1.0,True,False
1990,9,21,3.667,2.95825,1.0,False,False
1990,9,22,4.0,3.41675,1.0,False,False
1990,9,23,4.0,2.541625,1.0,False,False
1990,9,24,3.667,2.666625,1.0,False,False
1990,9,25,3.333,2.4166250000000002,1.0,False,False
1990,9,26,3.333,2.58325,1.0,False,False
1990,9,27,2.667,1.958375,1.0,False,False
1990,9,28,3.333,2.0,1.0,False,False
1990,9,29,2.667,1.749875,1.0,False,False
1990,9,30,2.333,1.166875,1.0,False,False
1990,10,1,1.667,0.541625,1.0,False,False
1990,10,2,2.333,1.33325,1.0,False,False
1990,10,3,3.667,2.208375,1.0,False,False
1990,10,4,4.667,3.0001249999999997,1.0,False,False
1990,10,5,3.0,2.2915,1.0,False,False
1990,10,6,4.0,2.625,1.0,False,False
1990,10,7,2.667,2.000125,1.0,False,False
1990,10,8,1.333,1.041625,1.0,False,False
1990,10,9,4.0,2.3748750000000003,1.0,False,False
1990,10,10,6.0,4.66675,1.0,True,False
1990,10,11,5.667,4.6665,1.0,True,False
1990,10,12,5.0,4.16675,1.0,True,False
1990,10,13,4.0,3.083125,1.0,False,False
1990,10,14,4.333,3.1248750000000003,1.0,False,False
1990,10,15,4.667,3.79175,1.0,False,False
1990,10,16,3.333,2.375125,1.0,False,False
1990,10,17,3.0,1.20825,1.0,False,False
1990,10,18,2.0,1.33325,1.0,False,False
1990,10,19,3.333,2.1248750000000003,1.0,False,False
1990,10,20,5.0,3.3748750000000003,1.0,True,False
1990,10,21,3.333,2.29175,1.0,False,False
1990,10,22,3.333,2.166625,1.0,False,False
1990,10,23,4.0,1.999875,1.0,False,False
1990,10,24,5.0,3.6666250000000002,1.0,True,False
1990,10,25,3.667,2.04175,1.0,False,False
1990,10,26,3.333,2.125,1.0,False,False
1990,10,27,3.0,1.91675,1.0,False,False
1990,10,28,2.333,0.95825,1.0,False,False
1990,10,29,4.0,2.0,1.0,False,False
1990,10,30,5.667,3.04175,1.0,True,False
1990,10,31,4.667,3.791625,1.0,False,False
1990,11,1,3.333,2.125,1.0,False,False
1990,11,2,3.667,2.25,1.0,False,False
1990,11,3,2.333,1.624875,1.0,False,False
1990,11,4,1.667,0.625,1.0,False,False
1990,11,5,1.0,0.333125,1.0,False,False
1990,11,6,0.667,0.41650000000000004,1.0,False,False
1990,11,7,2.333,1.45825,1.0,False,False
1990,11,8,2.667,2.041625,1.0,False,False
1990,11,9,3.667,2.625,1.0,False,False
1990,11,10,3.333,2.625,1.0,False,False
1990,11,11,3.333,2.500125,1.0,False,False
1990,11,12,2.667,1.250125,1.0,False,False
1990,11,13,1.333,0.749875,1.0,False,False
1990,11,14,1.0,0.291625,1.0,False,False
1990,11,15,1.667,0.750125,1.0,False,False
1990,11,16,4.0,3.20825,1.0,False,False
1990,11,17,4.0,3.083375,1.0,False,False
1990,11,18,3.667,2.958375,1.0,False,False
1990,11,19,3.667,2.291625,1.0,False,False
1990,11,20,2.667,1.6665,1.0,False,False
1990,11,21,3.667,2.250125,1.0,False,False
1990,11,22,2.0,0.66675,1.0,False,False
1990,11,23,2.0,1.041625,1.0,False,False
1990,11,24,2.0,0.5,1.0,False,False
1990,11,25,2.0,1.16675,1.0,False,False
1990,11,26,3.333,2.041625,1.0,False,False
1990,11,27,6.667,4.5,1.0,True,False
1990,11,28,4.667,3.041625,1.0,False,False
1990,11,29,2.333,1.25,1.0,False,False
1990,11,30,3.333,2.083375,1.0,False,False
1990,12,1,2.667,1.208375,1.0,False,False
1990,12,2,2.0,1.20825,1.0,False,False
1990,12,3,3.0,1.541625,1.0,False,False
1990,12,4,4.333,3.1665,1.0,False,False
1990,12,5,3.667,2.666875,1.0,False,False
1990,12,6,2.667,1.833375,1.0,False,False
1990,12,7,2.0,1.166625,1.0,False,False
1990,12,8,2.667,1.91675,1.0,False,False
1990,12,9,2.0,1.41675,1.0,False,False
1990,12,10,0.667,0.416625,1.0,False,False
1990,12,11,1.333,0.458125,1.0,False,False
1990,12,12,3.0,1.541625,1.0,False,False
1990,12,13,4.333,2.666625,1.0,False,False
1990,12,14,3.333,1.7915,1.0,False,False
1990,12,15,2.333,1.58325,1.0,False,False
1990,12,16,3.333,2.08325,1.0,False,False
1990,12,17,2.667,1.54175,1.0,False,False
1990,12,18,2.0,1.208375,1.0,False,False
1990,12,19,1.0,0.458125,1.0,False,False
1990,12,20,3.0,1.875,1.0,False,False
1990,12,21,1.667,0.833375,1.0,False,False
1990,12,22,2.0,0.75,1.0,False,False
1990,12,23,3.0,1.58325,1.0,False,False
1990,12,24,4.0,2.79175,1.0,False,False
1990,12,25,3.333,2.3748750000000003,1.0,False,False
1990,12,26,1.333,0.875125,1.0,False,False
1990,12,27,3.0,1.458375,1.0,False,False
1990,12,28,1.333,1.041625,1.0,False,False
1990,12,29,1.667,0.875125,1.0,False,False
1990,12,30,3.333,2.54175,1.0,False,False
1990,12,31,3.333,2.0,1.0,False,False
1991,1,1,4.0,1.45825,1.0,False,False
1991,1,2,3.667,2.416625,1.0,False,False
1991,1,3,3.333,2.33325,1.0,False,False
1991,1,4,3.333,1.916375,1.0,False,False
1991,1,5,3.0,1.95825,1.0,False,False
1991,1,6,1.667,0.8335,1.0,False,False
1991,1,7,1.333,0.6248750000000001,1.0,False,False
1991,1,8,3.0,2.1248750000000003,1.0,False,False
1991,1,9,3.333,1.916625,1.0,False,False
1991,1,10,3.0,2.1251249999999997,1.0,False,False
1991,1,11,2.667,1.875,1.0,False,False
1991,1,12,5.0,3.16675,1.0,True,False
1991,1,13,4.0,2.458375,1.0,False,False
1991,1,14,1.333,0.875,1.0,False,False
1991,1,15,3.667,2.541625,1.0,False,False
1991,1,16,2.667,1.791875,1.0,False,False
1991,1,17,3.667,2.41675,1.0,False,False
1991,1,18,3.333,2.375,1.0,False,False
1991,1,19,1.667,0.83325,1.0,False,False
1991,1,20,2.333,1.208375,1.0,False,False
1991,1,21,2.667,0.9998750000000001,1.0,False,False
1991,1,22,2.0,0.91675,1.0,False,False
1991,1,23,3.0,1.416625,1.0,False,False
1991,1,24,4.667,3.54175,1.0,False,False
1991,1,25,4.667,2.583375,1.0,False,False
1991,1,26,3.667,2.333375,1.0,False,False
1991,1,27,3.0,1.624875,1.0,False,False
1991,1,28,2.0,1.333375,1.0,False,False
1991,1,29,2.0,1.083375,1.0,False,False
1991,1,30,2.0,0.9998750000000001,1.0,False,False
1991,1,31,4.0,2.791625,1.0,False,False
1991,2,1,5.667,3.666625,1.0,True,False
1991,2,2,5.0,2.04175,1.0,True,False
1991,2,3,2.0,1.291875,1.0,False,False
1991,2,4,3.0,1.333375,1.0,False,False
1991,2,5,2.667,2.1251249999999997,1.0,False,False
1991,2,6,2.0,1.4998749999999998,1.0,False,False
1991,2,7,3.333,2.375,1.0,False,False
1991,2,8,3.333,2.83325,1.0,False,False
1991,2,9,4.333,3.0001249999999997,1.0,False,False
1991,2,10,3.0,1.95825,1.0,False,False
1991,2,11,4.333,3.04175,1.0,False,False
1991,2,12,4.0,2.66675,1.0,False,False
1991,2,13,2.667,2.4585,1.0,False,False
1991,2,14,2.667,2.041625,1.0,False,False
1991,2,15,3.667,2.083375,1.0,False,False
1991,2,16,1.667,1.25,1.0,False,False
1991,2,17,1.333,0.916625,1.0,False,False
1991,2,18,1.667,0.8752500000000001,1.0,False,False
1991,2,19,3.333,1.833375,1.0,False,False
1991,2,20,2.667,1.625,1.0,False,False
1991,2,21,2.667,2.000125,1.0,False,False
1991,2,22,4.0,2.75,1.0,False,False
1991,2,23,4.0,3.5001249999999997,1.0,False,False
1991,2,24,2.333,1.54175,1.0,False,False
1991,2,25,3.667,2.29175,1.0,False,False
1991,2,26,2.667,2.0,1.0,False,False
1991,2,27,3.0,2.1251249999999997,1.0,False,False
1991,2,28,3.667,3.29175,1.0,False,False
1991,3,1,3.333,2.75,1.0,False,False
1991,3,2,3.333,2.249875,1.0,False,False
1991,3,3,2.667,1.625,1.0,False,False
1991,3,4,3.333,2.083375,1.0,False,False
1991,3,5,4.667,3.583375,1.0,False,False
1991,3,6,5.0,3.66675,1.0,True,False
1991,3,7,4.667,3.791625,1.0,False,False
1991,3,8,3.667,3.16675,1.0,False,False
1991,3,9,4.667,3.75,1.0,False,False
1991,3,10,5.667,2.875,1.0,True,False
1991,3,11,2.0,1.1664999999999999,1.0,False,False
1991,3,12,4.0,3.125,1.0,False,False
1991,3,13,6.333,3.1665,1.0,True,False
1991,3,14,3.0,1.66675,1.0,False,False
1991,3,15,2.667,1.375,1.0,False,False
1991,3,16,4.0,1.5835,1.0,False,False
1991,3,17,3.667,2.791625,1.0,False,False
1991,3,18,4.0,1.708375,1.0,False,False
1991,3,19,4.0,2.5,1.0,False,False
1991,3,20,3.667,2.458375,1.0,False,False
1991,3,21,6.667,3.25,1.0,True,False
1991,3,22,4.667,3.29175,1.0,False,False
1991,3,23,3.667,2.4585,1.0,False,False
1991,3,24,8.667,6.75,1.0,True,True
1991,3,25,8.667,6.625125,1.0,True,True
1991,3,26,8.0,6.5,1.0,True,True
1991,3,27,4.667,4.25,1.0,False,False
1991,3,28,4.333,3.29175,1.0,False,False
1991,3,29,2.333,1.08325,1.0,False,False
1991,3,30,4.667,3.7498750000000003,1.0,False,False
1991,3,31,3.667,2.000125,1.0,False,False
1991,4,1,4.667,4.041625,1.0,False,False
1991,4,2,4.0,3.583375,1.0,False,False
1991,4,3,5.333,4.416625,1.0,True,False
1991,4,4,6.667,4.625125,1.0,True,False
1991,4,5,4.0,3.0,1.0,False,False
1991,4,6,3.667,2.79175,1.0,False,False
1991,4,7,3.0,2.4166250000000002,1.0,False,False
1991,4,8,2.0,1.58325,1.0,False,False
1991,4,9,3.0,2.33325,1.0,False,False
1991,4,10,2.667,1.958375,1.0,False,False
1991,4,11,1.667,1.25,1.0,False,False
1991,4,12,3.333,2.541625,1.0,False,False
1991,4,13,1.667,1.374875,1.0,False,False
1991,4,14,2.0,1.625,1.0,False,False
1991,4,15,2.333,1.583375,1.0,False,False
1991,4,16,2.667,1.291625,1.0,False,False
1991,4,17,3.667,2.6666250000000002,1.0,False,False
1991,4,18,4.0,2.625,1.0,False,False
1991,4,19,4.0,2.666625,1.0,False,False
1991,4,20,1.333,0.958375,1.0,False,False
1991,4,21,2.667,1.625,1.0,False,False
1991,4,22,2.667,2.000125,1.0,False,False
1991,4,23,3.333,1.83325,1.0,False,False
1991,4,24,4.333,2.33325,1.0,False,False
1991,4,25,4.667,2.916625,1.0,False,False
1991,4,26,4.333,2.416625,1.0,False,False
1991,4,27,5.333,3.58325,1.0,True,False
1991,4,28,5.0,4.208375,1.0,True,False
1991,4,29,6.667,5.29175,1.0,True,False
1991,4,30,5.333,4.25,1.0,True,False
1991,5,1,4.667,3.958375,1.0,False,False
1991,5,2,6.0,4.791625,1.0,True,False
1991,5,3,4.0,3.0001249999999997,1.0,False,False
1991,5,4,3.0,2.166625,1.0,False,False
1991,5,5,2.333,1.41675,1.0,False,False
1991,5,6,2.0,1.25,1.0,False,False
1991,5,7,2.333,1.5,1.0,False,False
1991,5,8,3.667,2.25,1.0,False,False
1991,5,9,4.0,2.458375,1.0,False,False
1991,5,10,3.0,2.25,1.0,False,False
1991,5,11,1.667,0.79175,1.0,False,False
1991,5,12,1.667,1.041625,1.0,False,False
1991,5,13,5.0,3.666625,1.0,True,False
1991,5,14,5.667,4.000125,1.0,True,False
1991,5,15,2.667,1.875125,1.0,False,False
1991,5,16,5.333,2.2915,1.0,True,False
1991,5,17,6.0,3.70825,1.0,True,False
1991,5,18,1.667,0.833375,1.0,False,False
1991,5,19,2.333,0.9998750000000001,1.0,False,False
1991,5,20,1.333,0.9165,1.0,False,False
1991,5,21,3.0,1.7085000000000001,1.0,False,False
1991,5,22,4.0,3.125,1.0,False,False
1991,5,23,4.667,3.4585,1.0,False,False
1991,5,24,5.0,3.7501249999999997,1.0,True,False
1991,5,25,5.667,4.29175,1.0,True,False
1991,5,26,4.667,3.625,1.0,False,False
1991,5,27,4.0,3.541875,1.0,False,False
1991,5,28,5.0,4.04175,1.0,True,False
1991,5,29,5.333,3.458375,1.0,True,False
1991,5,30,3.333,2.6665,1.0,False,False
1991,5,31,6.667,4.708375,1.0,True,False
1991,6,1,7.333,5.20825,1.0,True,True
1991,6,2,7.0,5.208375,1.0,True,True
1991,6,3,4.333,2.8748750000000003,1.0,False,False
1991,6,4,7.333,4.416625,1.0,True,True
1991,6,5,8.667,7.79175,1.0,True,True
1991,6,6,6.667,4.500249999999999,1.0,True,False
1991,6,7,5.333,3.875,1.0,True,False
1991,6,8,5.333,3.666625,1.0,True,False
1991,6,9,6.667,5.083375,1.0,True,False
1991,6,10,7.667,6.416625,1.0,True,True
1991,6,11,7.333,6.041625,1.0,True,True
1991,6,12,6.667,5.416625,1.0,True,False
1991,6,13,7.667,6.58325,1.0,True,True
1991,6,14,3.333,1.875,1.0,False,False
1991,6,15,4.0,2.625,1.0,False,False
1991,6,16,2.0,1.25,1.0,False,False
1991,6,17,7.333,4.958375,1.0,True,True
1991,6,18,4.667,3.833375,1.0,False,False
1991,6,19,4.333,4.08325,1.0,False,False
1991,6,20,4.0,2.791625,1.0,False,False
1991,6,21,4.667,3.791625,1.0,False,False
1991,6,22,4.0,3.291625,1.0,False,False
1991,6,23,6.0,4.750125,1.0,True,False
1991,6,24,5.0,4.166625,1.0,True,False
1991,6,25,4.333,3.791625,1.0,False,False
1991,6,26,4.0,3.6248750000000003,1.0,False,False
1991,6,27,3.0,2.3751249999999997,1.0,False,False
1991,6,28,3.0,2.2501249999999997,1.0,False,False
1991,6,29,1.667,1.333375,1.0,False,False
1991,6,30,4.333,3.541625,1.0,False,False
1991,7,1,3.333,2.41675,1.0,False,False
1991,7,2,4.333,3.41675,1.0,False,False
1991,7,3,4.667,4.0835,1.0,False,False
1991,7,4,4.667,2.500125,1.0,False,False
1991,7,5,1.333,1.08325,1.0,False,False
1991,7,6,3.0,1.91675,1.0,False,False
1991,7,7,2.667,1.708375,1.0,False,False
1991,7,8,8.0,4.833375,1.0,True,True
1991,7,9,8.0,6.333375,1.0,True,True
1991,7,10,5.0,3.08325,1.0,True,False
1991,7,11,5.0,3.375,1.0,True,False
1991,7,12,5.667,3.833375,1.0,True,False
1991,7,13,8.667,6.66675,1.0,True,True
1991,7,14,6.667,5.666625,1.0,True,False
1991,7,15,4.333,2.4165,1.0,False,False
1991,7,16,5.333,3.0415,1.0,True,False
1991,7,17,5.667,4.5415,1.0,True,False
1991,7,18,4.667,3.291625,1.0,False,False
1991,7,19,6.333,4.5,1.0,True,False
1991,7,20,5.0,4.0,1.0,True,False
1991,7,21,5.667,4.208375,1.0,True,False
1991,7,22,4.667,3.625,1.0,False,False
1991,7,23,3.667,2.791875,1.0,False,False
1991,7,24,2.333,1.79175,1.0,False,False
1991,7,25,3.333,2.5,1.0,False,False
1991,7,26,1.667,1.208375,1.0,False,False
1991,7,27,3.667,1.66675,1.0,False,False
1991,7,28,3.0,1.41675,1.0,False,False
1991,7,29,2.333,1.624875,1.0,False,False
1991,7,30,3.333,1.999875,1.0,False,False
1991,7,31,2.333,1.541625,1.0,False,False
1991,8,1,6.0,3.791875,1.0,True,False
1991,8,2,6.333,4.916625,1.0,True,False
1991,8,3,6.333,4.58325,1.0,True,False
1991,8,4,6.0,4.708375,1.0,True,False
1991,8,5,5.333,4.166625,1.0,True,False
1991,8,6,6.0,3.95825,1.0,True,False
1991,8,7,5.333,2.583375,1.0,True,False
1991,8,8,3.333,2.4166250000000002,1.0,False,False
1991,8,9,4.333,2.95825,1.0,False,False
1991,8,10,3.0,2.083125,1.0,False,False
1991,8,11,4.667,3.66675,1.0,False,False
1991,8,12,7.333,4.958375,1.0,True,True
1991,8,13,3.667,2.0,1.0,False,False
1991,8,14,5.333,2.6251249999999997,1.0,True,False
1991,8,15,5.0,4.499875,1.0,True,False
1991,8,16,4.0,3.33325,1.0,False,False
1991,8,17,4.333,3.4998750000000003,1.0,False,False
1991,8,18,6.0,3.45825,1.0,True,False
1991,8,19,7.667,5.250125,1.0,True,True
1991,8,20,7.667,5.000125,1.0,True,True
1991,8,21,6.0,4.416875,1.0,True,False
1991,8,22,7.0,4.5,1.0,True,True
1991,8,23,4.0,2.5,1.0,False,False
1991,8,24,3.333,2.458375,1.0,False,False
1991,8,25,3.333,2.291625,1.0,False,False
1991,8,26,2.667,2.16675,1.0,False,False
1991,8,27,6.667,3.875,1.0,True,False
1991,8,28,4.0,3.0,1.0,False,False
1991,8,29,4.333,2.541625,1.0,False,False
1991,8,30,6.333,4.625,1.0,True,False
1991,8,31,6.0,4.874875,1.0,True,False
1991,9,1,6.0,4.9165,1.0,True,False
1991,9,2,5.667,3.6665,1.0,True,False
1991,9,3,3.667,2.9585,1.0,False,False
1991,9,4,3.333,2.583375,1.0,False,False
1991,9,5,4.667,3.458375,1.0,False,False
1991,9,6,4.333,2.83325,1.0,False,False
1991,9,7,4.0,2.791625,1.0,False,False
1991,9,8,5.0,3.45825,1.0,True,False
1991,9,9,7.0,4.791625,1.0,True,True
1991,9,10,6.333,4.20825,1.0,True,False
1991,9,11,4.333,3.49975,1.0,False,False
1991,9,12,2.667,2.16675,1.0,False,False
1991,9,13,4.333,2.708125,1.0,False,False
1991,9,14,4.333,3.8748750000000003,1.0,False,False
1991,9,15,4.0,2.0,1.0,False,False
1991,9,16,2.333,1.791625,1.0,False,False
1991,9,17,2.0,1.374875,1.0,False,False
1991,9,18,3.0,1.333375,1.0,False,False
1991,9,19,3.0,2.3335,1.0,False,False
1991,9,20,3.667,1.91675,1.0,False,False
1991,9,21,2.333,1.16675,1.0,False,False
1991,9,22,2.667,1.874875,1.0,False,False
1991,9,23,1.667,1.083375,1.0,False,False
1991,9,24,2.667,1.7085,1.0,False,False
1991,9,25,6.333,4.875125,1.0,True,False
1991,9,26,5.0,4.54175,1.0,True,False
1991,9,27,5.667,4.916625,1.0,True,False
1991,9,28,5.667,4.625125,1.0,True,False
1991,9,29,4.0,3.20825,1.0,False,False
1991,9,30,4.333,3.791625,1.0,False,False
1991,10,1,7.333,4.58325,1.0,True,True
1991,10,2,6.333,5.5,1.0,True,False
1991,10,3,4.0,3.33325,1.0,False,False
1991,10,4,6.0,4.20825,1.0,True,False
1991,10,5,4.0,2.8335,1.0,False,False
1991,10,6,5.333,3.2915,1.0,True,False
1991,10,7,5.667,4.124875,1.0,True,False
1991,10,8,6.667,4.500125,1.0,True,False
1991,10,9,4.333,2.75,1.0,False,False
1991,10,10,5.333,4.0,1.0,True,False
1991,10,11,3.333,2.70825,1.0,False,False
1991,10,12,2.333,1.5835,1.0,False,False
1991,10,13,2.667,1.958375,1.0,False,False
1991,10,14,3.0,1.875125,1.0,False,False
1991,10,15,2.0,1.375125,1.0,False,False
1991,10,16,2.0,1.166625,1.0,False,False
1991,10,17,3.0,1.6248749999999998,1.0,False,False
1991,10,18,3.333,2.5,1.0,False,False
1991,10,19,3.333,2.62475,1.0,False,False
1991,10,20,4.667,3.5,1.0,False,False
1991,10,21,5.0,3.875,1.0,True,False
1991,10,22,4.333,3.58325,1.0,False,False
1991,10,23,5.333,3.25,1.0,True,False
1991,10,24,4.667,3.66675,1.0,False,False
1991,10,25,5.333,4.54175,1.0,True,False
1991,10,26,5.0,4.249875,1.0,True,False
1991,10,27,6.333,4.999875,1.0,True,False
1991,10,28,8.333,6.08325,1.0,True,True
1991,10,29,8.333,6.666625,1.0,True,True
1991,10,30,5.667,4.0835,1.0,True,False
1991,10,31,7.0,5.20825,1.0,True,True
1991,11,1,8.333,6.1665,1.0,True,True
1991,11,2,7.0,4.08325,1.0,True,True
1991,11,3,4.0,3.125,1.0,False,False
1991,11,4,6.0,4.29175,1.0,True,False
1991,11,5,5.667,3.7498750000000003,1.0,True,False
1991,11,6,5.0,3.166625,1.0,True,False
1991,11,7,3.333,2.625,1.0,False,False
1991,11,8,8.667,5.416875,1.0,True,True
1991,11,9,8.333,6.4165,1.0,True,True
1991,11,10,4.0,3.5835,1.0,False,False
1991,11,11,5.0,3.25,1.0,True,False
1991,11,12,3.667,2.208375,1.0,False,False
1991,11,13,3.667,2.6251249999999997,1.0,False,False
1991,11,14,4.0,3.20825,1.0,False,False
1991,11,15,5.0,4.041625,1.0,True,False
1991,11,16,4.333,3.83325,1.0,False,False
1991,11,17,4.667,3.583375,1.0,False,False
1991,11,18,5.0,4.124875,1.0,True,False
1991,11,19,6.333,5.25,1.0,True,False
1991,11,20,4.0,3.2085,1.0,False,False
1991,11,21,6.667,5.250249999999999,1.0,True,False
1991,11,22,6.333,4.916625,1.0,True,False
1991,11,23,5.0,4.29175,1.0,True,False
1991,11,24,3.333,2.9165,1.0,False,False
1991,11,25,3.0,2.4998750000000003,1.0,False,False
1991,11,26,3.333,1.791625,1.0,False,False
1991,11,27,2.667,1.875,1.0,False,False
1991,11,28,3.333,2.166625,1.0,False,False
1991,11,29,4.333,2.8748750000000003,1.0,False,False
1991,11,30,4.0,2.666625,1.0,False,False
1991,12,1,2.667,2.375,1.0,False,False
1991,12,2,4.0,3.25,1.0,False,False
1991,12,3,3.333,2.70825,1.0,False,False
1991,12,4,3.667,2.958375,1.0,False,False
1991,12,5,3.0,2.125125,1.0,False,False
1991,12,6,2.0,1.291625,1.0,False,False
1991,12,7,2.667,1.583375,1.0,False,False
1991,12,8,3.0,1.8331250000000001,1.0,False,False
1991,12,9,3.333,2.16675,1.0,False,False
1991,12,10,4.333,2.958125,1.0,False,False
1991,12,11,4.0,2.750125,1.0,False,False
1991,12,12,3.667,2.7085,1.0,False,False
1991,12,13,4.0,3.0,1.0,False,False
1991,12,14,4.0,3.125,1.0,False,False
1991,12,15,3.0,1.625,1.0,False,False
1991,12,16,4.667,3.041625,1.0,False,False
1991,12,17,5.333,4.416375,1.0,True,False
1991,12,18,3.667,2.500125,1.0,False,False
1991,12,19,3.667,2.5416250000000002,1.0,False,False
1991,12,20,3.667,2.166625,1.0,False,False
1991,12,21,4.667,3.91675,1.0,False,False
1991,12,22,3.0,1.541625,1.0,False,False
1991,12,23,3.667,2.916625,1.0,False,False
1991,12,24,3.333,2.2498750000000003,1.0,False,False
1991,12,25,3.0,1.708375,1.0,False,False
1991,12,26,3.333,2.08325,1.0,False,False
1991,12,27,6.333,4.208375,1.0,True,False
1991,12,28,4.667,3.5835,1.0,False,False
1991,12,29,5.333,3.95825,1.0,True,False
1991,12,30,4.667,2.91675,1.0,False,False
1991,12,31,3.0,2.16675,1.0,False,False
1992,1,1,3.667,2.583375,1.0,False,False
1992,1,2,5.0,3.333375,1.0,True,False
1992,1,3,3.667,3.083375,1.0,False,False
1992,1,4,4.0,3.041625,1.0,False,False
1992,1,5,3.333,2.708125,1.0,False,False
1992,1,6,3.333,2.7498750000000003,1.0,False,False
1992,1,7,2.667,2.1248750000000003,1.0,False,False
1992,1,8,3.667,3.125,1.0,False,False
1992,1,9,3.0,1.5,1.0,False,False
1992,1,10,3.667,2.833375,1.0,False,False
1992,1,11,5.0,3.791625,1.0,True,False
1992,1,12,4.333,3.6248750000000003,1.0,False,False
1992,1,13,5.0,3.8335,1.0,True,False
1992,1,14,4.333,3.4998750000000003,1.0,False,False
1992,1,15,4.667,3.083375,1.0,False,False
1992,1,16,5.333,3.666625,1.0,True,False
1992,1,17,3.0,2.416625,1.0,False,False
1992,1,18,2.667,1.625,1.0,False,False
1992,1,19,2.333,1.583375,1.0,False,False
1992,1,20,3.667,2.875,1.0,False,False
1992,1,21,3.667,1.625,1.0,False,False
1992,1,22,3.333,1.708375,1.0,False,False
1992,1,23,1.667,1.04175,1.0,False,False
1992,1,24,2.0,0.958375,1.0,False,False
1992,1,25,2.667,1.083375,1.0,False,False
1992,1,26,3.0,1.5,1.0,False,False
1992,1,27,5.0,3.333375,1.0,True,False
1992,1,28,4.0,2.791625,1.0,False,False
1992,1,29,3.667,2.916625,1.0,False,False
1992,1,30,4.333,3.583375,1.0,False,False
1992,1,31,3.667,2.91675,1.0,False,False
1992,2,1,6.333,3.70825,1.0,True,False
1992,2,2,6.333,5.125,1.0,True,False
1992,2,3,7.667,6.041875,1.0,True,True
1992,2,4,5.333,3.666625,1.0,True,False
1992,2,5,3.0,1.666625,1.0,False,False
1992,2,6,3.0,1.75,1.0,False,False
1992,2,7,4.667,2.875,1.0,False,False
1992,2,8,7.0,4.54175,1.0,True,True
1992,2,9,7.0,5.83325,1.0,True,True
1992,2,10,5.0,3.666625,1.0,True,False
1992,2,11,2.333,1.875,1.0,False,False
1992,2,12,3.0,2.3751249999999997,1.0,False,False
1992,2,13,3.667,2.083375,1.0,False,False
1992,2,14,3.0,2.291625,1.0,False,False
1992,2,15,2.0,1.041625,1.0,False,False
1992,2,16,1.333,1.083125,1.0,False,False
1992,2,17,4.667,2.833375,1.0,False,False
1992,2,18,3.667,2.79175,1.0,False,False
1992,2,19,3.0,2.75,1.0,False,False
1992,2,20,7.0,5.416625,1.0,True,True
1992,2,21,7.333,5.04175,1.0,True,True
1992,2,22,5.333,3.83325,1.0,True,False
1992,2,23,4.667,2.875,1.0,False,False
1992,2,24,6.0,3.75,1.0,True,False
1992,2,25,6.667,5.083375,1.0,True,False
1992,2,26,8.0,4.875,1.0,True,True
1992,2,27,6.333,5.25,1.0,True,False
1992,2,28,2.667,1.875125,1.0,False,False
1992,2,29,6.667,4.25,1.0,True,False
1992,3,1,4.667,2.916625,1.0,False,False
1992,3,2,3.333,2.6666250000000002,1.0,False,False
1992,3,3,3.333,2.45825,1.0,False,False
1992,3,4,4.0,2.708375,1.0,False,False
1992,3,5,3.333,2.666625,1.0,False,False
1992,3,6,3.667,1.708375,1.0,False,False
1992,3,7,3.667,2.208375,1.0,False,False
1992,3,8,3.667,2.541625,1.0,False,False
1992,3,9,5.333,3.666625,1.0,True,False
1992,3,10,3.667,3.16675,1.0,False,False
1992,3,11,4.667,3.375125,1.0,False,False
1992,3,12,3.333,2.5415,1.0,False,False
1992,3,13,2.667,1.41675,1.0,False,False
1992,3,14,1.667,1.04175,1.0,False,False
1992,3,15,3.333,2.125,1.0,False,False
1992,3,16,3.333,2.6665,1.0,False,False
1992,3,17,4.667,3.5835,1.0,False,False
1992,3,18,4.333,2.958375,1.0,False,False
1992,3,19,2.0,0.916625,1.0,False,False
1992,3,20,2.0,1.041875,1.0,False,False
1992,3,21,5.0,3.458375,1.0,True,False
1992,3,22,4.667,3.0835,1.0,False,False
1992,3,23,5.0,3.833375,1.0,True,False
1992,3,24,4.667,3.583375,1.0,False,False
1992,3,25,4.333,3.000125,1.0,False,False
1992,3,26,3.667,2.6251249999999997,1.0,False,False
1992,3,27,3.667,2.41675,1.0,False,False
1992,3,28,3.0,2.4165,1.0,False,False
1992,3,29,3.667,3.2501249999999997,1.0,False,False
1992,3,30,3.667,2.5835,1.0,False,False
1992,3,31,4.0,2.75,1.0,False,False
1992,4,1,4.0,2.6665,1.0,False,False
1992,4,2,3.0,1.624875,1.0,False,False
1992,4,3,6.0,3.75,1.0,True,False
1992,4,4,3.667,2.625,1.0,False,False
1992,4,5,4.0,2.958375,1.0,False,False
1992,4,6,5.667,3.333375,1.0,True,False
1992,4,7,4.667,3.250125,1.0,False,False
1992,4,8,4.667,3.3333749999999998,1.0,False,False
1992,4,9,2.333,1.58325,1.0,False,False
1992,4,10,2.0,1.208375,1.0,False,False
1992,4,11,1.667,0.750125,1.0,False,False
1992,4,12,1.667,1.0,1.0,False,False
1992,4,13,2.333,1.7081250000000001,1.0,False,False
1992,4,14,2.667,1.6251250000000002,1.0,False,False
1992,4,15,3.333,2.29175,1.0,False,False
1992,4,16,2.0,1.208375,1.0,False,False
1992,4,17,2.333,0.95825,1.0,False,False
1992,4,18,5.333,3.1248750000000003,1.0,True,False
1992,4,19,3.667,3.16675,1.0,False,False
1992,4,20,4.0,3.29175,1.0,False,False
1992,4,21,3.333,1.95825,1.0,False,False
1992,4,22,3.0,2.708375,1.0,False,False
1992,4,23,3.333,1.9165,1.0,False,False
1992,4,24,3.333,2.75,1.0,False,False
1992,4,25,3.0,2.3751249999999997,1.0,False,False
1992,4,26,3.667,1.8335,1.0,False,False
1992,4,27,2.333,1.416625,1.0,False,False
1992,4,28,3.667,2.208375,1.0,False,False
1992,4,29,2.667,1.75,1.0,False,False
1992,4,30,3.333,2.208375,1.0,False,False
1992,5,1,5.0,2.6248750000000003,1.0,True,False
1992,5,2,4.333,2.33325,1.0,False,False
1992,5,3,3.0,2.166625,1.0,False,False
1992,5,4,4.0,2.5001249999999997,1.0,False,False
1992,5,5,2.333,1.374875,1.0,False,False
1992,5,6,2.667,1.25,1.0,False,False
1992,5,7,3.667,2.66675,1.0,False,False
1992,5,8,5.0,4.0415,1.0,True,False
1992,5,9,6.667,3.91675,1.0,True,False
1992,5,10,8.667,7.45825,1.0,True,True
1992,5,11,7.333,5.458375,1.0,True,True
1992,5,12,3.333,2.5,1.0,False,False
1992,5,13,5.0,3.416625,1.0,True,False
1992,5,14,2.0,1.083375,1.0,False,False
1992,5,15,2.333,1.291625,1.0,False,False
1992,5,16,1.667,1.083375,1.0,False,False
1992,5,17,1.333,0.79175,1.0,False,False
1992,5,18,5.333,2.5,1.0,True,False
1992,5,19,4.333,2.58325,1.0,False,False
1992,5,20,3.0,1.95825,1.0,False,False
1992,5,21,3.333,1.916625,1.0,False,False
1992,5,22,6.333,4.75,1.0,True,False
1992,5,23,5.0,2.6248750000000003,1.0,True,False
1992,5,24,3.333,1.958125,1.0,False,False
1992,5,25,3.333,2.375,1.0,False,False
1992,5,26,3.333,1.791625,1.0,False,False
1992,5,27,3.0,2.416875,1.0,False,False
1992,5,28,3.667,2.70825,1.0,False,False
1992,5,29,4.667,3.291875,1.0,False,False
1992,5,30,3.667,2.91675,1.0,False,False
1992,5,31,3.0,1.91675,1.0,False,False
1992,6,1,3.0,1.79175,1.0,False,False
1992,6,2,2.333,1.249875,1.0,False,False
1992,6,3,3.0,1.416625,1.0,False,False
1992,6,4,1.667,0.958375,1.0,False,False
1992,6,5,2.333,1.541625,1.0,False,False
1992,6,6,2.0,1.20825,1.0,False,False
1992,6,7,4.667,2.1251249999999997,1.0,False,False
1992,6,8,6.0,4.833375,1.0,True,False
1992,6,9,4.667,3.04175,1.0,False,False
1992,6,10,4.667,3.2085,1.0,False,False
1992,6,11,5.667,3.54175,1.0,True,False
1992,6,12,6.333,4.124875,1.0,True,False
1992,6,13,3.333,2.625,1.0,False,False
1992,6,14,2.333,1.70825,1.0,False,False
1992,6,15,3.333,2.2085,1.0,False,False
1992,6,16,2.0,1.08325,1.0,False,False
1992,6,17,2.333,1.33325,1.0,False,False
1992,6,18,6.333,3.041375,1.0,True,False
1992,6,19,4.0,2.41675,1.0,False,False
1992,6,20,3.0,1.7915,1.0,False,False
1992,6,21,4.0,1.874875,1.0,False,False
1992,6,22,3.667,2.08325,1.0,False,False
1992,6,23,3.667,2.708125,1.0,False,False
1992,6,24,4.667,3.583375,1.0,False,False
1992,6,25,3.333,2.916625,1.0,False,False
1992,6,26,3.333,1.95825,1.0,False,False
1992,6,27,4.0,2.374875,1.0,False,False
1992,6,28,4.333,2.8751249999999997,1.0,False,False
1992,6,29,6.0,4.416625,1.0,True,False
1992,6,30,6.667,3.833375,1.0,True,False
1992,7,1,4.333,3.2915,1.0,False,False
1992,7,2,4.667,2.79175,1.0,False,False
1992,7,3,2.0,1.458375,1.0,False,False
1992,7,4,2.0,1.1248749999999998,1.0,False,False
1992,7,5,3.333,2.1248750000000003,1.0,False,False
1992,7,6,2.0,1.416625,1.0,False,False
1992,7,7,1.333,0.916625,1.0,False,False
1992,7,8,2.333,1.33325,1.0,False,False
1992,7,9,1.333,1.041625,1.0,False,False
1992,7,10,2.667,1.416625,1.0,False,False
1992,7,11,1.333,0.875125,1.0,False,False
1992,7,12,3.667,3.0001249999999997,1.0,False,False
1992,7,13,4.333,3.666625,1.0,False,False
1992,7,14,3.333,2.66675,1.0,False,False
1992,7,15,2.667,1.541625,1.0,False,False
1992,7,16,3.333,2.45825,1.0,False,False
1992,7,17,2.667,1.291625,1.0,False,False
1992,7,18,1.667,1.208375,1.0,False,False
1992,7,19,1.667,0.958375,1.0,False,False
1992,7,20,3.0,1.91675,1.0,False,False
1992,7,21,3.667,2.250125,1.0,False,False
1992,7,22,5.667,4.125,1.0,True,False
1992,7,23,4.0,3.04175,1.0,False,False
1992,7,24,2.333,1.8333750000000002,1.0,False,False
1992,7,25,3.667,2.25,1.0,False,False
1992,7,26,1.333,1.0,1.0,False,False
1992,7,27,3.667,1.583375,1.0,False,False
1992,7,28,5.0,3.0,1.0,True,False
1992,7,29,1.333,1.208125,1.0,False,False
1992,7,30,3.0,2.208375,1.0,False,False
1992,7,31,3.667,2.291625,1.0,False,False
1992,8,1,3.333,2.083375,1.0,False,False
1992,8,2,1.667,1.208375,1.0,False,False
1992,8,3,1.667,1.04175,1.0,False,False
1992,8,4,4.667,2.58325,1.0,False,False
1992,8,5,5.667,4.083375,1.0,True,False
1992,8,6,4.0,2.9585,1.0,False,False
1992,8,7,5.333,3.6248750000000003,1.0,True,False
1992,8,8,3.667,3.125,1.0,False,False
1992,8,9,3.333,2.541625,1.0,False,False
1992,8,10,2.333,1.8331250000000001,1.0,False,False
1992,8,11,3.667,2.7915,1.0,False,False
1992,8,12,2.333,1.5415,1.0,False,False
1992,8,13,4.333,1.999875,1.0,False,False
1992,8,14,5.0,2.54175,1.0,True,False
1992,8,15,3.0,1.875,1.0,False,False
1992,8,16,3.0,2.04175,1.0,False,False
1992,8,17,1.667,1.0,1.0,False,False
1992,8,18,2.0,1.66675,1.0,False,False
1992,8,19,3.0,1.958375,1.0,False,False
1992,8,20,6.0,3.3751249999999997,1.0,True,False
1992,8,21,5.333,2.875,1.0,True,False
1992,8,22,6.667,4.0415,1.0,True,False
1992,8,23,8.0,4.916625,1.0,True,True
1992,8,24,3.333,2.2915,1.0,False,False
1992,8,25,2.0,1.33325,1.0,False,False
1992,8,26,3.667,2.45825,1.0,False,False
1992,8,27,4.0,2.75,1.0,False,False
1992,8,28,2.333,1.375,1.0,False,False
1992,8,29,4.667,2.75,1.0,False,False
1992,8,30,3.0,1.45825,1.0,False,False
1992,8,31,2.0,1.125125,1.0,False,False
1992,9,1,1.0,0.5,1.0,False,False
1992,9,2,5.0,3.29175,1.0,True,False
1992,9,3,5.667,4.916625,1.0,True,False
1992,9,4,6.0,4.125,1.0,True,False
1992,9,5,5.333,3.875,1.0,True,False
1992,9,6,4.333,3.08325,1.0,False,False
1992,9,7,4.333,3.58325,1.0,False,False
1992,9,8,4.667,3.208375,1.0,False,False
1992,9,9,7.333,5.958375,1.0,True,True
1992,9,10,7.0,6.125,1.0,True,True
1992,9,11,6.333,3.9998750000000003,1.0,True,False
1992,9,12,2.333,1.25,1.0,False,False
1992,9,13,2.0,1.208375,1.0,False,False
1992,9,14,2.667,1.95825,1.0,False,False
1992,9,15,3.333,2.3333749999999998,1.0,False,False
1992,9,16,3.667,2.5835,1.0,False,False
1992,9,17,7.333,6.16675,1.0,True,True
1992,9,18,5.0,4.166625,1.0,True,False
1992,9,19,3.667,2.70825,1.0,False,False
1992,9,20,2.667,2.125,1.0,False,False
1992,9,21,3.667,1.54175,1.0,False,False
1992,9,22,5.0,2.75,1.0,True,False
1992,9,23,3.333,2.083375,1.0,False,False
1992,9,24,2.333,0.7915000000000001,1.0,False,False
1992,9,25,3.333,2.41675,1.0,False,False
1992,9,26,3.333,1.749875,1.0,False,False
1992,9,27,1.667,0.9585,1.0,False,False
1992,9,28,4.667,2.54175,1.0,False,False
1992,9,29,6.667,5.29175,1.0,True,False
1992,9,30,5.667,4.29175,1.0,True,False
1992,10,1,5.333,3.74975,1.0,True,False
1992,10,2,3.667,2.16675,1.0,False,False
1992,10,3,2.333,1.45825,1.0,False,False
1992,10,4,3.667,1.54175,1.0,False,False
1992,10,5,2.0,1.33325,1.0,False,False
1992,10,6,3.667,2.083375,1.0,False,False
1992,10,7,3.0,2.041625,1.0,False,False
1992,10,8,3.333,1.70825,1.0,False,False
1992,10,9,5.333,3.6248750000000003,1.0,True,False
1992,10,10,3.333,2.166625,1.0,False,False
1992,10,11,5.0,3.41675,1.0,True,False
1992,10,12,6.333,4.0415,1.0,True,False
1992,10,13,5.667,3.33325,1.0,True,False
1992,10,14,5.667,3.625,1.0,True,False
1992,10,15,5.0,4.416625,1.0,True,False
1992,10,16,5.0,3.5,1.0,True,False
1992,10,17,3.667,3.083375,1.0,False,False
1992,10,18,4.0,2.33325,1.0,False,False
1992,10,19,4.0,3.04175,1.0,False,False
1992,10,20,4.333,2.20825,1.0,False,False
1992,10,21,2.667,1.5835,1.0,False,False
1992,10,22,3.333,2.0,1.0,False,False
1992,10,23,1.667,1.33325,1.0,False,False
1992,10,24,1.667,0.666625,1.0,False,False
1992,10,25,3.0,1.750125,1.0,False,False
1992,10,26,4.0,2.75,1.0,False,False
1992,10,27,5.0,4.083375,1.0,True,False
1992,10,28,4.333,3.2915,1.0,False,False
1992,10,29,4.667,3.958375,1.0,False,False
1992,10,30,3.667,3.04175,1.0,False,False
1992,10,31,3.0,2.291625,1.0,False,False
1992,11,1,6.0,2.375,1.0,True,False
1992,11,2,5.333,3.416625,1.0,True,False
1992,11,3,4.333,2.958375,1.0,False,False
1992,11,4,5.0,3.666625,1.0,True,False
1992,11,5,4.333,2.87475,1.0,False,False
1992,11,6,3.667,2.833375,1.0,False,False
1992,11,7,3.333,2.625,1.0,False,False
1992,11,8,3.667,2.416625,1.0,False,False
1992,11,9,6.333,4.45825,1.0,True,False
1992,11,10,3.333,2.70825,1.0,False,False
1992,11,11,4.0,3.333375,1.0,False,False
1992,11,12,4.0,3.125,1.0,False,False
1992,11,13,4.333,3.08325,1.0,False,False
1992,11,14,3.333,2.666625,1.0,False,False
1992,11,15,4.667,3.125,1.0,False,False
1992,11,16,3.667,2.291625,1.0,False,False
1992,11,17,3.333,1.999875,1.0,False,False
1992,11,18,3.0,1.583375,1.0,False,False
1992,11,19,3.0,1.66675,1.0,False,False
1992,11,20,2.333,0.958375,1.0,False,False
1992,11,21,3.667,1.416625,1.0,False,False
1992,11,22,4.0,3.0001249999999997,1.0,False,False
1992,11,23,5.667,4.041625,1.0,True,False
1992,11,24,3.333,2.5001249999999997,1.0,False,False
1992,11,25,3.667,2.6251249999999997,1.0,False,False
1992,11,26,3.667,2.208375,1.0,False,False
1992,11,27,2.333,1.374875,1.0,False,False
1992,11,28,2.333,1.624875,1.0,False,False
1992,11,29,2.333,1.33325,1.0,False,False
1992,11,30,4.667,2.291625,1.0,False,False
1992,12,1,4.0,3.166625,1.0,False,False
1992,12,2,3.333,2.125,1.0,False,False
1992,12,3,3.667,2.958375,1.0,False,False
1992,12,4,4.0,2.91675,1.0,False,False
1992,12,5,3.667,1.541625,1.0,False,False
1992,12,6,3.0,1.125125,1.0,False,False
1992,12,7,5.0,2.458125,1.0,True,False
1992,12,8,4.667,3.916875,1.0,False,False
1992,12,9,4.333,3.291625,1.0,False,False
1992,12,10,4.667,3.041625,1.0,False,False
1992,12,11,3.333,2.2916250000000002,1.0,False,False
1992,12,12,3.0,1.958375,1.0,False,False
1992,12,13,3.0,2.04175,1.0,False,False
1992,12,14,3.333,2.20825,1.0,False,False
1992,12,15,4.0,2.833375,1.0,False,False
1992,12,16,3.0,1.583375,1.0,False,False
1992,12,17,5.667,3.166625,1.0,True,False
1992,12,18,3.333,2.0415,1.0,False,False
1992,12,19,4.0,2.2085,1.0,False,False
1992,12,20,3.667,2.7501249999999997,1.0,False,False
1992,12,21,4.0,2.7498750000000003,1.0,False,False
1992,12,22,2.333,1.9581250000000001,1.0,False,False
1992,12,23,3.0,2.0,1.0,False,False
1992,12,24,3.333,2.0415,1.0,False,False
1992,12,25,2.0,1.20825,1.0,False,False
1992,12,26,1.333,1.1665,1.0,False,False
1992,12,27,4.667,1.25,1.0,False,False
1992,12,28,6.333,4.041625,1.0,True,False
1992,12,29,5.667,4.583375,1.0,True,False
1992,12,30,3.0,2.291625,1.0,False,False
1992,12,31,3.333,2.374875,1.0,False,False
1993,1,1,3.333,2.416625,1.0,False,False
1993,1,2,4.667,3.791625,1.0,False,False
1993,1,3,5.333,4.249875,1.0,True,False
1993,1,4,5.333,4.166625,1.0,True,False
1993,1,5,3.667,3.166625,1.0,False,False
1993,1,6,3.667,3.125,1.0,False,False
1993,1,7,4.667,3.5835,1.0,False,False
1993,1,8,3.667,2.91675,1.0,False,False
1993,1,9,4.0,3.041625,1.0,False,False
1993,1,10,6.0,3.291625,1.0,True,False
1993,1,11,5.333,3.2498750000000003,1.0,True,False
1993,1,12,4.0,2.58325,1.0,False,False
1993,1,13,4.667,2.416625,1.0,False,False
1993,1,14,4.667,3.583375,1.0,False,False
1993,1,15,3.667,2.833375,1.0,False,False
1993,1,16,3.667,2.41675,1.0,False,False
1993,1,17,4.0,2.583375,1.0,False,False
1993,1,18,4.0,2.41675,1.0,False,False
1993,1,19,4.667,3.5001249999999997,1.0,False,False
1993,1,20,3.667,2.54175,1.0,False,False
1993,1,21,3.333,1.625,1.0,False,False
1993,1,22,3.0,1.583375,1.0,False,False
1993,1,23,2.333,0.916625,1.0,False,False
1993,1,24,3.333,2.24975,1.0,False,False
1993,1,25,5.333,3.125,1.0,True,False
1993,1,26,5.0,3.4998750000000003,1.0,True,False
1993,1,27,3.0,2.541625,1.0,False,False
1993,1,28,3.333,1.625,1.0,False,False
1993,1,29,2.333,1.249875,1.0,False,False
1993,1,30,3.667,2.6665,1.0,False,False
1993,1,31,6.0,5.333375,1.0,True,False
1993,2,1,5.0,4.125,1.0,True,False
1993,2,2,4.667,3.3751249999999997,1.0,False,False
1993,2,3,3.667,2.041625,1.0,False,False
1993,2,4,3.0,1.83325,1.0,False,False
1993,2,5,2.333,1.541625,1.0,False,False
1993,2,6,2.333,1.33325,1.0,False,False
1993,2,7,5.333,3.70825,1.0,True,False
1993,2,8,5.333,4.624875,1.0,True,False
1993,2,9,4.667,4.0,1.0,False,False
1993,2,10,5.0,2.958125,1.0,True,False
1993,2,11,4.667,3.416625,1.0,False,False
1993,2,12,3.667,2.458375,1.0,False,False
1993,2,13,4.0,2.5001249999999997,1.0,False,False
1993,2,14,3.0,1.583375,1.0,False,False
1993,2,15,2.0,1.125125,1.0,False,False
1993,2,16,2.333,1.41675,1.0,False,False
1993,2,17,6.667,3.79175,1.0,True,False
1993,2,18,3.667,2.54175,1.0,False,False
1993,2,19,3.0,1.708375,1.0,False,False
1993,2,20,5.0,3.79175,1.0,True,False
1993,2,21,5.0,3.833375,1.0,True,False
1993,2,22,6.0,4.0,1.0,True,False
1993,2,23,3.0,2.04175,1.0,False,False
1993,2,24,2.667,1.625,1.0,False,False
1993,2,25,2.667,1.583375,1.0,False,False
1993,2,26,2.0,1.333375,1.0,False,False
1993,2,27,3.0,0.9585,1.0,False,False
1993,2,28,4.333,3.2083749999999998,1.0,False,False
1993,3,1,4.667,3.16675,1.0,False,False
1993,3,2,4.667,3.625,1.0,False,False
1993,3,3,5.667,4.375,1.0,True,False
1993,3,4,5.667,3.16675,1.0,True,False
1993,3,5,3.333,1.7083750000000002,1.0,False,False
1993,3,6,3.0,1.958375,1.0,False,False
1993,3,7,5.0,3.333375,1.0,True,False
1993,3,8,6.333,3.7498750000000003,1.0,True,False
1993,3,9,6.667,5.29175,1.0,True,False
1993,3,10,5.0,2.58325,1.0,True,False
1993,3,11,6.667,4.4585,1.0,True,False
1993,3,12,5.667,3.79175,1.0,True,False
1993,3,13,5.0,4.04175,1.0,True,False
1993,3,14,4.333,3.625,1.0,False,False
1993,3,15,5.667,4.83325,1.0,True,False
1993,3,16,5.667,4.375,1.0,True,False
1993,3,17,4.667,3.583375,1.0,False,False
1993,3,18,5.0,3.083375,1.0,True,False
1993,3,19,4.0,2.333375,1.0,False,False
1993,3,20,4.667,3.41675,1.0,False,False
1993,3,21,5.333,3.9998750000000003,1.0,True,False
1993,3,22,4.333,3.8748750000000003,1.0,False,False
1993,3,23,4.333,2.41675,1.0,False,False
1993,3,24,7.333,4.999875,1.0,True,True
1993,3,25,3.667,3.0,1.0,False,False
1993,3,26,3.0,1.874875,1.0,False,False
1993,3,27,3.667,2.58325,1.0,False,False
1993,3,28,4.667,3.04175,1.0,False,False
1993,3,29,5.0,2.583375,1.0,True,False
1993,3,30,4.667,3.2498750000000003,1.0,False,False
1993,3,31,4.0,2.16675,1.0,False,False
1993,4,1,2.667,2.083375,1.0,False,False
1993,4,2,1.667,1.125,1.0,False,False
1993,4,3,1.667,0.958375,1.0,False,False
1993,4,4,7.667,3.91675,1.0,True,True
1993,4,5,7.333,5.916625,1.0,True,True
1993,4,6,4.667,2.75,1.0,False,False
1993,4,7,4.0,2.541625,1.0,False,False
1993,4,8,5.0,3.7498750000000003,1.0,True,False
1993,4,9,5.667,3.583375,1.0,True,False
1993,4,10,4.333,3.25,1.0,False,False
1993,4,11,2.667,2.041875,1.0,False,False
1993,4,12,5.333,2.41675,1.0,True,False
1993,4,13,5.667,3.958375,1.0,True,False
1993,4,14,4.333,3.375,1.0,False,False
1993,4,15,5.333,3.75,1.0,True,False
1993,4,16,4.667,2.958375,1.0,False,False
1993,4,17,3.667,2.3335,1.0,False,False
1993,4,18,4.333,3.33325,1.0,False,False
1993,4,19,3.0,2.208375,1.0,False,False
1993,4,20,5.0,3.583375,1.0,True,False
1993,4,21,5.667,4.25,1.0,True,False
1993,4,22,5.0,3.333375,1.0,True,False
1993,4,23,4.0,2.4165,1.0,False,False
1993,4,24,3.0,2.2083749999999998,1.0,False,False
1993,4,25,3.333,2.33325,1.0,False,False
1993,4,26,2.0,1.25,1.0,False,False
1993,4,27,1.667,1.000125,1.0,False,False
1993,4,28,1.667,1.250125,1.0,False,False
1993,4,29,4.0,2.2501249999999997,1.0,False,False
1993,4,30,4.333,2.666625,1.0,False,False
1993,5,1,3.333,1.5831250000000001,1.0,False,False
1993,5,2,2.667,1.4165,1.0,False,False
1993,5,3,3.0,1.874875,1.0,False,False
1993,5,4,2.333,1.166625,1.0,False,False
1993,5,5,3.0,1.375,1.0,False,False
1993,5,6,3.0,2.291625,1.0,False,False
1993,5,7,5.0,2.916625,1.0,True,False
1993,5,8,5.667,4.625249999999999,1.0,True,False
1993,5,9,6.0,4.9165,1.0,True,False
1993,5,10,6.333,4.708375,1.0,True,False
1993,5,11,1.667,1.16675,1.0,False,False
1993,5,12,4.0,3.04175,1.0,False,False
1993,5,13,4.0,1.958375,1.0,False,False
1993,5,14,4.667,2.66675,1.0,False,False
1993,5,15,4.333,2.70825,1.0,False,False
1993,5,16,4.333,2.41675,1.0,False,False
1993,5,17,5.0,3.041625,1.0,True,False
1993,5,18,3.667,1.66675,1.0,False,False
1993,5,19,3.333,2.41675,1.0,False,False
1993,5,20,3.333,1.749875,1.0,False,False
1993,5,21,1.0,0.625,1.0,False,False
1993,5,22,1.333,0.999875,1.0,False,False
1993,5,23,1.333,0.458125,1.0,False,False
1993,5,24,1.333,0.6248750000000001,1.0,False,False
1993,5,25,0.667,0.33325000000000005,1.0,False,False
1993,5,26,2.333,0.9167500000000001,1.0,False,False
1993,5,27,4.0,3.208125,1.0,False,False
1993,5,28,4.333,3.666625,1.0,False,False
1993,5,29,3.667,2.16675,1.0,False,False
1993,5,30,2.0,1.0,1.0,False,False
1993,5,31,2.333,1.208375,1.0,False,False
1993,6,1,2.0,0.9585,1.0,False,False
1993,6,2,2.667,1.458375,1.0,False,False
1993,6,3,3.667,2.875,1.0,False,False
1993,6,4,6.0,5.125125,1.0,True,False
1993,6,5,5.667,4.375,1.0,True,False
1993,6,6,4.0,3.291625,1.0,False,False
1993,6,7,4.333,3.49975,1.0,False,False
1993,6,8,3.667,2.750125,1.0,False,False
1993,6,9,2.333,1.541375,1.0,False,False
1993,6,10,7.0,2.583375,1.0,True,True
1993,6,11,4.0,2.125125,1.0,False,False
1993,6,12,4.0,2.58325,1.0,False,False
1993,6,13,3.667,2.66675,1.0,False,False
1993,6,14,3.333,1.958375,1.0,False,False
1993,6,15,2.333,1.375,1.0,False,False
1993,6,16,1.333,0.70825,1.0,False,False
1993,6,17,2.0,1.16675,1.0,False,False
1993,6,18,2.0,0.66675,1.0,False,False
1993,6,19,1.667,1.375125,1.0,False,False
1993,6,20,2.333,1.25,1.0,False,False
1993,6,21,0.667,0.29150000000000004,1.0,False,False
1993,6,22,2.667,1.29175,1.0,False,False
1993,6,23,5.333,2.875,1.0,True,False
1993,6,24,4.667,3.833125,1.0,False,False
1993,6,25,4.333,3.166625,1.0,False,False
1993,6,26,2.667,1.875,1.0,False,False
1993,6,27,2.333,1.5415,1.0,False,False
1993,6,28,1.667,1.04175,1.0,False,False
1993,6,29,3.333,2.291625,1.0,False,False
1993,6,30,3.333,2.33325,1.0,False,False
1993,7,1,4.333,3.58325,1.0,False,False
1993,7,2,6.0,3.833375,1.0,True,False
1993,7,3,5.333,3.25,1.0,True,False
1993,7,4,3.0,1.958375,1.0,False,False
1993,7,5,2.667,1.125125,1.0,False,False
1993,7,6,2.667,1.125125,1.0,False,False
1993,7,7,3.0,1.874875,1.0,False,False
1993,7,8,3.667,2.916625,1.0,False,False
1993,7,9,4.333,2.83325,1.0,False,False
1993,7,10,3.333,2.58325,1.0,False,False
1993,7,11,5.0,3.124875,1.0,True,False
1993,7,12,2.667,2.041625,1.0,False,False
1993,7,13,3.0,2.29175,1.0,False,False
1993,7,14,0.667,0.6252500000000001,1.0,False,False
1993,7,15,2.0,1.3751250000000002,1.0,False,False
1993,7,16,1.667,0.833375,1.0,False,False
1993,7,17,1.0,0.7085,1.0,False,False
1993,7,18,2.0,1.25,1.0,False,False
1993,7,19,2.0,1.416625,1.0,False,False
1993,7,20,4.333,2.875,1.0,False,False
1993,7,21,3.667,2.8335,1.0,False,False
1993,7,22,2.667,2.3751249999999997,1.0,False,False
1993,7,23,2.333,1.45825,1.0,False,False
1993,7,24,2.0,1.041625,1.0,False,False
1993,7,25,2.667,1.166875,1.0,False,False
1993,7,26,1.667,0.875,1.0,False,False
1993,7,27,3.333,2.083375,1.0,False,False
1993,7,28,2.333,1.624875,1.0,False,False
1993,7,29,5.0,2.833375,1.0,True,False
1993,7,30,3.0,1.5415,1.0,False,False
1993,7,31,2.333,1.541625,1.0,False,False
1993,8,1,1.333,0.6665,1.0,False,False
1993,8,2,1.333,0.7498750000000001,1.0,False,False
1993,8,3,2.333,1.541625,1.0,False,False
1993,8,4,5.333,3.3748750000000003,1.0,True,False
1993,8,5,5.0,2.91675,1.0,True,False
1993,8,6,4.0,2.66675,1.0,False,False
1993,8,7,4.0,2.916875,1.0,False,False
1993,8,8,3.0,1.79175,1.0,False,False
1993,8,9,3.333,2.45825,1.0,False,False
1993,8,10,3.0,1.66675,1.0,False,False
1993,8,11,1.667,1.000125,1.0,False,False
1993,8,12,2.333,1.58325,1.0,False,False
1993,8,13,1.667,1.166625,1.0,False,False
1993,8,14,0.667,0.33325000000000005,1.0,False,False
1993,8,15,5.0,2.125,1.0,True,False
1993,8,16,7.0,5.874875,1.0,True,True
1993,8,17,6.667,3.041625,1.0,True,False
1993,8,18,3.667,3.25,1.0,False,False
1993,8,19,3.333,2.58325,1.0,False,False
1993,8,20,2.667,1.66675,1.0,False,False
1993,8,21,1.667,1.16675,1.0,False,False
1993,8,22,2.333,1.499875,1.0,False,False
1993,8,23,2.0,0.75,1.0,False,False
1993,8,24,2.0,1.125125,1.0,False,False
1993,8,25,1.667,0.833375,1.0,False,False
1993,8,26,2.0,1.541625,1.0,False,False
1993,8,27,6.0,3.29175,1.0,True,False
1993,8,28,3.0,2.45825,1.0,False,False
1993,8,29,3.0,2.2501249999999997,1.0,False,False
1993,8,30,1.667,1.0,1.0,False,False
1993,8,31,2.0,1.291625,1.0,False,False
1993,9,1,1.0,0.5415,1.0,False,False
1993,9,2,2.333,1.4167500000000002,1.0,False,False
1993,9,3,5.667,4.166625,1.0,True,False
1993,9,4,4.667,3.70825,1.0,False,False
1993,9,5,4.333,2.625,1.0,False,False
1993,9,6,3.0,2.5835,1.0,False,False
1993,9,7,3.0,1.875,1.0,False,False
1993,9,8,3.667,1.83325,1.0,False,False
1993,9,9,1.667,1.208125,1.0,False,False
1993,9,10,1.667,1.125,1.0,False,False
1993,9,11,2.333,1.5833750000000002,1.0,False,False
1993,9,12,5.667,2.458125,1.0,True,False
1993,9,13,7.667,6.041625,1.0,True,True
1993,9,14,5.0,3.95825,1.0,True,False
1993,9,15,4.0,3.0001249999999997,1.0,False,False
1993,9,16,2.333,1.541625,1.0,False,False
1993,9,17,2.0,1.16675,1.0,False,False
1993,9,18,1.667,1.00025,1.0,False,False
1993,9,19,2.0,1.083375,1.0,False,False
1993,9,20,5.0,3.04175,1.0,True,False
1993,9,21,5.333,2.29175,1.0,True,False
1993,9,22,2.667,1.5418749999999999,1.0,False,False
1993,9,23,5.0,1.83325,1.0,True,False
1993,9,24,4.0,3.16675,1.0,False,False
1993,9,25,3.0,2.4585,1.0,False,False
1993,9,26,3.333,2.24975,1.0,False,False
1993,9,27,3.333,2.2085,1.0,False,False
1993,9,28,3.0,1.79175,1.0,False,False
1993,9,29,5.0,3.458375,1.0,True,False
1993,9,30,5.0,2.83325,1.0,True,False
1993,10,1,5.0,3.70825,1.0,True,False
1993,10,2,2.667,1.708375,1.0,False,False
1993,10,3,2.667,1.16675,1.0,False,False
1993,10,4,3.333,1.4165,1.0,False,False
1993,10,5,2.333,1.291625,1.0,False,False
1993,10,6,4.0,2.29175,1.0,False,False
1993,10,7,1.667,0.791625,1.0,False,False
1993,10,8,4.667,2.8748750000000003,1.0,False,False
1993,10,9,6.667,4.70825,1.0,True,False
1993,10,10,5.0,4.166625,1.0,True,False
1993,10,11,5.333,3.9165,1.0,True,False
1993,10,12,4.0,3.208375,1.0,False,False
1993,10,13,4.0,2.41675,1.0,False,False
1993,10,14,3.333,1.875,1.0,False,False
1993,10,15,1.333,0.791625,1.0,False,False
1993,10,16,2.0,1.374875,1.0,False,False
1993,10,17,3.333,1.875,1.0,False,False
1993,10,18,3.333,1.625,1.0,False,False
1993,10,19,3.0,2.04175,1.0,False,False
1993,10,20,2.0,1.125,1.0,False,False
1993,10,21,2.333,1.41675,1.0,False,False
1993,10,22,4.0,2.958375,1.0,False,False
1993,10,23,4.0,2.58325,1.0,False,False
1993,10,24,4.333,2.208375,1.0,False,False
1993,10,25,6.333,3.91675,1.0,True,False
1993,10,26,4.667,2.79175,1.0,False,False
1993,10,27,5.0,4.583375,1.0,True,False
1993,10,28,5.0,3.3751249999999997,1.0,True,False
1993,10,29,4.0,2.375,1.0,False,False
1993,10,30,2.0,0.791875,1.0,False,False
1993,10,31,3.0,1.791625,1.0,False,False
1993,11,1,3.0,2.541625,1.0,False,False
1993,11,2,2.333,1.04175,1.0,False,False
1993,11,3,6.0,1.83325,1.0,True,False
1993,11,4,6.667,5.875,1.0,True,False
1993,11,5,5.333,4.333125,1.0,True,False
1993,11,6,4.333,3.875,1.0,False,False
1993,11,7,4.333,3.66675,1.0,False,False
1993,11,8,4.333,3.166625,1.0,False,False
1993,11,9,3.333,2.541625,1.0,False,False
1993,11,10,3.0,2.5001249999999997,1.0,False,False
1993,11,11,3.333,1.5001250000000002,1.0,False,False
1993,11,12,1.667,0.8335,1.0,False,False
1993,11,13,2.667,1.875125,1.0,False,False
1993,11,14,4.333,2.791625,1.0,False,False
1993,11,15,4.333,2.45825,1.0,False,False
1993,11,16,3.0,2.45825,1.0,False,False
1993,11,17,3.333,1.2498749999999998,1.0,False,False
1993,11,18,6.0,3.33325,1.0,True,False
1993,11,19,6.0,3.9585,1.0,True,False
1993,11,20,3.333,2.1248750000000003,1.0,False,False
1993,11,21,3.0,1.9165,1.0,False,False
1993,11,22,2.667,1.3335,1.0,False,False
1993,11,23,2.333,1.83325,1.0,False,False
1993,11,24,2.333,1.250125,1.0,False,False
1993,11,25,2.667,1.625,1.0,False,False
1993,11,26,4.667,3.041625,1.0,False,False
1993,11,27,2.667,1.5835,1.0,False,False
1993,11,28,2.0,1.125,1.0,False,False
1993,11,29,4.0,2.4998750000000003,1.0,False,False
1993,11,30,2.333,0.9167500000000001,1.0,False,False
1993,12,1,6.0,3.66675,1.0,True,False
1993,12,2,6.667,4.875125,1.0,True,False
1993,12,3,6.333,4.166625,1.0,True,False
1993,12,4,3.333,1.875,1.0,False,False
1993,12,5,3.667,2.2498750000000003,1.0,False,False
1993,12,6,2.0,1.75,1.0,False,False
1993,12,7,5.0,2.958375,1.0,True,False
1993,12,8,6.333,4.5415,1.0,True,False
1993,12,9,1.667,0.625,1.0,False,False
1993,12,10,2.667,2.083375,1.0,False,False
1993,12,11,3.333,1.791625,1.0,False,False
1993,12,12,2.667,1.54175,1.0,False,False
1993,12,13,1.667,0.7915,1.0,False,False
1993,12,14,2.0,0.9585,1.0,False,False
1993,12,15,3.667,2.375125,1.0,False,False
1993,12,16,4.333,3.66675,1.0,False,False
1993,12,17,4.333,3.541625,1.0,False,False
1993,12,18,4.0,3.375,1.0,False,False
1993,12,19,4.0,2.583375,1.0,False,False
1993,12,20,4.0,2.75,1.0,False,False
1993,12,21,4.333,3.4165,1.0,False,False
1993,12,22,3.667,2.416625,1.0,False,False
1993,12,23,4.333,2.4165,1.0,False,False
1993,12,24,3.0,2.6251249999999997,1.0,False,False
1993,12,25,3.333,2.45825,1.0,False,False
1993,12,26,3.667,2.1248750000000003,1.0,False,False
1993,12,27,2.667,1.708375,1.0,False,False
1993,12,28,1.333,0.749875,1.0,False,False
1993,12,29,1.667,0.58325,1.0,False,False
1993,12,30,2.0,1.08325,1.0,False,False
1993,12,31,5.0,3.20825,1.0,True,False
1994,1,1,4.333,3.8748750000000003,1.0,False,False
1994,1,2,4.333,3.5,1.0,False,False
1994,1,3,3.667,2.91675,1.0,False,False
1994,1,4,3.333,1.541625,1.0,False,False
1994,1,5,2.333,1.0,1.0,False,False
1994,1,6,3.333,2.6248750000000003,1.0,False,False
1994,1,7,2.333,1.20825,1.0,False,False
1994,1,8,2.667,1.6665,1.0,False,False
1994,1,9,1.333,0.708375,1.0,False,False
1994,1,10,1.0,0.416625,1.0,False,False
1994,1,11,5.333,3.291625,1.0,True,False
1994,1,12,4.667,4.0835,1.0,False,False
1994,1,13,4.667,3.8748750000000003,1.0,False,False
1994,1,14,5.0,3.833375,1.0,True,False
1994,1,15,4.667,3.3335,1.0,False,False
1994,1,16,3.667,3.41675,1.0,False,False
1994,1,17,5.0,3.916625,1.0,True,False
1994,1,18,5.0,3.70825,1.0,True,False
1994,1,19,4.667,3.7501249999999997,1.0,False,False
1994,1,20,3.667,2.916625,1.0,False,False
1994,1,21,3.333,2.1248750000000003,1.0,False,False
1994,1,22,4.0,1.95825,1.0,False,False
1994,1,23,2.333,1.791625,1.0,False,False
1994,1,24,2.333,0.8748750000000001,1.0,False,False
1994,1,25,2.333,1.2915,1.0,False,False
1994,1,26,4.667,3.583375,1.0,False,False
1994,1,27,3.667,3.4585,1.0,False,False
1994,1,28,4.333,2.916625,1.0,False,False
1994,1,29,3.333,2.416625,1.0,False,False
1994,1,30,3.667,2.375,1.0,False,False
1994,1,31,3.333,2.125,1.0,False,False
1994,2,1,2.333,1.333375,1.0,False,False
1994,2,2,4.333,2.49975,1.0,False,False
1994,2,3,3.333,2.3748750000000003,1.0,False,False
1994,2,4,4.333,2.625,1.0,False,False
1994,2,5,5.667,4.0835,1.0,True,False
1994,2,6,6.333,5.416625,1.0,True,False
1994,2,7,6.333,5.416625,1.0,True,False
1994,2,8,6.333,5.541625,1.0,True,False
1994,2,9,5.333,4.45825,1.0,True,False
1994,2,10,5.333,4.666625,1.0,True,False
1994,2,11,5.667,5.041625,1.0,True,False
1994,2,12,4.667,4.375125,1.0,False,False
1994,2,13,6.333,4.458375,1.0,True,False
1994,2,14,6.0,4.45825,1.0,True,False
1994,2,15,4.667,3.8748750000000003,1.0,False,False
1994,2,16,5.0,3.625,1.0,True,False
1994,2,17,2.667,2.541875,1.0,False,False
1994,2,18,3.0,1.541625,1.0,False,False
1994,2,19,4.333,3.83325,1.0,False,False
1994,2,20,4.667,3.0,1.0,False,False
1994,2,21,7.667,5.5,1.0,True,True
1994,2,22,7.667,4.75,1.0,True,True
1994,2,23,3.333,2.583375,1.0,False,False
1994,2,24,1.667,1.25,1.0,False,False
1994,2,25,4.0,2.8335,1.0,False,False
1994,2,26,3.333,1.666625,1.0,False,False
1994,2,27,3.333,1.7085,1.0,False,False
1994,2,28,4.0,1.95825,1.0,False,False
1994,3,1,4.0,2.58325,1.0,False,False
1994,3,2,5.0,3.125,1.0,True,False
1994,3,3,5.333,3.333375,1.0,True,False
1994,3,4,1.667,0.9586250000000001,1.0,False,False
1994,3,5,4.333,1.5835,1.0,False,False
1994,3,6,3.667,2.333375,1.0,False,False
1994,3,7,7.0,5.375,1.0,True,True
1994,3,8,5.667,5.16675,1.0,True,False
1994,3,9,6.333,5.458375,1.0,True,False
1994,3,10,5.667,4.875,1.0,True,False
1994,3,11,5.333,4.66675,1.0,True,False
1994,3,12,5.333,4.5,1.0,True,False
1994,3,13,5.0,3.7501249999999997,1.0,True,False
1994,3,14,5.0,4.375,1.0,True,False
1994,3,15,5.667,4.833375,1.0,True,False
1994,3,16,5.0,3.7085,1.0,True,False
1994,3,17,5.333,4.416625,1.0,True,False
1994,3,18,4.667,3.29175,1.0,False,False
1994,3,19,4.333,2.9165,1.0,False,False
1994,3,20,3.667,2.66675,1.0,False,False
1994,3,21,5.0,3.916625,1.0,True,False
1994,3,22,5.0,3.25,1.0,True,False
1994,3,23,4.667,3.4585,1.0,False,False
1994,3,24,4.667,3.125,1.0,False,False
1994,3,25,4.333,3.08325,1.0,False,False
1994,3,26,3.333,2.083375,1.0,False,False
1994,3,27,4.333,2.041625,1.0,False,False
1994,3,28,3.667,2.6251249999999997,1.0,False,False
1994,3,29,2.333,1.5,1.0,False,False
1994,3,30,3.667,2.666625,1.0,False,False
1994,3,31,2.667,1.458375,1.0,False,False
1994,4,1,2.333,1.749875,1.0,False,False
1994,4,2,7.0,4.791625,1.0,True,True
1994,4,3,7.333,6.208375,1.0,True,True
1994,4,4,7.0,5.208375,1.0,True,True
1994,4,5,6.0,4.625,1.0,True,False
1994,4,6,5.333,4.999875,1.0,True,False
1994,4,7,5.333,4.708375,1.0,True,False
1994,4,8,5.333,4.666625,1.0,True,False
1994,4,9,6.0,5.083375,1.0,True,False
1994,4,10,5.0,4.583375,1.0,True,False
1994,4,11,5.667,4.83325,1.0,True,False
1994,4,12,5.0,4.083375,1.0,True,False
1994,4,13,5.333,4.1665,1.0,True,False
1994,4,14,5.333,3.833375,1.0,True,False
1994,4,15,3.667,3.3336249999999996,1.0,False,False
1994,4,16,6.0,3.8748750000000003,1.0,True,False
1994,4,17,8.333,5.541625,1.0,True,True
1994,4,18,4.333,3.49975,1.0,False,False
1994,4,19,5.0,2.833375,1.0,True,False
1994,4,20,3.0,1.91675,1.0,False,False
1994,4,21,3.0,2.08325,1.0,False,False
1994,4,22,2.667,1.83325,1.0,False,False
1994,4,23,4.333,2.16675,1.0,False,False
1994,4,24,2.667,1.833375,1.0,False,False
1994,4,25,2.667,2.000125,1.0,False,False
1994,4,26,2.0,1.29175,1.0,False,False
1994,4,27,2.0,1.166625,1.0,False,False
1994,4,28,2.0,0.9167500000000001,1.0,False,False
1994,4,29,2.333,1.20825,1.0,False,False
1994,4,30,1.0,0.45825,1.0,False,False
1994,5,1,7.0,4.041625,1.0,True,True
1994,5,2,6.667,4.666625,1.0,True,False
1994,5,3,6.333,4.666625,1.0,True,False
1994,5,4,4.667,3.833375,1.0,False,False
1994,5,5,5.667,4.625249999999999,1.0,True,False
1994,5,6,6.0,4.3335,1.0,True,False
1994,5,7,6.0,4.5,1.0,True,False
1994,5,8,5.0,4.54175,1.0,True,False
1994,5,9,4.667,3.91675,1.0,False,False
1994,5,10,5.333,4.25,1.0,True,False
1994,5,11,4.667,3.8748750000000003,1.0,False,False
1994,5,12,4.0,2.2085,1.0,False,False
1994,5,13,2.667,1.66675,1.0,False,False
1994,5,14,4.667,3.458375,1.0,False,False
1994,5,15,5.667,4.375,1.0,True,False
1994,5,16,5.0,4.04175,1.0,True,False
1994,5,17,4.0,2.95825,1.0,False,False
1994,5,18,4.0,3.2501249999999997,1.0,False,False
1994,5,19,3.333,2.250125,1.0,False,False
1994,5,20,2.333,1.54175,1.0,False,False
1994,5,21,2.333,1.2501250000000002,1.0,False,False
1994,5,22,2.667,1.583375,1.0,False,False
1994,5,23,3.0,1.875,1.0,False,False
1994,5,24,4.667,3.375,1.0,False,False
1994,5,25,4.667,3.16675,1.0,False,False
1994,5,26,3.333,2.24975,1.0,False,False
1994,5,27,2.0,1.166625,1.0,False,False
1994,5,28,7.0,3.375,1.0,True,True
1994,5,29,5.333,4.625,1.0,True,False
1994,5,30,6.0,5.08325,1.0,True,False
1994,5,31,5.0,4.000125,1.0,True,False
1994,6,1,4.333,3.70825,1.0,False,False
1994,6,2,4.333,3.7498750000000003,1.0,False,False
1994,6,3,5.0,3.6251249999999997,1.0,True,False
1994,6,4,4.333,3.33325,1.0,False,False
1994,6,5,4.333,3.5,1.0,False,False
1994,6,6,4.333,3.291625,1.0,False,False
1994,6,7,3.333,2.95825,1.0,False,False
1994,6,8,3.0,2.125,1.0,False,False
1994,6,9,3.0,2.0415,1.0,False,False
1994,6,10,4.667,3.041625,1.0,False,False
1994,6,11,4.0,2.833375,1.0,False,False
1994,6,12,4.333,3.7498750000000003,1.0,False,False
1994,6,13,3.667,2.708375,1.0,False,False
1994,6,14,3.333,2.95825,1.0,False,False
1994,6,15,2.667,1.625,1.0,False,False
1994,6,16,1.667,1.16675,1.0,False,False
1994,6,17,3.333,1.83325,1.0,False,False
1994,6,18,4.0,2.5,1.0,False,False
1994,6,19,4.667,3.1251249999999997,1.0,False,False
1994,6,20,3.667,2.875,1.0,False,False
1994,6,21,2.667,2.208375,1.0,False,False
1994,6,22,2.333,1.70825,1.0,False,False
1994,6,23,1.333,0.625,1.0,False,False
1994,6,24,1.333,0.83325,1.0,False,False
1994,6,25,1.667,0.75,1.0,False,False
1994,6,26,4.333,3.83325,1.0,False,False
1994,6,27,4.0,2.750125,1.0,False,False
1994,6,28,5.667,2.791625,1.0,True,False
1994,6,29,4.667,3.8751249999999997,1.0,False,False
1994,6,30,4.0,3.4165,1.0,False,False
1994,7,1,4.667,3.7501249999999997,1.0,False,False
1994,7,2,5.0,3.8748750000000003,1.0,True,False
1994,7,3,3.0,2.5,1.0,False,False
1994,7,4,3.0,2.333375,1.0,False,False
1994,7,5,2.333,1.16675,1.0,False,False
1994,7,6,4.333,2.25,1.0,False,False
1994,7,7,4.0,3.125,1.0,False,False
1994,7,8,1.667,1.083375,1.0,False,False
1994,7,9,3.0,1.25,1.0,False,False
1994,7,10,1.333,0.958125,1.0,False,False
1994,7,11,2.0,1.041625,1.0,False,False
1994,7,12,1.667,0.541625,1.0,False,False
1994,7,13,1.667,0.95825,1.0,False,False
1994,7,14,5.667,3.583375,1.0,True,False
1994,7,15,5.333,3.2085,1.0,True,False
1994,7,16,6.0,4.125125,1.0,True,False
1994,7,17,3.667,2.791625,1.0,False,False
1994,7,18,3.333,2.33325,1.0,False,False
1994,7,19,3.333,2.416625,1.0,False,False
1994,7,20,1.667,1.208375,1.0,False,False
1994,7,21,3.0,2.208375,1.0,False,False
1994,7,22,2.333,1.2915,1.0,False,False
1994,7,23,2.333,1.625,1.0,False,False
1994,7,24,3.0,1.70825,1.0,False,False
1994,7,25,3.0,2.33325,1.0,False,False
1994,7,26,1.333,1.041625,1.0,False,False
1994,7,27,5.0,2.2915,1.0,True,False
1994,7,28,3.667,3.166625,1.0,False,False
1994,7,29,3.0,2.54175,1.0,False,False
1994,7,30,3.667,2.2501249999999997,1.0,False,False
1994,7,31,4.0,2.083125,1.0,False,False
1994,8,1,2.667,1.583375,1.0,False,False
1994,8,2,1.667,0.833375,1.0,False,False
1994,8,3,1.333,1.08325,1.0,False,False
1994,8,4,1.0,0.58325,1.0,False,False
1994,8,5,2.0,1.20825,1.0,False,False
1994,8,6,1.667,1.04175,1.0,False,False
1994,8,7,1.667,0.875,1.0,False,False
1994,8,8,1.0,0.416625,1.0,False,False
1994,8,9,2.333,1.083375,1.0,False,False
1994,8,10,3.667,2.458375,1.0,False,False
1994,8,11,3.333,2.916625,1.0,False,False
1994,8,12,4.333,3.2501249999999997,1.0,False,False
1994,8,13,4.667,3.916625,1.0,False,False
1994,8,14,5.0,3.791625,1.0,True,False
1994,8,15,4.0,2.70825,1.0,False,False
1994,8,16,3.0,2.08325,1.0,False,False
1994,8,17,2.667,1.750125,1.0,False,False
1994,8,18,2.333,1.583375,1.0,False,False
1994,8,19,1.667,1.250125,1.0,False,False
1994,8,20,2.333,1.791625,1.0,False,False
1994,8,21,3.0,1.583375,1.0,False,False
1994,8,22,4.333,2.1248750000000003,1.0,False,False
1994,8,23,2.667,1.375,1.0,False,False
1994,8,24,2.333,1.5,1.0,False,False
1994,8,25,3.0,2.33325,1.0,False,False
1994,8,26,2.667,1.500125,1.0,False,False
1994,8,27,3.333,2.20825,1.0,False,False
1994,8,28,3.333,1.583375,1.0,False,False
1994,8,29,2.0,1.20825,1.0,False,False
1994,8,30,1.333,1.0,1.0,False,False
1994,8,31,2.667,1.416625,1.0,False,False
1994,9,1,4.0,2.29175,1.0,False,False
1994,9,2,3.0,1.16675,1.0,False,False
1994,9,3,2.0,1.54175,1.0,False,False
1994,9,4,2.0,1.041625,1.0,False,False
1994,9,5,3.0,2.125125,1.0,False,False
1994,9,6,4.667,2.70825,1.0,False,False
1994,9,7,6.0,4.375,1.0,True,False
1994,9,8,5.0,3.91675,1.0,True,False
1994,9,9,5.333,4.41675,1.0,True,False
1994,9,10,4.333,3.125,1.0,False,False
1994,9,11,4.0,2.958375,1.0,False,False
1994,9,12,3.667,2.45825,1.0,False,False
1994,9,13,4.0,2.333375,1.0,False,False
1994,9,14,3.333,1.708375,1.0,False,False
1994,9,15,2.667,1.750125,1.0,False,False
1994,9,16,3.0,2.3751249999999997,1.0,False,False
1994,9,17,2.667,2.208375,1.0,False,False
1994,9,18,2.333,1.541625,1.0,False,False
1994,9,19,3.333,1.458375,1.0,False,False
1994,9,20,2.0,1.41675,1.0,False,False
1994,9,21,2.667,1.66675,1.0,False,False
1994,9,22,3.0,1.29175,1.0,False,False
1994,9,23,2.0,1.041625,1.0,False,False
1994,9,24,3.0,1.5,1.0,False,False
1994,9,25,5.333,2.416375,1.0,True,False
1994,9,26,4.667,3.250125,1.0,False,False
1994,9,27,4.0,3.20825,1.0,False,False
1994,9,28,4.333,2.625,1.0,False,False
1994,9,29,2.667,1.666625,1.0,False,False
1994,9,30,1.667,1.083375,1.0,False,False
1994,10,1,1.667,0.958375,1.0,False,False
1994,10,2,5.333,2.291625,1.0,True,False
1994,10,3,7.0,6.000125,1.0,True,True
1994,10,4,4.667,4.250125,1.0,False,False
1994,10,5,5.333,4.666625,1.0,True,False
1994,10,6,5.0,4.375125,1.0,True,False
1994,10,7,5.333,4.66675,1.0,True,False
1994,10,8,4.0,3.2501249999999997,1.0,False,False
1994,10,9,3.667,2.541625,1.0,False,False
1994,10,10,4.333,3.208375,1.0,False,False
1994,10,11,4.333,3.416625,1.0,False,False
1994,10,12,4.0,2.91675,1.0,False,False
1994,10,13,3.333,2.7501249999999997,1.0,False,False
1994,10,14,3.333,2.25,1.0,False,False
1994,10,15,4.0,2.541625,1.0,False,False
1994,10,16,2.0,1.416625,1.0,False,False
1994,10,17,2.0,1.208125,1.0,False,False
1994,10,18,2.667,1.1665,1.0,False,False
1994,10,19,3.333,1.708375,1.0,False,False
1994,10,20,3.333,1.958375,1.0,False,False
1994,10,21,1.667,0.750125,1.0,False,False
1994,10,22,6.333,3.0835,1.0,True,False
1994,10,23,6.333,5.08325,1.0,True,False
1994,10,24,5.333,4.250125,1.0,True,False
1994,10,25,4.667,2.166875,1.0,False,False
1994,10,26,3.333,2.0,1.0,False,False
1994,10,27,1.667,1.166875,1.0,False,False
1994,10,28,2.0,1.166625,1.0,False,False
1994,10,29,7.0,4.625,1.0,True,True
1994,10,30,6.667,5.08325,1.0,True,False
1994,10,31,5.667,4.4585,1.0,True,False
1994,11,1,4.333,3.208375,1.0,False,False
1994,11,2,4.0,3.33325,1.0,False,False
1994,11,3,3.667,2.75,1.0,False,False
1994,11,4,5.333,3.4998750000000003,1.0,True,False
1994,11,5,4.667,3.166875,1.0,False,False
1994,11,6,5.667,4.54175,1.0,True,False
1994,11,7,3.0,2.083375,1.0,False,False
1994,11,8,2.667,1.250125,1.0,False,False
1994,11,9,4.333,3.0,1.0,False,False
1994,11,10,4.667,3.08325,1.0,False,False
1994,11,11,2.667,1.958375,1.0,False,False
1994,11,12,2.0,1.291625,1.0,False,False
1994,11,13,2.333,1.625,1.0,False,False
1994,11,14,3.333,2.20825,1.0,False,False
1994,11,15,3.333,2.375,1.0,False,False
1994,11,16,2.667,1.333375,1.0,False,False
1994,11,17,3.0,1.54175,1.0,False,False
1994,11,18,2.333,1.54175,1.0,False,False
1994,11,19,4.667,3.541625,1.0,False,False
1994,11,20,5.0,3.541625,1.0,True,False
1994,11,21,2.667,1.708375,1.0,False,False
1994,11,22,2.333,1.583375,1.0,False,False
1994,11,23,1.667,0.958375,1.0,False,False
1994,11,24,2.0,1.166875,1.0,False,False
1994,11,25,1.333,0.70825,1.0,False,False
1994,11,26,6.333,3.83325,1.0,True,False
1994,11,27,4.667,3.958375,1.0,False,False
1994,11,28,3.667,2.7083749999999998,1.0,False,False
1994,11,29,2.667,2.16675,1.0,False,False
1994,11,30,4.667,3.458375,1.0,False,False
1994,12,1,4.0,3.208375,1.0,False,False
1994,12,2,4.667,3.7501249999999997,1.0,False,False
1994,12,3,4.667,2.7915,1.0,False,False
1994,12,4,2.667,1.5835,1.0,False,False
1994,12,5,2.667,1.916625,1.0,False,False
1994,12,6,5.333,3.83325,1.0,True,False
1994,12,7,4.0,3.166625,1.0,False,False
1994,12,8,3.333,2.91675,1.0,False,False
1994,12,9,3.333,2.4165,1.0,False,False
1994,12,10,3.333,2.250125,1.0,False,False
1994,12,11,4.0,2.333375,1.0,False,False
1994,12,12,3.667,3.0001249999999997,1.0,False,False
1994,12,13,4.0,3.000125,1.0,False,False
1994,12,14,3.0,1.833375,1.0,False,False
1994,12,15,4.667,3.458375,1.0,False,False
1994,12,16,4.0,3.04175,1.0,False,False
1994,12,17,2.667,1.958375,1.0,False,False
1994,12,18,2.333,1.7085,1.0,False,False
1994,12,19,3.333,1.541625,1.0,False,False
1994,12,20,3.0,2.45825,1.0,False,False
1994,12,21,2.333,1.58325,1.0,False,False
1994,12,22,2.667,0.874875,1.0,False,False
1994,12,23,3.0,2.166625,1.0,False,False
1994,12,24,4.667,4.41675,1.0,False,False
1994,12,25,4.333,3.2498750000000003,1.0,False,False
1994,12,26,4.0,3.2085,1.0,False,False
1994,12,27,4.667,2.583375,1.0,False,False
1994,12,28,3.333,2.083375,1.0,False,False
1994,12,29,4.0,2.7083749999999998,1.0,False,False
1994,12,30,3.333,1.749875,1.0,False,False
1994,12,31,2.0,1.25,1.0,False,False
1995,1,1,2.667,0.958375,1.0,False,False
1995,1,2,4.667,3.041625,1.0,False,False
1995,1,3,5.333,4.166625,1.0,True,False
1995,1,4,4.0,3.29175,1.0,False,False
1995,1,5,4.0,3.666625,1.0,False,False
1995,1,6,4.333,3.083375,1.0,False,False
1995,1,7,3.0,2.625,1.0,False,False
1995,1,8,3.333,1.9165,1.0,False,False
1995,1,9,3.333,1.666625,1.0,False,False
1995,1,10,3.333,1.79175,1.0,False,False
1995,1,11,4.333,3.083125,1.0,False,False
1995,1,12,2.667,1.291875,1.0,False,False
1995,1,13,3.333,1.9165,1.0,False,False
1995,1,14,2.0,1.125,1.0,False,False
1995,1,15,1.667,0.8752500000000001,1.0,False,False
1995,1,16,4.333,3.041625,1.0,False,False
1995,1,17,6.333,4.25,1.0,True,False
1995,1,18,6.333,3.875,1.0,True,False
1995,1,19,2.0,1.208375,1.0,False,False
1995,1,20,3.333,1.375,1.0,False,False
1995,1,21,3.0,1.91675,1.0,False,False
1995,1,22,3.0,1.9165,1.0,False,False
1995,1,23,3.333,1.5415,1.0,False,False
1995,1,24,1.667,0.95825,1.0,False,False
1995,1,25,2.333,1.416625,1.0,False,False
1995,1,26,1.333,0.7915,1.0,False,False
1995,1,27,1.667,0.875,1.0,False,False
1995,1,28,1.0,0.791625,1.0,False,False
1995,1,29,6.333,4.0,1.0,True,False
1995,1,30,5.333,4.583375,1.0,True,False
1995,1,31,5.333,3.916625,1.0,True,False
1995,2,1,3.333,2.95825,1.0,False,False
1995,2,2,4.667,3.91675,1.0,False,False
1995,2,3,4.333,3.791625,1.0,False,False
1995,2,4,5.333,3.54175,1.0,True,False
1995,2,5,2.0,1.29175,1.0,False,False
1995,2,6,3.0,2.333375,1.0,False,False
1995,2,7,4.667,2.375,1.0,False,False
1995,2,8,5.333,3.6248750000000003,1.0,True,False
1995,2,9,2.333,0.7915000000000001,1.0,False,False
1995,2,10,1.667,0.541625,1.0,False,False
1995,2,11,5.333,3.833375,1.0,True,False
1995,2,12,5.333,4.041625,1.0,True,False
1995,2,13,5.667,4.625,1.0,True,False
1995,2,14,5.0,3.875,1.0,True,False
1995,2,15,3.667,3.125,1.0,False,False
1995,2,16,3.333,1.916625,1.0,False,False
1995,2,17,2.333,1.6665,1.0,False,False
1995,2,18,3.0,2.374875,1.0,False,False
1995,2,19,2.667,1.79175,1.0,False,False
1995,2,20,2.333,1.374875,1.0,False,False
1995,2,21,2.0,1.208375,1.0,False,False
1995,2,22,1.0,0.499875,1.0,False,False
1995,2,23,2.0,1.250125,1.0,False,False
1995,2,24,1.333,0.666625,1.0,False,False
1995,2,25,0.667,0.249875,1.0,False,False
1995,2,26,4.0,2.875,1.0,False,False
1995,2,27,5.0,3.75,1.0,True,False
1995,2,28,5.667,4.208375,1.0,True,False
1995,3,1,5.667,4.333375,1.0,True,False
1995,3,2,4.667,3.8336249999999996,1.0,False,False
1995,3,3,3.333,1.45825,1.0,False,False
1995,3,4,6.333,3.291625,1.0,True,False
1995,3,5,4.667,3.166625,1.0,False,False
1995,3,6,3.0,0.916625,1.0,False,False
1995,3,7,1.333,0.750125,1.0,False,False
1995,3,8,1.333,0.833125,1.0,False,False
1995,3,9,5.0,2.75,1.0,True,False
1995,3,10,5.333,3.125,1.0,True,False
1995,3,11,5.667,3.79175,1.0,True,False
1995,3,12,6.0,4.541625,1.0,True,False
1995,3,13,6.0,4.54175,1.0,True,False
1995,3,14,4.0,3.583375,1.0,False,False
1995,3,15,3.333,2.6665,1.0,False,False
1995,3,16,3.333,2.83325,1.0,False,False
1995,3,17,2.667,2.1251249999999997,1.0,False,False
1995,3,18,2.0,1.166625,1.0,False,False
1995,3,19,1.667,1.041625,1.0,False,False
1995,3,20,2.0,1.08325,1.0,False,False
1995,3,21,1.0,0.41650000000000004,1.0,False,False
1995,3,22,1.0,0.66675,1.0,False,False
1995,3,23,2.667,1.45825,1.0,False,False
1995,3,24,2.333,1.375,1.0,False,False
1995,3,25,2.333,1.41675,1.0,False,False
1995,3,26,5.667,3.7915,1.0,True,False
1995,3,27,4.0,3.3748750000000003,1.0,False,False
1995,3,28,4.333,3.1666250000000002,1.0,False,False
1995,3,29,4.667,3.25,1.0,False,False
1995,3,30,3.0,1.875125,1.0,False,False
1995,3,31,2.667,1.875,1.0,False,False
1995,4,1,4.667,1.916625,1.0,False,False
1995,4,2,5.667,3.041625,1.0,True,False
1995,4,3,0.333,0.291375,1.0,False,False
1995,4,4,1.333,0.7915,1.0,False,False
1995,4,5,3.333,2.291625,1.0,False,False
1995,4,6,2.667,1.291625,1.0,False,False
1995,4,7,8.0,6.166625,1.0,True,True
1995,4,8,5.333,4.291625,1.0,True,False
1995,4,9,4.667,3.79175,1.0,False,False
1995,4,10,4.667,3.79175,1.0,False,False
1995,4,11,5.0,3.458375,1.0,True,False
1995,4,12,4.333,2.95825,1.0,False,False
1995,4,13,3.333,1.875,1.0,False,False
1995,4,14,2.667,1.29175,1.0,False,False
1995,4,15,1.333,0.833125,1.0,False,False
1995,4,16,1.667,0.916625,1.0,False,False
1995,4,17,3.0,1.208375,1.0,False,False
1995,4,18,2.333,1.7915,1.0,False,False
1995,4,19,2.333,1.625,1.0,False,False
1995,4,20,3.0,1.958375,1.0,False,False
1995,4,21,0.667,0.416625,1.0,False,False
1995,4,22,4.333,2.3748750000000003,1.0,False,False
1995,4,23,4.667,3.583375,1.0,False,False
1995,4,24,5.0,3.7498750000000003,1.0,True,False
1995,4,25,4.667,2.958625,1.0,False,False
1995,4,26,4.333,3.25,1.0,False,False
1995,4,27,6.333,3.708125,1.0,True,False
1995,4,28,3.667,2.5,1.0,False,False
1995,4,29,2.667,1.958375,1.0,False,False
1995,4,30,2.0,0.958375,1.0,False,False
1995,5,1,1.667,0.625125,1.0,False,False
1995,5,2,6.333,4.70825,1.0,True,False
1995,5,3,6.0,4.95825,1.0,True,False
1995,5,4,5.667,4.25,1.0,True,False
1995,5,5,5.667,4.791625,1.0,True,False
1995,5,6,5.333,3.666625,1.0,True,False
1995,5,7,4.667,3.666625,1.0,False,False
1995,5,8,4.333,3.33325,1.0,False,False
1995,5,9,3.333,2.2915,1.0,False,False
1995,5,10,2.0,1.5,1.0,False,False
1995,5,11,2.333,1.625,1.0,False,False
1995,5,12,2.333,1.75,1.0,False,False
1995,5,13,3.333,2.1665,1.0,False,False
1995,5,14,2.333,1.499875,1.0,False,False
1995,5,15,2.333,1.166625,1.0,False,False
1995,5,16,6.0,4.70825,1.0,True,False
1995,5,17,5.667,3.9585,1.0,True,False
1995,5,18,3.667,2.29175,1.0,False,False
1995,5,19,3.667,2.541625,1.0,False,False
1995,5,20,3.667,2.79175,1.0,False,False
1995,5,21,2.667,1.12525,1.0,False,False
1995,5,22,2.333,1.541625,1.0,False,False
1995,5,23,5.667,2.70825,1.0,True,False
1995,5,24,5.333,3.708375,1.0,True,False
1995,5,25,3.667,2.458375,1.0,False,False
1995,5,26,3.667,2.62525,1.0,False,False
1995,5,27,2.333,1.45825,1.0,False,False
1995,5,28,2.333,1.75,1.0,False,False
1995,5,29,2.667,1.708375,1.0,False,False
1995,5,30,5.667,4.41675,1.0,True,False
1995,5,31,5.0,4.08325,1.0,True,False
1995,6,1,4.667,3.833375,1.0,False,False
1995,6,2,4.0,3.25,1.0,False,False
1995,6,3,4.667,3.6251249999999997,1.0,False,False
1995,6,4,2.333,1.7501250000000002,1.0,False,False
1995,6,5,2.667,1.625125,1.0,False,False
1995,6,6,2.667,1.791625,1.0,False,False
1995,6,7,2.667,1.541625,1.0,False,False
1995,6,8,1.667,0.7917500000000001,1.0,False,False
1995,6,9,1.667,1.250125,1.0,False,False
1995,6,10,3.333,1.916625,1.0,False,False
1995,6,11,2.333,1.2085000000000001,1.0,False,False
1995,6,12,1.0,0.750125,1.0,False,False
1995,6,13,0.667,0.5,1.0,False,False
1995,6,14,2.667,1.333375,1.0,False,False
1995,6,15,1.667,1.5,1.0,False,False
1995,6,16,4.0,2.583375,1.0,False,False
1995,6,17,2.0,1.33325,1.0,False,False
1995,6,18,4.667,2.54175,1.0,False,False
1995,6,19,5.667,3.95825,1.0,True,False
1995,6,20,5.0,3.291625,1.0,True,False
1995,6,21,3.333,2.4165,1.0,False,False
1995,6,22,2.667,1.833375,1.0,False,False
1995,6,23,2.667,1.833375,1.0,False,False
1995,6,24,1.667,1.166625,1.0,False,False
1995,6,25,4.667,2.541625,1.0,False,False
1995,6,26,4.333,3.08325,1.0,False,False
1995,6,27,2.333,1.541625,1.0,False,False
1995,6,28,3.667,2.25025,1.0,False,False
1995,6,29,3.0,1.58325,1.0,False,False
1995,6,30,5.333,3.625,1.0,True,False
1995,7,1,5.0,2.41675,1.0,True,False
1995,7,2,2.333,1.33325,1.0,False,False
1995,7,3,3.333,2.041625,1.0,False,False
1995,7,4,2.667,1.70825,1.0,False,False
1995,7,5,1.0,0.791875,1.0,False,False
1995,7,6,1.0,0.583375,1.0,False,False
1995,7,7,2.333,1.08325,1.0,False,False
1995,7,8,2.333,1.1665,1.0,False,False
1995,7,9,2.667,1.29175,1.0,False,False
1995,7,10,0.667,0.5,1.0,False,False
1995,7,11,1.0,0.458125,1.0,False,False
1995,7,12,1.667,0.83325,1.0,False,False
1995,7,13,2.0,1.33325,1.0,False,False
1995,7,14,2.667,1.416625,1.0,False,False
1995,7,15,1.667,1.62525,1.0,False,False
1995,7,16,6.0,3.291625,1.0,True,False
1995,7,17,4.667,3.6248750000000003,1.0,False,False
1995,7,18,3.333,2.375,1.0,False,False
1995,7,19,3.667,2.125,1.0,False,False
1995,7,20,3.667,2.04175,1.0,False,False
1995,7,21,1.667,1.250125,1.0,False,False
1995,7,22,2.0,1.458375,1.0,False,False
1995,7,23,2.667,1.708375,1.0,False,False
1995,7,24,5.333,3.75,1.0,True,False
1995,7,25,4.0,1.583375,1.0,False,False
1995,7,26,1.667,1.458375,1.0,False,False
1995,7,27,2.333,1.375,1.0,False,False
1995,7,28,2.667,1.41675,1.0,False,False
1995,7,29,2.667,1.375,1.0,False,False
1995,7,30,3.0,1.458375,1.0,False,False
1995,7,31,2.667,1.41675,1.0,False,False
1995,8,1,2.0,1.083375,1.0,False,False
1995,8,2,2.667,1.250125,1.0,False,False
1995,8,3,3.0,1.91675,1.0,False,False
1995,8,4,2.333,1.16675,1.0,False,False
1995,8,5,2.667,1.500125,1.0,False,False
1995,8,6,1.667,0.9585,1.0,False,False
1995,8,7,3.0,1.8751250000000002,1.0,False,False
1995,8,8,5.0,3.2915,1.0,True,False
1995,8,9,4.333,3.58325,1.0,False,False
1995,8,10,4.0,2.83325,1.0,False,False
1995,8,11,2.333,1.875,1.0,False,False
1995,8,12,3.333,1.833375,1.0,False,False
1995,8,13,4.0,2.5,1.0,False,False
1995,8,14,4.667,3.62525,1.0,False,False
1995,8,15,3.667,2.79175,1.0,False,False
1995,8,16,3.667,1.833375,1.0,False,False
1995,8,17,3.333,2.5,1.0,False,False
1995,8,18,2.333,1.541625,1.0,False,False
1995,8,19,3.0,2.20825,1.0,False,False
1995,8,20,2.0,1.416625,1.0,False,False
1995,8,21,1.333,0.70825,1.0,False,False
1995,8,22,5.333,2.1663750000000004,1.0,True,False
1995,8,23,4.333,2.29175,1.0,False,False
1995,8,24,2.333,1.666625,1.0,False,False
1995,8,25,4.0,2.875,1.0,False,False
1995,8,26,2.333,1.666625,1.0,False,False
1995,8,27,2.333,1.916625,1.0,False,False
1995,8,28,1.667,1.2085,1.0,False,False
1995,8,29,3.333,2.45825,1.0,False,False
1995,8,30,2.0,1.125125,1.0,False,False
1995,8,31,1.333,0.666625,1.0,False,False
1995,9,1,1.667,0.833375,1.0,False,False
1995,9,2,1.667,0.875,1.0,False,False
1995,9,3,1.667,1.04175,1.0,False,False
1995,9,4,2.333,1.16675,1.0,False,False
1995,9,5,5.333,4.125,1.0,True,False
1995,9,6,5.667,3.45825,1.0,True,False
1995,9,7,4.0,3.333375,1.0,False,False
1995,9,8,6.333,4.208375,1.0,True,False
1995,9,9,4.333,2.7915,1.0,False,False
1995,9,10,4.667,2.16675,1.0,False,False
1995,9,11,5.667,3.75,1.0,True,False
1995,9,12,4.0,2.58325,1.0,False,False
1995,9,13,4.667,3.2085,1.0,False,False
1995,9,14,2.667,1.83325,1.0,False,False
1995,9,15,5.0,3.66675,1.0,True,False
1995,9,16,3.0,2.45825,1.0,False,False
1995,9,17,2.333,1.499875,1.0,False,False
1995,9,18,1.667,0.624875,1.0,False,False
1995,9,19,1.667,0.875,1.0,False,False
1995,9,20,3.0,2.2085,1.0,False,False
1995,9,21,2.0,1.5,1.0,False,False
1995,9,22,1.333,0.83325,1.0,False,False
1995,9,23,3.333,2.5,1.0,False,False
1995,9,24,3.333,1.70825,1.0,False,False
1995,9,25,2.0,1.124875,1.0,False,False
1995,9,26,2.0,1.083375,1.0,False,False
1995,9,27,7.0,4.08325,1.0,True,True
1995,9,28,5.333,2.2916250000000002,1.0,True,False
1995,9,29,1.333,0.6665,1.0,False,False
1995,9,30,2.0,1.125125,1.0,False,False
1995,10,1,2.0,0.666625,1.0,False,False
1995,10,2,4.667,2.87525,1.0,False,False
1995,10,3,4.667,3.5,1.0,False,False
1995,10,4,6.667,5.0835,1.0,True,False
1995,10,5,4.667,3.5835,1.0,False,False
1995,10,6,5.0,3.666625,1.0,True,False
1995,10,7,4.667,3.791625,1.0,False,False
1995,10,8,5.0,3.9165,1.0,True,False
1995,10,9,4.667,3.541625,1.0,False,False
1995,10,10,3.667,1.79175,1.0,False,False
1995,10,11,4.0,2.625,1.0,False,False
1995,10,12,4.667,3.291625,1.0,False,False
1995,10,13,4.0,2.25,1.0,False,False
1995,10,14,2.333,1.58325,1.0,False,False
1995,10,15,2.333,1.333375,1.0,False,False
1995,10,16,3.0,1.750125,1.0,False,False
1995,10,17,3.333,1.916625,1.0,False,False
1995,10,18,6.667,3.458375,1.0,True,False
1995,10,19,6.667,3.416625,1.0,True,False
1995,10,20,5.667,4.08325,1.0,True,False
1995,10,21,3.667,2.6665,1.0,False,False
1995,10,22,3.667,2.5001249999999997,1.0,False,False
1995,10,23,5.0,3.2498750000000003,1.0,True,False
1995,10,24,4.0,1.999875,1.0,False,False
1995,10,25,2.667,0.9585,1.0,False,False
1995,10,26,2.0,0.749875,1.0,False,False
1995,10,27,2.667,1.3335,1.0,False,False
1995,10,28,1.0,0.37512500000000004,1.0,False,False
1995,10,29,1.333,0.708375,1.0,False,False
1995,10,30,4.667,2.04175,1.0,False,False
1995,10,31,4.667,3.125,1.0,False,False
1995,11,1,4.667,3.70825,1.0,False,False
1995,11,2,4.667,3.1251249999999997,1.0,False,False
1995,11,3,2.667,1.208375,1.0,False,False
1995,11,4,4.667,1.916625,1.0,False,False
1995,11,5,4.667,3.083375,1.0,False,False
1995,11,6,4.667,3.541625,1.0,False,False
1995,11,7,3.0,2.25,1.0,False,False
1995,11,8,2.333,1.749875,1.0,False,False
1995,11,9,1.333,0.875125,1.0,False,False
1995,11,10,2.333,1.33325,1.0,False,False
1995,11,11,3.0,1.2915,1.0,False,False
1995,11,12,3.667,2.249875,1.0,False,False
1995,11,13,2.0,1.083375,1.0,False,False
1995,11,14,2.0,1.000125,1.0,False,False
1995,11,15,2.0,0.70825,1.0,False,False
1995,11,16,3.0,0.875,1.0,False,False
1995,11,17,3.333,1.6251250000000002,1.0,False,False
1995,11,18,2.0,1.2498749999999998,1.0,False,False
1995,11,19,3.333,1.833375,1.0,False,False
1995,11,20,2.667,1.041625,1.0,False,False
1995,11,21,1.333,0.75,1.0,False,False
1995,11,22,2.667,1.458375,1.0,False,False
1995,11,23,2.667,1.041625,1.0,False,False
1995,11,24,0.667,0.33325000000000005,1.0,False,False
1995,11,25,1.333,0.4165,1.0,False,False
1995,11,26,2.0,0.5,1.0,False,False
1995,11,27,6.333,3.16675,1.0,True,False
1995,11,28,3.0,2.33325,1.0,False,False
1995,11,29,4.0,2.79175,1.0,False,False
1995,11,30,3.333,1.833375,1.0,False,False
1995,12,1,4.667,3.04175,1.0,False,False
1995,12,2,4.0,2.45825,1.0,False,False
1995,12,3,3.333,1.833375,1.0,False,False
1995,12,4,4.667,2.7498750000000003,1.0,False,False
1995,12,5,2.333,1.04175,1.0,False,False
1995,12,6,2.0,1.0835,1.0,False,False
1995,12,7,1.667,0.9167500000000001,1.0,False,False
1995,12,8,1.0,0.45825,1.0,False,False
1995,12,9,4.0,1.95825,1.0,False,False
1995,12,10,2.667,1.08325,1.0,False,False
1995,12,11,1.667,0.9167500000000001,1.0,False,False
1995,12,12,3.0,1.25,1.0,False,False
1995,12,13,1.333,0.416625,1.0,False,False
1995,12,14,2.333,1.249875,1.0,False,False
1995,12,15,4.0,2.3751249999999997,1.0,False,False
1995,12,16,5.333,2.9165,1.0,True,False
1995,12,17,3.333,2.1251249999999997,1.0,False,False
1995,12,18,1.333,0.749875,1.0,False,False
1995,12,19,2.667,1.458375,1.0,False,False
1995,12,20,2.667,0.916625,1.0,False,False
1995,12,21,3.333,1.5,1.0,False,False
1995,12,22,5.0,3.25,1.0,True,False
1995,12,23,3.667,1.708375,1.0,False,False
1995,12,24,5.0,3.58325,1.0,True,False
1995,12,25,3.333,2.833375,1.0,False,False
1995,12,26,4.0,2.9165,1.0,False,False
1995,12,27,2.667,1.91675,1.0,False,False
1995,12,28,2.0,0.958375,1.0,False,False
1995,12,29,1.667,0.875,1.0,False,False
1995,12,30,1.333,0.750125,1.0,False,False
1995,12,31,3.333,1.83325,1.0,False,False
1996,1,1,2.667,1.20825,1.0,False,False
1996,1,2,3.667,1.625125,1.0,False,False
1996,1,3,3.667,1.875125,1.0,False,False
1996,1,4,2.333,1.29175,1.0,False,False
1996,1,5,2.667,2.166625,1.0,False,False
1996,1,6,2.667,1.583375,1.0,False,False
1996,1,7,2.333,1.083375,1.0,False,False
1996,1,8,1.667,0.833375,1.0,False,False
1996,1,9,1.333,0.66675,1.0,False,False
1996,1,10,2.0,0.958375,1.0,False,False
1996,1,11,2.0,1.04175,1.0,False,False
1996,1,12,4.333,1.66675,1.0,False,False
1996,1,13,5.0,3.916625,1.0,True,False
1996,1,14,5.333,3.4998750000000003,1.0,True,False
1996,1,15,4.667,2.916625,1.0,False,False
1996,1,16,3.333,2.08325,1.0,False,False
1996,1,17,4.0,2.45825,1.0,False,False
1996,1,18,3.333,2.20825,1.0,False,False
1996,1,19,4.333,2.1251249999999997,1.0,False,False
1996,1,20,4.0,2.375125,1.0,False,False
1996,1,21,2.667,1.875,1.0,False,False
1996,1,22,2.333,1.625,1.0,False,False
1996,1,23,2.667,1.16675,1.0,False,False
1996,1,24,3.0,1.416625,1.0,False,False
1996,1,25,2.333,1.41675,1.0,False,False
1996,1,26,3.333,1.95825,1.0,False,False
1996,1,27,2.667,1.91675,1.0,False,False
1996,1,28,3.333,1.874875,1.0,False,False
1996,1,29,4.333,3.375,1.0,False,False
1996,1,30,3.333,1.833375,1.0,False,False
1996,1,31,3.333,2.333125,1.0,False,False
1996,2,1,3.0,1.75,1.0,False,False
1996,2,2,3.333,2.208375,1.0,False,False
1996,2,3,1.667,0.958375,1.0,False,False
1996,2,4,2.667,1.375125,1.0,False,False
1996,2,5,3.0,1.25,1.0,False,False
1996,2,6,1.667,0.750125,1.0,False,False
1996,2,7,3.333,1.75,1.0,False,False
1996,2,8,2.333,1.95825,1.0,False,False
1996,2,9,2.667,1.91675,1.0,False,False
1996,2,10,4.0,2.208375,1.0,False,False
1996,2,11,5.0,3.41675,1.0,True,False
1996,2,12,3.667,2.83325,1.0,False,False
1996,2,13,4.0,2.79175,1.0,False,False
1996,2,14,4.333,2.83325,1.0,False,False
1996,2,15,3.333,1.958125,1.0,False,False
1996,2,16,3.0,2.166625,1.0,False,False
1996,2,17,3.333,1.833375,1.0,False,False
1996,2,18,4.0,2.416625,1.0,False,False
1996,2,19,2.667,1.83325,1.0,False,False
1996,2,20,3.0,1.999875,1.0,False,False
1996,2,21,2.333,1.291625,1.0,False,False
1996,2,22,3.333,1.95825,1.0,False,False
1996,2,23,4.333,2.8748750000000003,1.0,False,False
1996,2,24,5.333,3.208375,1.0,True,False
1996,2,25,4.667,3.166875,1.0,False,False
1996,2,26,4.0,2.9585,1.0,False,False
1996,2,27,4.0,2.70825,1.0,False,False
1996,2,28,3.667,1.833375,1.0,False,False
1996,2,29,3.667,1.79175,1.0,False,False
1996,3,1,2.0,1.375,1.0,False,False
1996,3,2,1.667,0.8335,1.0,False,False
1996,3,3,2.333,1.79175,1.0,False,False
1996,3,4,3.0,2.208375,1.0,False,False
1996,3,5,2.333,1.66675,1.0,False,False
1996,3,6,2.333,1.083375,1.0,False,False
1996,3,7,1.0,0.541625,1.0,False,False
1996,3,8,3.667,1.70825,1.0,False,False
1996,3,9,2.667,1.916625,1.0,False,False
1996,3,10,3.667,2.3335,1.0,False,False
1996,3,11,5.667,3.75,1.0,True,False
1996,3,12,3.667,2.875,1.0,False,False
1996,3,13,5.0,3.416625,1.0,True,False
1996,3,14,3.0,2.04175,1.0,False,False
1996,3,15,2.333,1.54175,1.0,False,False
1996,3,16,3.333,1.666625,1.0,False,False
1996,3,17,4.333,2.6665,1.0,False,False
1996,3,18,3.333,2.166625,1.0,False,False
1996,3,19,3.667,2.916625,1.0,False,False
1996,3,20,5.0,3.54175,1.0,True,False
1996,3,21,5.667,4.500125,1.0,True,False
1996,3,22,4.333,3.041625,1.0,False,False
1996,3,23,3.0,1.79175,1.0,False,False
1996,3,24,5.0,3.25,1.0,True,False
1996,3,25,4.667,3.166625,1.0,False,False
1996,3,26,3.333,2.3748750000000003,1.0,False,False
1996,3,27,3.333,2.29175,1.0,False,False
1996,3,28,3.667,2.16675,1.0,False,False
1996,3,29,2.333,1.625,1.0,False,False
1996,3,30,2.0,1.41675,1.0,False,False
1996,3,31,2.333,1.416625,1.0,False,False
1996,4,1,3.0,2.125,1.0,False,False
1996,4,2,2.333,1.083375,1.0,False,False
1996,4,3,3.0,1.5,1.0,False,False
1996,4,4,4.0,2.458375,1.0,False,False
1996,4,5,3.0,1.458375,1.0,False,False
1996,4,6,1.333,0.70825,1.0,False,False
1996,4,7,0.667,0.291625,1.0,False,False
1996,4,8,3.0,1.20825,1.0,False,False
1996,4,9,3.0,2.583375,1.0,False,False
1996,4,10,3.0,1.54175,1.0,False,False
1996,4,11,3.333,1.9581250000000001,1.0,False,False
1996,4,12,4.667,3.875,1.0,False,False
1996,4,13,4.0,1.8751250000000002,1.0,False,False
1996,4,14,7.0,3.7085,1.0,True,True
1996,4,15,5.0,3.0,1.0,True,False
1996,4,16,3.333,2.208375,1.0,False,False
1996,4,17,5.333,4.041625,1.0,True,False
1996,4,18,5.333,3.6665,1.0,True,False
1996,4,19,5.0,3.875,1.0,True,False
1996,4,20,4.0,3.083375,1.0,False,False
1996,4,21,3.667,2.708375,1.0,False,False
1996,4,22,3.667,1.958375,1.0,False,False
1996,4,23,3.333,2.3748750000000003,1.0,False,False
1996,4,24,2.333,1.374875,1.0,False,False
1996,4,25,2.333,1.25,1.0,False,False
1996,4,26,2.0,0.875,1.0,False,False
1996,4,27,3.333,1.33325,1.0,False,False
1996,4,28,2.0,1.0835,1.0,False,False
1996,4,29,1.667,1.1665,1.0,False,False
1996,4,30,2.0,1.416625,1.0,False,False
1996,5,1,2.667,1.54175,1.0,False,False
1996,5,2,2.0,1.458375,1.0,False,False
1996,5,3,2.667,1.625,1.0,False,False
1996,5,4,3.0,2.208375,1.0,False,False
1996,5,5,3.0,1.541625,1.0,False,False
1996,5,6,1.667,1.1665,1.0,False,False
1996,5,7,2.0,1.08325,1.0,False,False
1996,5,8,2.333,1.375,1.0,False,False
1996,5,9,2.0,1.166625,1.0,False,False
1996,5,10,2.0,1.29175,1.0,False,False
1996,5,11,2.0,1.16675,1.0,False,False
1996,5,12,2.333,1.04175,1.0,False,False
1996,5,13,3.667,2.83325,1.0,False,False
1996,5,14,3.667,2.41675,1.0,False,False
1996,5,15,3.0,1.875,1.0,False,False
1996,5,16,3.333,2.125,1.0,False,False
1996,5,17,3.333,1.75,1.0,False,False
1996,5,18,1.333,0.4165,1.0,False,False
1996,5,19,3.0,1.708375,1.0,False,False
1996,5,20,3.667,2.16675,1.0,False,False
1996,5,21,3.0,2.08325,1.0,False,False
1996,5,22,3.0,1.291875,1.0,False,False
1996,5,23,1.667,1.125,1.0,False,False
1996,5,24,3.0,1.833375,1.0,False,False
1996,5,25,2.667,1.58325,1.0,False,False
1996,5,26,2.667,1.375,1.0,False,False
1996,5,27,3.667,1.91675,1.0,False,False
1996,5,28,1.667,1.000125,1.0,False,False
1996,5,29,3.0,2.0415,1.0,False,False
1996,5,30,2.667,1.875,1.0,False,False
1996,5,31,2.667,1.875125,1.0,False,False
1996,6,1,1.333,0.9165,1.0,False,False
1996,6,2,1.667,0.95825,1.0,False,False
1996,6,3,1.667,0.91675,1.0,False,False
1996,6,4,1.667,1.125,1.0,False,False
1996,6,5,2.667,1.458375,1.0,False,False
1996,6,6,4.333,2.749875,1.0,False,False
1996,6,7,1.667,1.041625,1.0,False,False
1996,6,8,2.333,1.125,1.0,False,False
1996,6,9,1.667,0.91675,1.0,False,False
1996,6,10,1.667,1.166875,1.0,False,False
1996,6,11,1.667,1.0,1.0,False,False
1996,6,12,1.333,0.95825,1.0,False,False
1996,6,13,1.0,0.5,1.0,False,False
1996,6,14,1.0,0.79175,1.0,False,False
1996,6,15,2.667,1.416875,1.0,False,False
1996,6,16,2.0,1.25,1.0,False,False
1996,6,17,2.667,1.79175,1.0,False,False
1996,6,18,3.667,1.54175,1.0,False,False
1996,6,19,4.333,2.5415,1.0,False,False
1996,6,20,2.333,1.583375,1.0,False,False
1996,6,21,2.0,1.0414999999999999,1.0,False,False
1996,6,22,1.333,0.874875,1.0,False,False
1996,6,23,2.0,0.958375,1.0,False,False
1996,6,24,2.667,1.4998749999999998,1.0,False,False
1996,6,25,2.0,0.70825,1.0,False,False
1996,6,26,1.667,1.000125,1.0,False,False
1996,6,27,3.0,1.58325,1.0,False,False
1996,6,28,2.667,1.5,1.0,False,False
1996,6,29,3.0,2.04175,1.0,False,False
1996,6,30,1.667,1.208375,1.0,False,False
1996,7,1,3.333,1.416625,1.0,False,False
1996,7,2,2.667,1.541875,1.0,False,False
1996,7,3,3.333,2.25,1.0,False,False
1996,7,4,3.333,1.874875,1.0,False,False
1996,7,5,3.667,2.0833749999999998,1.0,False,False
1996,7,6,1.667,1.208375,1.0,False,False
1996,7,7,2.667,1.875,1.0,False,False
1996,7,8,3.333,2.333375,1.0,False,False
1996,7,9,1.667,0.791625,1.0,False,False
1996,7,10,0.667,0.500125,1.0,False,False
1996,7,11,1.667,0.875,1.0,False,False
1996,7,12,2.667,2.041625,1.0,False,False
1996,7,13,3.0,1.666625,1.0,False,False
1996,7,14,3.0,1.5001250000000002,1.0,False,False
1996,7,15,3.333,1.95825,1.0,False,False
1996,7,16,2.0,1.3335,1.0,False,False
1996,7,17,3.0,2.04175,1.0,False,False
1996,7,18,2.333,1.416625,1.0,False,False
1996,7,19,1.667,1.208375,1.0,False,False
1996,7,20,2.667,2.125,1.0,False,False
1996,7,21,2.667,1.791875,1.0,False,False
1996,7,22,2.667,1.583375,1.0,False,False
1996,7,23,2.0,1.29175,1.0,False,False
1996,7,24,2.0,0.958375,1.0,False,False
1996,7,25,2.333,1.541625,1.0,False,False
1996,7,26,2.0,1.3751250000000002,1.0,False,False
1996,7,27,1.333,0.83325,1.0,False,False
1996,7,28,4.333,1.958375,1.0,False,False
1996,7,29,1.667,1.166625,1.0,False,False
1996,7,30,2.667,1.7915,1.0,False,False
1996,7,31,4.0,2.8751249999999997,1.0,False,False
1996,8,1,3.333,2.583375,1.0,False,False
1996,8,2,3.0,2.041625,1.0,False,False
1996,8,3,2.667,1.708375,1.0,False,False
1996,8,4,2.0,1.375,1.0,False,False
1996,8,5,2.333,1.583375,1.0,False,False
1996,8,6,3.0,1.70825,1.0,False,False
1996,8,7,2.667,1.29175,1.0,False,False
1996,8,8,1.333,0.958375,1.0,False,False
1996,8,9,2.667,1.749875,1.0,False,False
1996,8,10,2.0,1.041875,1.0,False,False
1996,8,11,2.0,1.08325,1.0,False,False
1996,8,12,2.0,1.125,1.0,False,False
1996,8,13,2.667,1.291875,1.0,False,False
1996,8,14,3.667,2.458375,1.0,False,False
1996,8,15,2.333,1.58325,1.0,False,False
1996,8,16,3.333,2.375,1.0,False,False
1996,8,17,3.667,2.25,1.0,False,False
1996,8,18,2.0,1.25,1.0,False,False
1996,8,19,1.333,1.12475,1.0,False,False
1996,8,20,2.667,1.91675,1.0,False,False
1996,8,21,2.0,1.291625,1.0,False,False
1996,8,22,2.333,1.1665,1.0,False,False
1996,8,23,3.333,2.375,1.0,False,False
1996,8,24,3.0,2.04175,1.0,False,False
1996,8,25,3.667,3.00025,1.0,False,False
1996,8,26,3.333,2.291625,1.0,False,False
1996,8,27,3.667,2.79175,1.0,False,False
1996,8,28,3.333,2.7915,1.0,False,False
1996,8,29,5.667,4.41675,1.0,True,False
1996,8,30,5.0,2.70825,1.0,True,False
1996,8,31,3.333,2.375125,1.0,False,False
1996,9,1,2.667,1.41675,1.0,False,False
1996,9,2,1.667,1.20825,1.0,False,False
1996,9,3,1.0,0.5835,1.0,False,False
1996,9,4,4.333,1.833375,1.0,False,False
1996,9,5,2.333,1.58325,1.0,False,False
1996,9,6,2.333,1.4165,1.0,False,False
1996,9,7,2.667,1.8335,1.0,False,False
1996,9,8,2.667,1.4585,1.0,False,False
1996,9,9,4.333,1.5,1.0,False,False
1996,9,10,5.0,4.04175,1.0,True,False
1996,9,11,4.333,3.33325,1.0,False,False
1996,9,12,5.0,4.0,1.0,True,False
1996,9,13,4.667,3.08325,1.0,False,False
1996,9,14,3.667,2.208375,1.0,False,False
1996,9,15,5.0,3.041625,1.0,True,False
1996,9,16,4.0,3.1248750000000003,1.0,False,False
1996,9,17,3.0,2.041625,1.0,False,False
1996,9,18,4.0,3.166875,1.0,False,False
1996,9,19,5.0,2.5001249999999997,1.0,True,False
1996,9,20,5.667,4.25,1.0,True,False
1996,9,21,5.0,4.0415,1.0,True,False
1996,9,22,5.333,3.708375,1.0,True,False
1996,9,23,5.0,3.8335,1.0,True,False
1996,9,24,2.667,2.041625,1.0,False,False
1996,9,25,3.667,2.20825,1.0,False,False
1996,9,26,6.333,3.7915,1.0,True,False
1996,9,27,4.333,2.833375,1.0,False,False
1996,9,28,4.333,2.79175,1.0,False,False
1996,9,29,2.667,1.791625,1.0,False,False
1996,9,30,1.667,0.999875,1.0,False,False
1996,10,1,2.333,1.20825,1.0,False,False
1996,10,2,3.333,2.166625,1.0,False,False
1996,10,3,3.667,2.958375,1.0,False,False
1996,10,4,2.667,1.5001250000000002,1.0,False,False
1996,10,5,1.0,0.666625,1.0,False,False
1996,10,6,1.333,0.541625,1.0,False,False
1996,10,7,2.0,0.916625,1.0,False,False
1996,10,8,4.0,2.2085,1.0,False,False
1996,10,9,4.667,3.333375,1.0,False,False
1996,10,10,4.0,2.249875,1.0,False,False
1996,10,11,2.667,1.875125,1.0,False,False
1996,10,12,3.667,2.958375,1.0,False,False
1996,10,13,5.0,3.08325,1.0,True,False
1996,10,14,4.333,2.58325,1.0,False,False
1996,10,15,2.333,1.208375,1.0,False,False
1996,10,16,3.333,2.29175,1.0,False,False
1996,10,17,3.0,1.41675,1.0,False,False
1996,10,18,5.333,3.6665,1.0,True,False
1996,10,19,5.333,4.499875,1.0,True,False
1996,10,20,4.0,3.0,1.0,False,False
1996,10,21,2.667,1.95825,1.0,False,False
1996,10,22,6.667,4.333375,1.0,True,False
1996,10,23,7.333,3.625,1.0,True,True
1996,10,24,3.667,2.3333749999999998,1.0,False,False
1996,10,25,3.0,1.625,1.0,False,False
1996,10,26,2.667,1.041625,1.0,False,False
1996,10,27,2.333,1.1251250000000002,1.0,False,False
1996,10,28,3.667,2.91675,1.0,False,False
1996,10,29,3.333,2.8748750000000003,1.0,False,False
1996,10,30,4.333,2.666625,1.0,False,False
1996,10,31,3.333,1.791625,1.0,False,False
1996,11,1,1.667,0.625125,1.0,False,False
1996,11,2,1.0,0.416625,1.0,False,False
1996,11,3,1.667,0.45825,1.0,False,False
1996,11,4,3.0,2.33325,1.0,False,False
1996,11,5,2.333,1.708375,1.0,False,False
1996,11,6,3.0,1.95825,1.0,False,False
1996,11,7,2.0,1.08325,1.0,False,False
1996,11,8,2.0,0.958375,1.0,False,False
1996,11,9,3.667,2.3751249999999997,1.0,False,False
1996,11,10,3.667,2.041875,1.0,False,False
1996,11,11,2.0,0.9585,1.0,False,False
1996,11,12,3.333,1.916625,1.0,False,False
1996,11,13,5.0,2.6248750000000003,1.0,True,False
1996,11,14,5.333,3.2915,1.0,True,False
1996,11,15,4.0,2.791625,1.0,False,False
1996,11,16,1.333,1.208125,1.0,False,False
1996,11,17,4.0,2.5,1.0,False,False
1996,11,18,4.0,2.79175,1.0,False,False
1996,11,19,3.0,2.250125,1.0,False,False
1996,11,20,3.333,1.9585,1.0,False,False
1996,11,21,3.0,1.33325,1.0,False,False
1996,11,22,2.0,1.083125,1.0,False,False
1996,11,23,1.667,0.95825,1.0,False,False
1996,11,24,4.667,2.12525,1.0,False,False
1996,11,25,2.667,1.708375,1.0,False,False
1996,11,26,2.667,1.70825,1.0,False,False
1996,11,27,4.0,2.0,1.0,False,False
1996,11,28,3.0,1.79175,1.0,False,False
1996,11,29,2.333,1.29175,1.0,False,False
1996,11,30,0.667,0.333375,1.0,False,False
1996,12,1,1.333,0.66675,1.0,False,False
1996,12,2,4.0,2.000125,1.0,False,False
1996,12,3,3.0,1.958375,1.0,False,False
1996,12,4,3.667,2.333375,1.0,False,False
1996,12,5,0.667,0.41675,1.0,False,False
1996,12,6,0.667,0.25,1.0,False,False
1996,12,7,2.0,1.124875,1.0,False,False
1996,12,8,1.0,0.75,1.0,False,False
1996,12,9,5.0,1.416625,1.0,True,False
1996,12,10,5.0,3.7501249999999997,1.0,True,False
1996,12,11,4.0,2.83325,1.0,False,False
1996,12,12,2.667,2.083375,1.0,False,False
1996,12,13,2.333,1.416625,1.0,False,False
1996,12,14,2.667,1.583375,1.0,False,False
1996,12,15,3.667,2.7501249999999997,1.0,False,False
1996,12,16,3.333,2.58325,1.0,False,False
1996,12,17,3.0,2.33325,1.0,False,False
1996,12,18,2.333,1.499875,1.0,False,False
1996,12,19,0.667,0.16675,1.0,False,False
1996,12,20,0.667,0.33325,1.0,False,False
1996,12,21,2.667,1.5,1.0,False,False
1996,12,22,3.667,1.875125,1.0,False,False
1996,12,23,3.667,1.79175,1.0,False,False
1996,12,24,2.0,0.9585,1.0,False,False
1996,12,25,2.0,1.5,1.0,False,False
1996,12,26,1.667,0.750125,1.0,False,False
1996,12,27,2.0,0.791625,1.0,False,False
1996,12,28,1.667,0.708375,1.0,False,False
1996,12,29,3.0,0.916625,1.0,False,False
1996,12,30,3.333,2.208375,1.0,False,False
1996,12,31,2.333,1.41675,1.0,False,False
1997,1,1,2.0,1.16675,1.0,False,False
1997,1,2,1.667,1.41675,1.0,False,False
1997,1,3,1.333,0.874875,1.0,False,False
1997,1,4,1.333,0.833125,1.0,False,False
1997,1,5,1.333,0.916625,1.0,False,False
1997,1,6,1.333,0.625,1.0,False,False
1997,1,7,4.0,2.5,1.0,False,False
1997,1,8,3.333,1.83325,1.0,False,False
1997,1,9,2.333,1.374875,1.0,False,False
1997,1,10,6.0,4.000125,1.0,True,False
1997,1,11,4.667,2.875,1.0,False,False
1997,1,12,4.667,2.5001249999999997,1.0,False,False
1997,1,13,2.667,1.750125,1.0,False,False
1997,1,14,1.667,1.125125,1.0,False,False
1997,1,15,2.0,1.04175,1.0,False,False
1997,1,16,1.0,0.625,1.0,False,False
1997,1,17,1.333,0.5,1.0,False,False
1997,1,18,3.0,1.25,1.0,False,False
1997,1,19,3.0,1.291625,1.0,False,False
1997,1,20,3.0,1.583375,1.0,False,False
1997,1,21,3.333,2.208375,1.0,False,False
1997,1,22,2.333,1.5001250000000002,1.0,False,False
1997,1,23,2.333,0.8333750000000001,1.0,False,False
1997,1,24,2.333,1.0,1.0,False,False
1997,1,25,2.667,1.499875,1.0,False,False
1997,1,26,4.667,2.8751249999999997,1.0,False,False
1997,1,27,4.0,2.916625,1.0,False,False
1997,1,28,4.667,3.66675,1.0,False,False
1997,1,29,3.0,2.16675,1.0,False,False
1997,1,30,4.0,2.916625,1.0,False,False
1997,1,31,3.0,1.79175,1.0,False,False
1997,2,1,2.333,1.2501250000000002,1.0,False,False
1997,2,2,3.333,2.33325,1.0,False,False
1997,2,3,3.667,1.41675,1.0,False,False
1997,2,4,2.0,0.958375,1.0,False,False
1997,2,5,3.0,1.33325,1.0,False,False
1997,2,6,3.667,2.1666250000000002,1.0,False,False
1997,2,7,2.667,0.999875,1.0,False,False
1997,2,8,5.667,3.0001249999999997,1.0,True,False
1997,2,9,5.333,3.208125,1.0,True,False
1997,2,10,4.0,3.625,1.0,False,False
1997,2,11,4.333,3.4998750000000003,1.0,False,False
1997,2,12,3.333,1.33325,1.0,False,False
1997,2,13,2.0,1.083375,1.0,False,False
1997,2,14,2.333,1.333375,1.0,False,False
1997,2,15,2.667,1.000125,1.0,False,False
1997,2,16,3.0,1.83325,1.0,False,False
1997,2,17,4.333,2.6248750000000003,1.0,False,False
1997,2,18,2.667,1.54175,1.0,False,False
1997,2,19,1.667,0.666625,1.0,False,False
1997,2,20,1.667,1.000125,1.0,False,False
1997,2,21,3.333,2.125,1.0,False,False
1997,2,22,3.333,1.958375,1.0,False,False
1997,2,23,3.333,2.20825,1.0,False,False
1997,2,24,3.0,1.91675,1.0,False,False
1997,2,25,3.0,1.375,1.0,False,False
1997,2,26,4.0,2.833375,1.0,False,False
1997,2,27,7.0,3.3748750000000003,1.0,True,True
1997,2,28,6.333,4.249875,1.0,True,False
1997,3,1,4.0,2.70825,1.0,False,False
1997,3,2,3.667,2.374875,1.0,False,False
1997,3,3,3.333,1.749875,1.0,False,False
1997,3,4,2.0,0.875125,1.0,False,False
1997,3,5,3.667,1.75,1.0,False,False
1997,3,6,3.333,1.875,1.0,False,False
1997,3,7,3.0,1.749875,1.0,False,False
1997,3,8,2.333,1.333375,1.0,False,False
1997,3,9,0.667,0.208375,1.0,False,False
1997,3,10,1.333,0.500125,1.0,False,False
1997,3,11,2.333,0.791625,1.0,False,False
1997,3,12,3.333,2.70825,1.0,False,False
1997,3,13,2.667,1.916625,1.0,False,False
1997,3,14,2.0,1.416875,1.0,False,False
1997,3,15,3.333,1.58325,1.0,False,False
1997,3,16,2.667,1.750125,1.0,False,False
1997,3,17,2.333,1.458125,1.0,False,False
1997,3,18,2.667,1.45825,1.0,False,False
1997,3,19,1.667,0.625125,1.0,False,False
1997,3,20,1.333,0.62475,1.0,False,False
1997,3,21,2.0,0.95825,1.0,False,False
1997,3,22,3.667,2.04175,1.0,False,False
1997,3,23,1.667,0.70825,1.0,False,False
1997,3,24,3.667,1.8335,1.0,False,False
1997,3,25,3.667,2.66675,1.0,False,False
1997,3,26,3.667,3.208375,1.0,False,False
1997,3,27,3.333,1.291625,1.0,False,False
1997,3,28,5.667,2.66675,1.0,True,False
1997,3,29,4.667,3.333375,1.0,False,False
1997,3,30,3.667,2.333125,1.0,False,False
1997,3,31,2.333,1.333375,1.0,False,False
1997,4,1,4.333,2.083375,1.0,False,False
1997,4,2,3.0,2.125,1.0,False,False
1997,4,3,3.667,1.41675,1.0,False,False
1997,4,4,4.0,2.625,1.0,False,False
1997,4,5,3.667,2.20825,1.0,False,False
1997,4,6,3.333,2.208375,1.0,False,False
1997,4,7,3.0,2.124875,1.0,False,False
1997,4,8,1.667,1.04175,1.0,False,False
1997,4,9,2.667,1.416875,1.0,False,False
1997,4,10,5.0,2.08325,1.0,True,False
1997,4,11,6.667,4.0835,1.0,True,False
1997,4,12,3.333,1.91675,1.0,False,False
1997,4,13,3.333,1.875,1.0,False,False
1997,4,14,2.0,1.125,1.0,False,False
1997,4,15,2.0,0.458375,1.0,False,False
1997,4,16,5.0,2.16675,1.0,True,False
1997,4,17,5.333,3.54175,1.0,True,False
1997,4,18,3.667,2.75,1.0,False,False
1997,4,19,3.333,2.666625,1.0,False,False
1997,4,20,2.0,0.9165,1.0,False,False
1997,4,21,4.667,2.791625,1.0,False,False
1997,4,22,5.333,2.375,1.0,True,False
1997,4,23,3.667,1.91675,1.0,False,False
1997,4,24,4.667,2.4585,1.0,False,False
1997,4,25,2.333,1.624875,1.0,False,False
1997,4,26,1.0,0.791875,1.0,False,False
1997,4,27,1.667,0.666625,1.0,False,False
1997,4,28,1.0,0.5417500000000001,1.0,False,False
1997,4,29,1.667,0.708375,1.0,False,False
1997,4,30,3.333,2.166625,1.0,False,False
1997,5,1,6.333,3.33325,1.0,True,False
1997,5,2,5.0,2.6251249999999997,1.0,True,False
1997,5,3,3.0,2.0835,1.0,False,False
1997,5,4,3.0,1.916625,1.0,False,False
1997,5,5,3.0,1.58325,1.0,False,False
1997,5,6,1.333,0.958375,1.0,False,False
1997,5,7,1.667,0.75,1.0,False,False
1997,5,8,1.667,0.91675,1.0,False,False
1997,5,9,1.333,0.7915,1.0,False,False
1997,5,10,1.333,1.08325,1.0,False,False
1997,5,11,2.333,1.125,1.0,False,False
1997,5,12,0.667,0.16662500000000002,1.0,False,False
1997,5,13,0.667,0.374875,1.0,False,False
1997,5,14,2.667,1.2918749999999999,1.0,False,False
1997,5,15,6.667,4.791625,1.0,True,False
1997,5,16,3.667,2.291625,1.0,False,False
1997,5,17,3.667,2.08325,1.0,False,False
1997,5,18,2.0,1.2498749999999998,1.0,False,False
1997,5,19,0.667,0.5835,1.0,False,False
1997,5,20,2.0,0.916625,1.0,False,False
1997,5,21,1.333,0.875,1.0,False,False
1997,5,22,1.333,0.708125,1.0,False,False
1997,5,23,0.667,0.541875,1.0,False,False
1997,5,24,2.333,1.7915,1.0,False,False
1997,5,25,2.0,1.166625,1.0,False,False
1997,5,26,3.333,1.70825,1.0,False,False
1997,5,27,6.0,2.874875,1.0,True,False
1997,5,28,2.333,1.25,1.0,False,False
1997,5,29,1.333,0.49975,1.0,False,False
1997,5,30,2.667,1.500125,1.0,False,False
1997,5,31,2.667,1.91675,1.0,False,False
1997,6,1,2.333,1.6247500000000001,1.0,False,False
1997,6,2,2.667,1.416625,1.0,False,False
1997,6,3,3.0,2.125,1.0,False,False
1997,6,4,2.0,1.291625,1.0,False,False
1997,6,5,1.0,0.750125,1.0,False,False
1997,6,6,3.0,1.916625,1.0,False,False
1997,6,7,3.333,2.33325,1.0,False,False
1997,6,8,4.0,2.375,1.0,False,False
1997,6,9,5.667,4.000125,1.0,True,False
1997,6,10,1.667,1.333625,1.0,False,False
1997,6,11,1.667,0.75,1.0,False,False
1997,6,12,2.0,1.25,1.0,False,False
1997,6,13,1.0,0.541625,1.0,False,False
1997,6,14,0.667,0.45825000000000005,1.0,False,False
1997,6,15,2.0,1.374875,1.0,False,False
1997,6,16,2.0,1.41675,1.0,False,False
1997,6,17,1.333,0.874875,1.0,False,False
1997,6,18,1.333,0.666625,1.0,False,False
1997,6,19,3.0,2.0835,1.0,False,False
1997,6,20,1.333,0.95825,1.0,False,False
1997,6,21,0.667,0.33337500000000003,1.0,False,False
1997,6,22,3.0,1.95825,1.0,False,False
1997,6,23,2.333,1.416625,1.0,False,False
1997,6,24,1.333,0.91675,1.0,False,False
1997,6,25,2.667,1.8751250000000002,1.0,False,False
1997,6,26,2.0,1.0415,1.0,False,False
1997,6,27,4.667,2.79175,1.0,False,False
1997,6,28,3.0,1.875,1.0,False,False
1997,6,29,3.333,1.833375,1.0,False,False
1997,6,30,2.0,1.0,1.0,False,False
1997,7,1,1.333,0.9165,1.0,False,False
1997,7,2,1.667,1.0,1.0,False,False
1997,7,3,2.333,1.499875,1.0,False,False
1997,7,4,2.667,1.500125,1.0,False,False
1997,7,5,1.667,0.95825,1.0,False,False
1997,7,6,1.667,1.000125,1.0,False,False
1997,7,7,4.0,2.791625,1.0,False,False
1997,7,8,1.333,0.958375,1.0,False,False
1997,7,9,3.667,2.291875,1.0,False,False
1997,7,10,2.333,1.5,1.0,False,False
1997,7,11,1.667,1.04175,1.0,False,False
1997,7,12,1.0,0.5835,1.0,False,False
1997,7,13,1.0,0.750125,1.0,False,False
1997,7,14,1.0,0.499875,1.0,False,False
1997,7,15,3.667,2.5,1.0,False,False
1997,7,16,1.667,1.208375,1.0,False,False
1997,7,17,3.0,1.541625,1.0,False,False
1997,7,18,3.333,2.0416250000000002,1.0,False,False
1997,7,19,3.0,2.1251249999999997,1.0,False,False
1997,7,20,2.333,1.375,1.0,False,False
1997,7,21,1.667,1.250125,1.0,False,False
1997,7,22,1.667,1.16675,1.0,False,False
1997,7,23,2.333,1.125,1.0,False,False
1997,7,24,3.667,2.458375,1.0,False,False
1997,7,25,2.333,1.25,1.0,False,False
1997,7,26,1.667,0.91675,1.0,False,False
1997,7,27,1.667,1.333375,1.0,False,False
1997,7,28,2.0,1.208375,1.0,False,False
1997,7,29,1.333,0.875125,1.0,False,False
1997,7,30,3.0,1.45825,1.0,False,False
1997,7,31,4.333,2.7915,1.0,False,False
1997,8,1,2.333,1.58325,1.0,False,False
1997,8,2,2.333,1.125,1.0,False,False
1997,8,3,5.0,3.041625,1.0,True,False
1997,8,4,2.667,1.583375,1.0,False,False
1997,8,5,1.333,0.75,1.0,False,False
1997,8,6,1.333,0.625,1.0,False,False
1997,8,7,2.333,1.291625,1.0,False,False
1997,8,8,2.0,1.25,1.0,False,False
1997,8,9,3.0,1.79175,1.0,False,False
1997,8,10,2.667,1.41675,1.0,False,False
1997,8,11,3.333,1.75,1.0,False,False
1997,8,12,3.0,1.291625,1.0,False,False
1997,8,13,3.667,2.5,1.0,False,False
1997,8,14,4.667,2.666625,1.0,False,False
1997,8,15,2.333,1.500125,1.0,False,False
1997,8,16,2.667,1.250125,1.0,False,False
1997,8,17,3.667,2.041625,1.0,False,False
1997,8,18,3.0,1.5,1.0,False,False
1997,8,19,1.667,0.666625,1.0,False,False
1997,8,20,2.333,1.2915,1.0,False,False
1997,8,21,3.333,1.75,1.0,False,False
1997,8,22,2.667,1.625,1.0,False,False
1997,8,23,1.667,0.666625,1.0,False,False
1997,8,24,2.333,1.45825,1.0,False,False
1997,8,25,2.0,0.833375,1.0,False,False
1997,8,26,0.667,0.29150000000000004,1.0,False,False
1997,8,27,1.667,0.75,1.0,False,False
1997,8,28,4.333,2.87475,1.0,False,False
1997,8,29,4.0,2.70825,1.0,False,False
1997,8,30,3.0,2.33325,1.0,False,False
1997,8,31,1.0,0.875,1.0,False,False
1997,9,1,1.667,1.041625,1.0,False,False
1997,9,2,2.0,0.95825,1.0,False,False
1997,9,3,6.333,3.375,1.0,True,False
1997,9,4,5.0,2.625,1.0,True,False
1997,9,5,2.0,1.20825,1.0,False,False
1997,9,6,2.667,1.875125,1.0,False,False
1997,9,7,2.0,0.833375,1.0,False,False
1997,9,8,3.667,2.125,1.0,False,False
1997,9,9,3.667,2.9165,1.0,False,False
1997,9,10,4.667,3.2498750000000003,1.0,False,False
1997,9,11,3.0,2.083375,1.0,False,False
1997,9,12,4.333,2.7498750000000003,1.0,False,False
1997,9,13,3.333,2.04175,1.0,False,False
1997,9,14,3.333,2.6665,1.0,False,False
1997,9,15,3.333,2.41675,1.0,False,False
1997,9,16,3.0,1.58325,1.0,False,False
1997,9,17,3.667,1.91675,1.0,False,False
1997,9,18,5.0,3.125,1.0,True,False
1997,9,19,1.667,0.708375,1.0,False,False
1997,9,20,2.333,1.4583750000000002,1.0,False,False
1997,9,21,5.0,2.4998750000000003,1.0,True,False
1997,9,22,4.333,1.624875,1.0,False,False
1997,9,23,2.0,1.125,1.0,False,False
1997,9,24,2.0,1.04175,1.0,False,False
1997,9,25,1.333,0.708125,1.0,False,False
1997,9,26,1.667,0.958375,1.0,False,False
1997,9,27,4.0,2.7085,1.0,False,False
1997,9,28,4.0,2.5,1.0,False,False
1997,9,29,3.0,1.666625,1.0,False,False
1997,9,30,3.333,2.1665,1.0,False,False
1997,10,1,7.0,4.458375,1.0,True,True
1997,10,2,2.667,1.2085,1.0,False,False
1997,10,3,2.667,1.958375,1.0,False,False
1997,10,4,2.0,0.999875,1.0,False,False
1997,10,5,1.0,0.416625,1.0,False,False
1997,10,6,2.0,0.6665,1.0,False,False
1997,10,7,3.667,2.08325,1.0,False,False
1997,10,8,4.0,2.625,1.0,False,False
1997,10,9,4.333,3.1248750000000003,1.0,False,False
1997,10,10,6.333,3.791625,1.0,True,False
1997,10,11,6.333,2.375,1.0,True,False
1997,10,12,2.667,1.375125,1.0,False,False
1997,10,13,2.667,1.458375,1.0,False,False
1997,10,14,1.667,0.791625,1.0,False,False
1997,10,15,1.667,0.58325,1.0,False,False
1997,10,16,1.667,0.708375,1.0,False,False
1997,10,17,2.333,1.499875,1.0,False,False
1997,10,18,2.0,0.91675,1.0,False,False
1997,10,19,1.0,0.625,1.0,False,False
1997,10,20,2.333,1.33325,1.0,False,False
1997,10,21,1.333,0.708375,1.0,False,False
1997,10,22,2.0,1.083375,1.0,False,False
1997,10,23,3.667,1.708375,1.0,False,False
1997,10,24,5.333,3.1665,1.0,True,False
1997,10,25,5.0,3.2498750000000003,1.0,True,False
1997,10,26,4.667,2.83325,1.0,False,False
1997,10,27,4.667,3.16675,1.0,False,False
1997,10,28,4.0,2.958375,1.0,False,False
1997,10,29,3.0,1.8335,1.0,False,False
1997,10,30,2.667,1.666625,1.0,False,False
1997,10,31,2.0,1.16675,1.0,False,False
1997,11,1,3.333,2.0,1.0,False,False
1997,11,2,1.0,0.416625,1.0,False,False
1997,11,3,2.333,0.875,1.0,False,False
1997,11,4,2.667,2.1665,1.0,False,False
1997,11,5,3.333,1.6665,1.0,False,False
1997,11,6,5.0,2.8751249999999997,1.0,True,False
1997,11,7,7.0,4.125125,1.0,True,True
1997,11,8,2.667,1.250125,1.0,False,False
1997,11,9,4.0,2.291625,1.0,False,False
1997,11,10,4.0,2.374875,1.0,False,False
1997,11,11,3.667,1.54175,1.0,False,False
1997,11,12,1.0,0.5,1.0,False,False
1997,11,13,1.333,0.791625,1.0,False,False
1997,11,14,4.333,2.375,1.0,False,False
1997,11,15,3.0,2.041625,1.0,False,False
1997,11,16,3.333,2.16675,1.0,False,False
1997,11,17,4.0,2.08325,1.0,False,False
1997,11,18,4.0,2.5,1.0,False,False
1997,11,19,1.667,0.708375,1.0,False,False
1997,11,20,1.333,0.4165,1.0,False,False
1997,11,21,1.333,0.33325,1.0,False,False
1997,11,22,6.0,4.624875,1.0,True,False
1997,11,23,7.333,4.75,1.0,True,True
1997,11,24,3.333,2.29175,1.0,False,False
1997,11,25,1.0,0.499875,1.0,False,False
1997,11,26,1.333,0.79175,1.0,False,False
1997,11,27,1.0,0.375,1.0,False,False
1997,11,28,1.0,0.33325,1.0,False,False
1997,11,29,0.667,0.16662500000000002,1.0,False,False
1997,11,30,2.0,1.458375,1.0,False,False
1997,12,1,2.667,0.958375,1.0,False,False
1997,12,2,1.667,0.875,1.0,False,False
1997,12,3,2.333,1.583125,1.0,False,False
1997,12,4,3.0,1.41675,1.0,False,False
1997,12,5,2.667,2.04175,1.0,False,False
1997,12,6,1.667,0.958125,1.0,False,False
1997,12,7,1.667,0.54175,1.0,False,False
1997,12,8,0.333,0.12487500000000001,1.0,False,False
1997,12,9,1.0,0.25,1.0,False,False
1997,12,10,4.0,2.958375,1.0,False,False
1997,12,11,3.333,2.375,1.0,False,False
1997,12,12,1.333,0.45825,1.0,False,False
1997,12,13,0.667,0.16662500000000002,1.0,False,False
1997,12,14,1.0,0.5,1.0,False,False
1997,12,15,2.333,0.666625,1.0,False,False
1997,12,16,2.667,1.0,1.0,False,False
1997,12,17,2.333,1.0,1.0,False,False
1997,12,18,3.667,1.45825,1.0,False,False
1997,12,19,2.0,0.708375,1.0,False,False
1997,12,20,1.333,0.708375,1.0,False,False
1997,12,21,2.667,0.8751249999999999,1.0,False,False
1997,12,22,1.0,0.45837500000000003,1.0,False,False
1997,12,23,1.667,0.875125,1.0,False,False
1997,12,24,2.333,1.0,1.0,False,False
1997,12,25,1.0,0.25,1.0,False,False
1997,12,26,1.0,0.375,1.0,False,False
1997,12,27,0.333,0.08325,1.0,False,False
1997,12,28,0.333,0.1665,1.0,False,False
1997,12,29,1.333,0.416625,1.0,False,False
1997,12,30,4.667,3.291625,1.0,False,False
1997,12,31,1.0,0.70825,1.0,False,False
1998,1,1,2.667,0.9585,1.0,False,False
1998,1,2,2.0,1.416625,1.0,False,False
1998,1,3,1.333,0.7915,1.0,False,False
1998,1,4,1.667,0.625125,1.0,False,False
1998,1,5,1.667,0.70825,1.0,False,False
1998,1,6,4.333,2.916625,1.0,False,False
1998,1,7,6.333,3.04175,1.0,True,False
1998,1,8,3.333,1.833375,1.0,False,False
1998,1,9,3.333,2.0415,1.0,False,False
1998,1,10,2.667,1.7085,1.0,False,False
1998,1,11,2.667,1.54175,1.0,False,False
1998,1,12,2.0,1.0835,1.0,False,False
1998,1,13,2.333,0.916625,1.0,False,False
1998,1,14,1.667,0.7498750000000001,1.0,False,False
1998,1,15,1.333,0.458125,1.0,False,False
1998,1,16,3.333,1.875,1.0,False,False
1998,1,17,2.667,1.750125,1.0,False,False
1998,1,18,3.333,1.750125,1.0,False,False
1998,1,19,2.0,0.916625,1.0,False,False
1998,1,20,4.0,2.625,1.0,False,False
1998,1,21,3.667,1.625125,1.0,False,False
1998,1,22,2.667,0.958375,1.0,False,False
1998,1,23,1.0,0.83325,1.0,False,False
1998,1,24,2.667,1.58325,1.0,False,False
1998,1,25,4.0,2.125125,1.0,False,False
1998,1,26,1.0,0.708375,1.0,False,False
1998,1,27,2.667,1.79175,1.0,False,False
1998,1,28,1.333,0.499875,1.0,False,False
1998,1,29,3.667,1.9165,1.0,False,False
1998,1,30,4.333,3.25,1.0,False,False
1998,1,31,4.333,2.250125,1.0,False,False
1998,2,1,3.0,2.0001249999999997,1.0,False,False
1998,2,2,1.333,0.666625,1.0,False,False
1998,2,3,2.0,0.75,1.0,False,False
1998,2,4,3.333,1.875,1.0,False,False
1998,2,5,1.333,0.75,1.0,False,False
1998,2,6,1.0,0.583375,1.0,False,False
1998,2,7,1.0,0.58325,1.0,False,False
1998,2,8,4.0,1.624875,1.0,False,False
1998,2,9,4.0,2.5,1.0,False,False
1998,2,10,3.333,2.08325,1.0,False,False
1998,2,11,4.333,3.0415,1.0,False,False
1998,2,12,3.667,2.333375,1.0,False,False
1998,2,13,2.667,1.6668749999999999,1.0,False,False
1998,2,14,3.0,1.375,1.0,False,False
1998,2,15,2.667,0.708375,1.0,False,False
1998,2,16,1.0,0.625,1.0,False,False
1998,2,17,5.667,2.375,1.0,True,False
1998,2,18,6.667,4.083375,1.0,True,False
1998,2,19,2.333,1.45825,1.0,False,False
1998,2,20,4.0,1.9585,1.0,False,False
1998,2,21,2.0,1.083375,1.0,False,False
1998,2,22,2.667,1.75,1.0,False,False
1998,2,23,3.0,2.25,1.0,False,False
1998,2,24,1.333,0.708375,1.0,False,False
1998,2,25,1.667,0.708375,1.0,False,False
1998,2,26,1.0,0.4165,1.0,False,False
1998,2,27,2.333,1.208125,1.0,False,False
1998,2,28,5.0,2.6665,1.0,True,False
1998,3,1,4.0,2.958375,1.0,False,False
1998,3,2,3.667,3.1251249999999997,1.0,False,False
1998,3,3,3.0,0.958375,1.0,False,False
1998,3,4,4.0,2.166625,1.0,False,False
1998,3,5,3.667,1.9168749999999999,1.0,False,False
1998,3,6,3.333,1.791625,1.0,False,False
1998,3,7,1.667,0.833375,1.0,False,False
1998,3,8,0.667,0.291625,1.0,False,False
1998,3,9,1.333,0.45825,1.0,False,False
1998,3,10,7.333,4.375,1.0,True,True
1998,3,11,5.333,3.83325,1.0,True,False
1998,3,12,3.667,2.8748750000000003,1.0,False,False
1998,3,13,3.333,2.666625,1.0,False,False
1998,3,14,3.667,2.25,1.0,False,False
1998,3,15,5.0,3.0,1.0,True,False
1998,3,16,3.667,2.54175,1.0,False,False
1998,3,17,3.0,1.875,1.0,False,False
1998,3,18,2.0,0.875125,1.0,False,False
1998,3,19,1.667,0.875,1.0,False,False
1998,3,20,3.0,2.0,1.0,False,False
1998,3,21,6.333,3.7915,1.0,True,False
1998,3,22,3.667,2.583375,1.0,False,False
1998,3,23,2.667,1.2502499999999999,1.0,False,False
1998,3,24,3.0,1.666625,1.0,False,False
1998,3,25,4.667,2.75,1.0,False,False
1998,3,26,4.0,2.25,1.0,False,False
1998,3,27,3.333,3.0,1.0,False,False
1998,3,28,3.333,2.41675,1.0,False,False
1998,3,29,4.667,3.208375,1.0,False,False
1998,3,30,2.667,2.0,1.0,False,False
1998,3,31,3.667,1.749875,1.0,False,False
1998,4,1,1.333,0.708125,1.0,False,False
1998,4,2,2.333,0.6248750000000001,1.0,False,False
1998,4,3,2.667,1.45825,1.0,False,False
1998,4,4,3.333,1.95825,1.0,False,False
1998,4,5,1.667,0.7502500000000001,1.0,False,False
1998,4,6,2.0,1.041625,1.0,False,False
1998,4,7,3.0,1.833375,1.0,False,False
1998,4,8,3.0,1.541625,1.0,False,False
1998,4,9,2.0,1.791875,1.0,False,False
1998,4,10,4.333,2.791625,1.0,False,False
1998,4,11,3.333,2.541625,1.0,False,False
1998,4,12,4.0,1.83325,1.0,False,False
1998,4,13,2.667,0.95825,1.0,False,False
1998,4,14,2.667,1.5835,1.0,False,False
1998,4,15,1.333,0.83325,1.0,False,False
1998,4,16,2.667,1.5835,1.0,False,False
1998,4,17,4.0,2.75,1.0,False,False
1998,4,18,3.0,1.333375,1.0,False,False
1998,4,19,2.667,1.041625,1.0,False,False
1998,4,20,3.667,2.0001249999999997,1.0,False,False
1998,4,21,2.667,1.750125,1.0,False,False
1998,4,22,2.667,1.5002499999999999,1.0,False,False
1998,4,23,5.0,2.29175,1.0,True,False
1998,4,24,5.667,4.125125,1.0,True,False
1998,4,25,5.0,3.75,1.0,True,False
1998,4,26,5.0,4.125125,1.0,True,False
1998,4,27,4.0,2.45825,1.0,False,False
1998,4,28,3.0,2.04175,1.0,False,False
1998,4,29,1.667,1.125125,1.0,False,False
1998,4,30,4.0,2.375125,1.0,False,False
1998,5,1,4.333,1.875,1.0,False,False
1998,5,2,6.667,5.333375,1.0,True,False
1998,5,3,6.0,5.416625,1.0,True,False
1998,5,4,8.667,5.458375,1.0,True,True
1998,5,5,6.667,4.29175,1.0,True,False
1998,5,6,2.333,1.374875,1.0,False,False
1998,5,7,3.0,2.333375,1.0,False,False
1998,5,8,4.333,3.62475,1.0,False,False
1998,5,9,3.667,2.583125,1.0,False,False
1998,5,10,3.0,2.291625,1.0,False,False
1998,5,11,3.667,2.4998750000000003,1.0,False,False
1998,5,12,3.667,2.70825,1.0,False,False
1998,5,13,1.667,1.208375,1.0,False,False
1998,5,14,1.333,0.875,1.0,False,False
1998,5,15,3.0,1.5831250000000001,1.0,False,False
1998,5,16,4.0,2.375,1.0,False,False
1998,5,17,5.0,2.166625,1.0,True,False
1998,5,18,3.0,2.124875,1.0,False,False
1998,5,19,2.333,1.33325,1.0,False,False
1998,5,20,4.333,2.25,1.0,False,False
1998,5,21,3.333,2.7498750000000003,1.0,False,False
1998,5,22,3.333,1.708375,1.0,False,False
1998,5,23,3.333,2.45825,1.0,False,False
1998,5,24,3.667,2.6251249999999997,1.0,False,False
1998,5,25,3.0,2.25,1.0,False,False
1998,5,26,3.0,1.79175,1.0,False,False
1998,5,27,2.0,1.541625,1.0,False,False
1998,5,28,3.0,1.16675,1.0,False,False
1998,5,29,6.667,3.25,1.0,True,False
1998,5,30,4.667,3.083375,1.0,False,False
1998,5,31,2.0,1.04175,1.0,False,False
1998,6,1,1.667,1.0,1.0,False,False
1998,6,2,2.667,1.75,1.0,False,False
1998,6,3,4.0,2.666625,1.0,False,False
1998,6,4,3.0,1.75,1.0,False,False
1998,6,5,4.0,2.54175,1.0,False,False
1998,6,6,4.0,2.8335,1.0,False,False
1998,6,7,4.333,2.83325,1.0,False,False
1998,6,8,3.0,2.29175,1.0,False,False
1998,6,9,3.0,1.91675,1.0,False,False
1998,6,10,4.667,2.708375,1.0,False,False
1998,6,11,3.0,1.291625,1.0,False,False
1998,6,12,2.667,1.416625,1.0,False,False
1998,6,13,2.667,1.083375,1.0,False,False
1998,6,14,4.333,2.5,1.0,False,False
1998,6,15,3.0,1.624875,1.0,False,False
1998,6,16,3.0,1.45825,1.0,False,False
1998,6,17,1.333,0.5,1.0,False,False
1998,6,18,3.0,1.1251250000000002,1.0,False,False
1998,6,19,4.0,2.33325,1.0,False,False
1998,6,20,4.667,2.54175,1.0,False,False
1998,6,21,3.667,2.83325,1.0,False,False
1998,6,22,3.333,2.208375,1.0,False,False
1998,6,23,4.333,1.958375,1.0,False,False
1998,6,24,3.667,3.04175,1.0,False,False
1998,6,25,3.0,2.166875,1.0,False,False
1998,6,26,6.333,4.291625,1.0,True,False
1998,6,27,1.667,1.16675,1.0,False,False
1998,6,28,1.0,0.625125,1.0,False,False
1998,6,29,1.667,0.666625,1.0,False,False
1998,6,30,1.333,0.666625,1.0,False,False
1998,7,1,2.667,1.25,1.0,False,False
1998,7,2,3.333,1.83325,1.0,False,False
1998,7,3,3.333,1.916625,1.0,False,False
1998,7,4,3.333,2.291625,1.0,False,False
1998,7,5,4.0,3.0,1.0,False,False
1998,7,6,5.0,3.04175,1.0,True,False
1998,7,7,2.0,1.208375,1.0,False,False
1998,7,8,1.667,0.708375,1.0,False,False
1998,7,9,4.333,2.333125,1.0,False,False
1998,7,10,2.667,1.125,1.0,False,False
1998,7,11,4.0,2.3748750000000003,1.0,False,False
1998,7,12,3.0,1.41675,1.0,False,False
1998,7,13,2.333,1.041625,1.0,False,False
1998,7,14,1.0,0.374875,1.0,False,False
1998,7,15,2.667,0.6248750000000001,1.0,False,False
1998,7,16,6.0,4.416625,1.0,True,False
1998,7,17,2.667,1.750125,1.0,False,False
1998,7,18,2.667,1.375,1.0,False,False
1998,7,19,2.0,1.124875,1.0,False,False
1998,7,20,2.0,0.791625,1.0,False,False
1998,7,21,3.667,2.125,1.0,False,False
1998,7,22,4.0,2.08325,1.0,False,False
1998,7,23,5.333,4.58325,1.0,True,False
1998,7,24,5.0,3.958375,1.0,True,False
1998,7,25,3.333,2.3748750000000003,1.0,False,False
1998,7,26,2.0,1.166625,1.0,False,False
1998,7,27,1.667,0.833375,1.0,False,False
1998,7,28,2.667,1.25,1.0,False,False
1998,7,29,2.667,1.708375,1.0,False,False
1998,7,30,5.0,1.916625,1.0,True,False
1998,7,31,5.0,4.04175,1.0,True,False
1998,8,1,5.667,2.9998750000000003,1.0,True,False
1998,8,2,2.333,1.5,1.0,False,False
1998,8,3,2.333,1.33325,1.0,False,False
1998,8,4,2.667,1.833375,1.0,False,False
1998,8,5,2.333,1.666625,1.0,False,False
1998,8,6,7.333,4.875,1.0,True,True
1998,8,7,6.0,3.375,1.0,True,False
1998,8,8,2.667,1.75,1.0,False,False
1998,8,9,1.333,0.5415,1.0,False,False
1998,8,10,3.667,2.8748750000000003,1.0,False,False
1998,8,11,3.0,1.5415,1.0,False,False
1998,8,12,3.0,1.666875,1.0,False,False
1998,8,13,2.667,1.333375,1.0,False,False
1998,8,14,2.667,1.499875,1.0,False,False
1998,8,15,2.333,1.125,1.0,False,False
1998,8,16,1.333,0.58325,1.0,False,False
1998,8,17,1.333,0.58325,1.0,False,False
1998,8,18,2.0,1.125,1.0,False,False
1998,8,19,4.0,1.833375,1.0,False,False
1998,8,20,4.0,3.166625,1.0,False,False
1998,8,21,3.0,0.95825,1.0,False,False
1998,8,22,4.333,2.9998750000000003,1.0,False,False
1998,8,23,4.0,3.16675,1.0,False,False
1998,8,24,3.0,2.0,1.0,False,False
1998,8,25,3.667,2.124875,1.0,False,False
1998,8,26,6.333,4.625125,1.0,True,False
1998,8,27,8.0,7.125125,1.0,True,True
1998,8,28,5.0,4.08325,1.0,True,False
1998,8,29,5.333,3.2085,1.0,True,False
1998,8,30,3.667,3.0,1.0,False,False
1998,8,31,4.0,3.1251249999999997,1.0,False,False
1998,9,1,4.0,3.25,1.0,False,False
1998,9,2,2.667,2.041875,1.0,False,False
1998,9,3,3.333,1.7085000000000001,1.0,False,False
1998,9,4,1.667,1.291875,1.0,False,False
1998,9,5,2.667,1.166875,1.0,False,False
1998,9,6,2.333,1.33325,1.0,False,False
1998,9,7,3.0,1.3335000000000001,1.0,False,False
1998,9,8,3.667,1.91675,1.0,False,False
1998,9,9,3.333,1.791625,1.0,False,False
1998,9,10,2.667,1.3335,1.0,False,False
1998,9,11,3.0,1.33325,1.0,False,False
1998,9,12,3.333,2.625,1.0,False,False
1998,9,13,2.667,1.416625,1.0,False,False
1998,9,14,2.0,0.83325,1.0,False,False
1998,9,15,2.333,1.333375,1.0,False,False
1998,9,16,1.667,1.000125,1.0,False,False
1998,9,17,3.0,1.416625,1.0,False,False
1998,9,18,5.333,3.45825,1.0,True,False
1998,9,19,2.667,1.95825,1.0,False,False
1998,9,20,2.667,1.083375,1.0,False,False
1998,9,21,3.667,2.16675,1.0,False,False
1998,9,22,3.333,1.58325,1.0,False,False
1998,9,23,3.0,2.5,1.0,False,False
1998,9,24,6.0,3.625,1.0,True,False
1998,9,25,8.333,6.0,1.0,True,True
1998,9,26,4.333,2.95825,1.0,False,False
1998,9,27,3.333,2.33325,1.0,False,False
1998,9,28,2.0,1.166625,1.0,False,False
1998,9,29,3.0,1.75,1.0,False,False
1998,9,30,4.0,1.958375,1.0,False,False
1998,10,1,5.333,3.6248750000000003,1.0,True,False
1998,10,2,5.333,4.166625,1.0,True,False
1998,10,3,4.333,2.375,1.0,False,False
1998,10,4,1.667,0.791625,1.0,False,False
1998,10,5,1.667,0.6665,1.0,False,False
1998,10,6,2.333,0.6665000000000001,1.0,False,False
1998,10,7,5.667,3.66675,1.0,True,False
1998,10,8,4.333,2.95825,1.0,False,False
1998,10,9,4.0,3.041625,1.0,False,False
1998,10,10,3.333,1.7915,1.0,False,False
1998,10,11,3.0,1.54175,1.0,False,False
1998,10,12,3.0,1.083375,1.0,False,False
1998,10,13,2.0,1.2085,1.0,False,False
1998,10,14,2.333,0.45812500000000006,1.0,False,False
1998,10,15,2.667,0.874875,1.0,False,False
1998,10,16,1.667,0.66675,1.0,False,False
1998,10,17,2.667,2.083375,1.0,False,False
1998,10,18,3.333,2.20825,1.0,False,False
1998,10,19,6.667,5.33325,1.0,True,False
1998,10,20,5.0,3.375,1.0,True,False
1998,10,21,4.667,3.5,1.0,False,False
1998,10,22,4.333,3.375,1.0,False,False
1998,10,23,4.0,2.8748750000000003,1.0,False,False
1998,10,24,3.333,2.5,1.0,False,False
1998,10,25,4.0,2.4165,1.0,False,False
1998,10,26,2.0,0.9998750000000001,1.0,False,False
1998,10,27,4.667,2.0001249999999997,1.0,False,False
1998,10,28,3.0,2.1666250000000002,1.0,False,False
1998,10,29,3.333,2.458375,1.0,False,False
1998,10,30,2.667,1.124875,1.0,False,False
1998,10,31,3.333,1.0,1.0,False,False
1998,11,1,1.667,0.875125,1.0,False,False
1998,11,2,2.333,1.0831250000000001,1.0,False,False
1998,11,3,2.333,1.5833750000000002,1.0,False,False
1998,11,4,2.667,1.41675,1.0,False,False
1998,11,5,3.0,1.958375,1.0,False,False
1998,11,6,4.333,3.416625,1.0,False,False
1998,11,7,5.0,3.708375,1.0,True,False
1998,11,8,7.667,4.875,1.0,True,True
1998,11,9,6.667,5.750125,1.0,True,False
1998,11,10,3.667,1.333375,1.0,False,False
1998,11,11,1.667,0.625,1.0,False,False
1998,11,12,1.667,0.833375,1.0,False,False
1998,11,13,6.0,5.500125,1.0,True,False
1998,11,14,5.667,4.5,1.0,True,False
1998,11,15,3.333,2.20825,1.0,False,False
1998,11,16,2.667,1.875,1.0,False,False
1998,11,17,3.0,1.291625,1.0,False,False
1998,11,18,2.333,1.999875,1.0,False,False
1998,11,19,2.667,1.875,1.0,False,False
1998,11,20,3.333,2.166625,1.0,False,False
1998,11,21,2.333,1.624875,1.0,False,False
1998,11,22,2.333,1.5415,1.0,False,False
1998,11,23,3.333,2.5,1.0,False,False
1998,11,24,4.0,3.0,1.0,False,False
1998,11,25,3.667,2.66675,1.0,False,False
1998,11,26,3.333,2.374875,1.0,False,False
1998,11,27,3.0,2.04175,1.0,False,False
1998,11,28,3.0,1.541625,1.0,False,False
1998,11,29,3.667,1.874875,1.0,False,False
1998,11,30,4.333,3.08325,1.0,False,False
1998,12,1,3.333,2.4165,1.0,False,False
1998,12,2,2.0,1.125,1.0,False,False
1998,12,3,3.333,1.75,1.0,False,False
1998,12,4,3.333,2.33325,1.0,False,False
1998,12,5,3.667,2.75,1.0,False,False
1998,12,6,2.333,1.874875,1.0,False,False
1998,12,7,2.667,1.833375,1.0,False,False
1998,12,8,1.667,0.9585,1.0,False,False
1998,12,9,3.333,1.5,1.0,False,False
1998,12,10,3.333,1.541625,1.0,False,False
1998,12,11,5.333,4.25,1.0,True,False
1998,12,12,3.333,1.70825,1.0,False,False
1998,12,13,1.333,0.708125,1.0,False,False
1998,12,14,2.0,1.375,1.0,False,False
1998,12,15,3.0,1.25025,1.0,False,False
1998,12,16,3.333,2.33325,1.0,False,False
1998,12,17,0.333,0.041625,1.0,False,False
1998,12,18,1.333,0.58325,1.0,False,False
1998,12,19,3.667,1.833375,1.0,False,False
1998,12,20,3.0,2.62525,1.0,False,False
1998,12,21,1.333,0.833375,1.0,False,False
1998,12,22,2.667,1.0,1.0,False,False
1998,12,23,2.333,1.583375,1.0,False,False
1998,12,24,1.333,0.95825,1.0,False,False
1998,12,25,4.0,2.58325,1.0,False,False
1998,12,26,4.0,2.83325,1.0,False,False
1998,12,27,2.0,0.45825,1.0,False,False
1998,12,28,3.667,1.5,1.0,False,False
1998,12,29,5.0,3.375,1.0,True,False
1998,12,30,2.667,1.541625,1.0,False,False
1998,12,31,1.667,0.875125,1.0,False,False
1999,1,1,2.667,1.58325,1.0,False,False
1999,1,2,2.333,1.7915,1.0,False,False
1999,1,3,2.333,1.04175,1.0,False,False
1999,1,4,2.667,1.7501250000000002,1.0,False,False
1999,1,5,3.333,1.9165,1.0,False,False
1999,1,6,3.333,2.2915,1.0,False,False
1999,1,7,3.0,2.083375,1.0,False,False
1999,1,8,4.0,3.166625,1.0,False,False
1999,1,9,3.667,2.333375,1.0,False,False
1999,1,10,3.0,1.45825,1.0,False,False
1999,1,11,2.0,1.5,1.0,False,False
1999,1,12,2.333,1.33325,1.0,False,False
1999,1,13,7.0,3.8748750000000003,1.0,True,True
1999,1,14,5.333,3.916625,1.0,True,False
1999,1,15,4.667,3.333375,1.0,False,False
1999,1,16,3.333,1.9163750000000002,1.0,False,False
1999,1,17,2.667,1.458375,1.0,False,False
1999,1,18,3.0,1.08325,1.0,False,False
1999,1,19,2.0,0.95825,1.0,False,False
1999,1,20,3.333,1.666625,1.0,False,False
1999,1,21,3.0,1.375,1.0,False,False
1999,1,22,4.0,2.45825,1.0,False,False
1999,1,23,5.0,3.3748750000000003,1.0,True,False
1999,1,24,4.333,3.083375,1.0,False,False
1999,1,25,3.667,2.08325,1.0,False,False
1999,1,26,2.333,1.208375,1.0,False,False
1999,1,27,3.0,2.2083749999999998,1.0,False,False
1999,1,28,2.667,1.79175,1.0,False,False
1999,1,29,2.333,1.95825,1.0,False,False
1999,1,30,2.0,0.999875,1.0,False,False
1999,1,31,1.667,0.7917500000000001,1.0,False,False
1999,2,1,0.333,0.041625,1.0,False,False
1999,2,2,1.0,0.20825,1.0,False,False
1999,2,3,2.333,1.416625,1.0,False,False
1999,2,4,3.0,2.083375,1.0,False,False
1999,2,5,3.0,2.2501249999999997,1.0,False,False
1999,2,6,3.667,2.6251249999999997,1.0,False,False
1999,2,7,3.333,2.708375,1.0,False,False
1999,2,8,2.0,1.54175,1.0,False,False
1999,2,9,1.667,0.750125,1.0,False,False
1999,2,10,2.333,1.416625,1.0,False,False
1999,2,11,4.0,3.41675,1.0,False,False
1999,2,12,4.333,3.70825,1.0,False,False
1999,2,13,2.667,1.91675,1.0,False,False
1999,2,14,3.0,1.79175,1.0,False,False
1999,2,15,4.0,2.91675,1.0,False,False
1999,2,16,2.0,0.958375,1.0,False,False
1999,2,17,5.0,2.7501249999999997,1.0,True,False
1999,2,18,6.667,5.875125,1.0,True,False
1999,2,19,5.667,4.5,1.0,True,False
1999,2,20,2.333,0.7498750000000001,1.0,False,False
1999,2,21,2.667,0.83325,1.0,False,False
1999,2,22,2.333,1.5415,1.0,False,False
1999,2,23,3.333,1.999875,1.0,False,False
1999,2,24,3.333,2.083375,1.0,False,False
1999,2,25,3.667,1.375125,1.0,False,False
1999,2,26,1.0,0.25,1.0,False,False
1999,2,27,1.667,1.04175,1.0,False,False
1999,2,28,5.333,2.458375,1.0,True,False
1999,3,1,5.667,4.583375,1.0,True,False
1999,3,2,5.667,3.2501249999999997,1.0,True,False
1999,3,3,4.667,2.91675,1.0,False,False
1999,3,4,5.0,4.0835,1.0,True,False
1999,3,5,4.667,2.750125,1.0,False,False
1999,3,6,4.667,2.541625,1.0,False,False
1999,3,7,4.667,3.5001249999999997,1.0,False,False
1999,3,8,4.333,2.458375,1.0,False,False
1999,3,9,4.333,3.45825,1.0,False,False
1999,3,10,6.333,3.875,1.0,True,False
1999,3,11,3.667,2.9166250000000002,1.0,False,False
1999,3,12,3.333,2.4998750000000003,1.0,False,False
1999,3,13,3.333,1.4165,1.0,False,False
1999,3,14,4.0,2.91675,1.0,False,False
1999,3,15,4.333,2.625125,1.0,False,False
1999,3,16,1.333,0.7915,1.0,False,False
1999,3,17,2.667,1.16675,1.0,False,False
1999,3,18,2.333,1.625,1.0,False,False
1999,3,19,3.0,1.583375,1.0,False,False
1999,3,20,2.0,1.249875,1.0,False,False
1999,3,21,2.667,1.125,1.0,False,False
1999,3,22,1.667,0.624875,1.0,False,False
1999,3,23,2.333,1.4585,1.0,False,False
1999,3,24,2.0,0.83325,1.0,False,False
1999,3,25,3.333,1.58325,1.0,False,False
1999,3,26,2.667,1.45825,1.0,False,False
1999,3,27,2.333,1.0,1.0,False,False
1999,3,28,2.333,1.583375,1.0,False,False
1999,3,29,5.667,3.91675,1.0,True,False
1999,3,30,4.0,3.583375,1.0,False,False
1999,3,31,4.333,2.91675,1.0,False,False
1999,4,1,4.333,1.999875,1.0,False,False
1999,4,2,3.333,2.2915,1.0,False,False
1999,4,3,3.667,2.333375,1.0,False,False
1999,4,4,4.0,2.7498750000000003,1.0,False,False
1999,4,5,3.333,2.4166250000000002,1.0,False,False
1999,4,6,4.0,2.0835,1.0,False,False
1999,4,7,3.667,2.41675,1.0,False,False
1999,4,8,4.0,1.791625,1.0,False,False
1999,4,9,2.333,1.458375,1.0,False,False
1999,4,10,3.667,3.0001249999999997,1.0,False,False
1999,4,11,3.0,2.20825,1.0,False,False
1999,4,12,3.667,1.625,1.0,False,False
1999,4,13,1.333,0.83325,1.0,False,False
1999,4,14,3.0,1.66675,1.0,False,False
1999,4,15,1.333,0.874875,1.0,False,False
1999,4,16,5.0,2.8335,1.0,True,False
1999,4,17,7.333,4.0832500000000005,1.0,True,True
1999,4,18,2.667,1.66675,1.0,False,False
1999,4,19,3.667,2.375,1.0,False,False
1999,4,20,4.333,3.70825,1.0,False,False
1999,4,21,4.333,2.416625,1.0,False,False
1999,4,22,1.667,1.04175,1.0,False,False
1999,4,23,1.667,1.2085,1.0,False,False
1999,4,24,2.333,1.4165,1.0,False,False
1999,4,25,2.333,1.124875,1.0,False,False
1999,4,26,2.333,1.5415,1.0,False,False
1999,4,27,4.333,2.54175,1.0,False,False
1999,4,28,4.667,3.25,1.0,False,False
1999,4,29,4.667,3.666625,1.0,False,False
1999,4,30,4.333,3.666625,1.0,False,False
1999,5,1,4.0,3.5,1.0,False,False
1999,5,2,3.333,2.541625,1.0,False,False
1999,5,3,3.0,1.95825,1.0,False,False
1999,5,4,1.333,1.041625,1.0,False,False
1999,5,5,3.0,1.583375,1.0,False,False
1999,5,6,2.667,2.2085,1.0,False,False
1999,5,7,2.667,1.875125,1.0,False,False
1999,5,8,1.667,1.041625,1.0,False,False
1999,5,9,1.667,1.208375,1.0,False,False
1999,5,10,2.0,1.083375,1.0,False,False
1999,5,11,0.333,0.24975000000000003,1.0,False,False
1999,5,12,3.333,2.0416250000000002,1.0,False,False
1999,5,13,5.0,3.6251249999999997,1.0,True,False
1999,5,14,3.0,1.874875,1.0,False,False
1999,5,15,2.0,1.58325,1.0,False,False
1999,5,16,1.333,0.791625,1.0,False,False
1999,5,17,1.0,0.5415,1.0,False,False
1999,5,18,5.0,3.875,1.0,True,False
1999,5,19,3.0,2.291625,1.0,False,False
1999,5,20,2.667,1.875125,1.0,False,False
1999,5,21,2.667,1.291625,1.0,False,False
1999,5,22,1.333,0.750125,1.0,False,False
1999,5,23,3.333,1.875,1.0,False,False
1999,5,24,4.0,2.41675,1.0,False,False
1999,5,25,4.0,2.833375,1.0,False,False
1999,5,26,2.333,1.66675,1.0,False,False
1999,5,27,3.0,1.708375,1.0,False,False
1999,5,28,2.333,1.8331250000000001,1.0,False,False
1999,5,29,1.667,0.83325,1.0,False,False
1999,5,30,2.333,1.08325,1.0,False,False
1999,5,31,1.333,0.541625,1.0,False,False
1999,6,1,2.333,1.5415,1.0,False,False
1999,6,2,4.333,1.9165,1.0,False,False
1999,6,3,3.333,1.66675,1.0,False,False
1999,6,4,2.667,2.041625,1.0,False,False
1999,6,5,2.0,1.0,1.0,False,False
1999,6,6,1.333,0.708375,1.0,False,False
1999,6,7,2.333,1.208375,1.0,False,False
1999,6,8,3.667,2.7498750000000003,1.0,False,False
1999,6,9,4.0,2.66675,1.0,False,False
1999,6,10,2.333,1.041875,1.0,False,False
1999,6,11,2.0,1.04175,1.0,False,False
1999,6,12,2.333,1.2081250000000001,1.0,False,False
1999,6,13,2.0,1.16675,1.0,False,False
1999,6,14,1.0,0.499875,1.0,False,False
1999,6,15,3.333,1.2081250000000001,1.0,False,False
1999,6,16,2.667,1.75,1.0,False,False
1999,6,17,2.333,1.5415,1.0,False,False
1999,6,18,2.667,1.66675,1.0,False,False
1999,6,19,1.667,1.04175,1.0,False,False
1999,6,20,1.333,0.58325,1.0,False,False
1999,6,21,0.667,0.416625,1.0,False,False
1999,6,22,1.333,0.45825000000000005,1.0,False,False
1999,6,23,2.0,1.125,1.0,False,False
1999,6,24,1.667,1.16675,1.0,False,False
1999,6,25,1.667,0.79175,1.0,False,False
1999,6,26,4.667,3.208375,1.0,False,False
1999,6,27,5.333,3.583375,1.0,True,False
1999,6,28,6.0,3.2915,1.0,True,False
1999,6,29,2.333,1.791625,1.0,False,False
1999,6,30,1.333,0.666625,1.0,False,False
1999,7,1,2.667,1.5,1.0,False,False
1999,7,2,5.0,3.83325,1.0,True,False
1999,7,3,3.667,1.875,1.0,False,False
1999,7,4,0.667,0.33325000000000005,1.0,False,False
1999,7,5,1.667,0.625,1.0,False,False
1999,7,6,3.0,1.875125,1.0,False,False
1999,7,7,2.0,1.08325,1.0,False,False
1999,7,8,2.333,1.66675,1.0,False,False
1999,7,9,2.333,0.875125,1.0,False,False
1999,7,10,2.0,0.958375,1.0,False,False
1999,7,11,2.333,0.958375,1.0,False,False
1999,7,12,3.333,2.33325,1.0,False,False
1999,7,13,1.667,1.04175,1.0,False,False
1999,7,14,3.0,1.04175,1.0,False,False
1999,7,15,3.0,2.1666250000000002,1.0,False,False
1999,7,16,1.333,0.958375,1.0,False,False
1999,7,17,1.333,0.791625,1.0,False,False
1999,7,18,1.333,1.0,1.0,False,False
1999,7,19,1.667,0.875125,1.0,False,False
1999,7,20,2.667,1.16675,1.0,False,False
1999,7,21,4.667,2.3335,1.0,False,False
1999,7,22,4.667,3.75,1.0,False,False
1999,7,23,3.0,2.4166250000000002,1.0,False,False
1999,7,24,3.333,2.458375,1.0,False,False
1999,7,25,3.0,2.0,1.0,False,False
1999,7,26,2.333,1.58325,1.0,False,False
1999,7,27,2.333,1.29175,1.0,False,False
1999,7,28,3.333,1.91675,1.0,False,False
1999,7,29,3.0,1.458375,1.0,False,False
1999,7,30,7.667,4.375,1.0,True,True
1999,7,31,5.333,3.625,1.0,True,False
1999,8,1,4.333,1.45825,1.0,False,False
1999,8,2,2.333,1.583375,1.0,False,False
1999,8,3,2.0,1.16675,1.0,False,False
1999,8,4,3.333,2.08325,1.0,False,False
1999,8,5,2.333,1.749875,1.0,False,False
1999,8,6,4.0,2.708375,1.0,False,False
1999,8,7,3.667,2.16675,1.0,False,False
1999,8,8,3.667,1.541875,1.0,False,False
1999,8,9,3.667,2.45825,1.0,False,False
1999,8,10,2.333,1.1247500000000001,1.0,False,False
1999,8,11,2.667,1.54175,1.0,False,False
1999,8,12,2.667,1.916875,1.0,False,False
1999,8,13,3.0,1.958375,1.0,False,False
1999,8,14,1.667,1.083375,1.0,False,False
1999,8,15,4.667,2.9165,1.0,False,False
1999,8,16,5.333,3.833375,1.0,True,False
1999,8,17,5.333,3.95825,1.0,True,False
1999,8,18,5.0,3.95825,1.0,True,False
1999,8,19,4.333,3.791625,1.0,False,False
1999,8,20,5.667,4.29175,1.0,True,False
1999,8,21,2.0,1.291625,1.0,False,False
1999,8,22,4.333,2.125,1.0,False,False
1999,8,23,5.667,4.083375,1.0,True,False
1999,8,24,5.667,4.0,1.0,True,False
1999,8,25,4.0,1.916625,1.0,False,False
1999,8,26,4.0,2.75,1.0,False,False
1999,8,27,3.333,2.7498750000000003,1.0,False,False
1999,8,28,3.0,2.7085,1.0,False,False
1999,8,29,3.0,2.25,1.0,False,False
1999,8,30,5.0,3.5001249999999997,1.0,True,False
1999,8,31,5.0,3.4998750000000003,1.0,True,False
1999,9,1,4.333,3.416625,1.0,False,False
1999,9,2,3.333,2.125125,1.0,False,False
1999,9,3,4.0,2.7498750000000003,1.0,False,False
1999,9,4,3.333,2.541625,1.0,False,False
1999,9,5,3.0,1.458375,1.0,False,False
1999,9,6,2.0,1.41675,1.0,False,False
1999,9,7,4.333,3.04175,1.0,False,False
1999,9,8,3.0,1.916625,1.0,False,False
1999,9,9,3.667,2.041875,1.0,False,False
1999,9,10,3.667,3.0415,1.0,False,False
1999,9,11,4.0,2.000125,1.0,False,False
1999,9,12,6.0,3.833375,1.0,True,False
1999,9,13,6.0,4.833375,1.0,True,False
1999,9,14,4.667,3.41675,1.0,False,False
1999,9,15,5.667,3.62525,1.0,True,False
1999,9,16,6.0,3.916625,1.0,True,False
1999,9,17,4.333,2.95825,1.0,False,False
1999,9,18,4.0,2.4585,1.0,False,False
1999,9,19,3.333,2.2085,1.0,False,False
1999,9,20,3.333,2.041625,1.0,False,False
1999,9,21,3.667,2.333375,1.0,False,False
1999,9,22,8.0,4.04175,1.0,True,True
1999,9,23,6.333,2.9998750000000003,1.0,True,False
1999,9,24,2.0,1.249875,1.0,False,False
1999,9,25,1.333,0.833375,1.0,False,False
1999,9,26,5.333,2.333375,1.0,True,False
1999,9,27,5.667,4.791625,1.0,True,False
1999,9,28,4.667,3.875,1.0,False,False
1999,9,29,4.667,3.7498750000000003,1.0,False,False
1999,9,30,5.333,3.70825,1.0,True,False
1999,10,1,3.0,2.125,1.0,False,False
1999,10,2,3.667,2.66675,1.0,False,False
1999,10,3,2.667,2.083375,1.0,False,False
1999,10,4,3.667,3.083375,1.0,False,False
1999,10,5,4.0,3.208375,1.0,False,False
1999,10,6,2.333,1.45825,1.0,False,False
1999,10,7,2.333,1.291625,1.0,False,False
1999,10,8,3.0,1.66675,1.0,False,False
1999,10,9,3.0,1.500125,1.0,False,False
1999,10,10,5.667,4.16675,1.0,True,False
1999,10,11,5.0,4.041625,1.0,True,False
1999,10,12,5.333,4.874875,1.0,True,False
1999,10,13,4.667,3.66675,1.0,False,False
1999,10,14,5.0,4.166625,1.0,True,False
1999,10,15,5.0,4.083375,1.0,True,False
1999,10,16,4.667,3.8335,1.0,False,False
1999,10,17,4.667,3.29175,1.0,False,False
1999,10,18,2.333,1.58325,1.0,False,False
1999,10,19,3.0,1.20825,1.0,False,False
1999,10,20,1.0,0.750125,1.0,False,False
1999,10,21,5.0,3.125,1.0,True,False
1999,10,22,8.0,5.75,1.0,True,True
1999,10,23,5.333,4.166625,1.0,True,False
1999,10,24,4.667,3.916625,1.0,False,False
1999,10,25,3.667,2.9166250000000002,1.0,False,False
1999,10,26,2.667,2.2501249999999997,1.0,False,False
1999,10,27,4.667,3.2501249999999997,1.0,False,False
1999,10,28,5.333,3.166625,1.0,True,False
1999,10,29,2.667,2.16675,1.0,False,False
1999,10,30,2.333,1.583375,1.0,False,False
1999,10,31,3.667,2.29175,1.0,False,False
1999,11,1,3.667,2.291625,1.0,False,False
1999,11,2,2.667,1.75,1.0,False,False
1999,11,3,3.0,1.249875,1.0,False,False
1999,11,4,2.333,1.208375,1.0,False,False
1999,11,5,3.0,1.08325,1.0,False,False
1999,11,6,3.667,2.16675,1.0,False,False
1999,11,7,5.0,4.08325,1.0,True,False
1999,11,8,4.667,4.125125,1.0,False,False
1999,11,9,4.667,4.083375,1.0,False,False
1999,11,10,3.667,3.2498750000000003,1.0,False,False
1999,11,11,4.667,3.875,1.0,False,False
1999,11,12,3.0,2.45825,1.0,False,False
1999,11,13,6.333,4.58325,1.0,True,False
1999,11,14,3.0,2.5835,1.0,False,False
1999,11,15,2.333,1.20825,1.0,False,False
1999,11,16,4.333,2.66675,1.0,False,False
1999,11,17,3.0,2.583375,1.0,False,False
1999,11,18,3.667,3.166625,1.0,False,False
1999,11,19,4.0,2.5,1.0,False,False
1999,11,20,3.333,1.958375,1.0,False,False
1999,11,21,3.333,2.5,1.0,False,False
1999,11,22,3.667,2.291625,1.0,False,False
1999,11,23,4.667,3.16675,1.0,False,False
1999,11,24,5.0,3.3748750000000003,1.0,True,False
1999,11,25,4.667,3.125,1.0,False,False
1999,11,26,2.0,0.916625,1.0,False,False
1999,11,27,1.333,0.37487499999999996,1.0,False,False
1999,11,28,2.667,2.166625,1.0,False,False
1999,11,29,2.333,1.08325,1.0,False,False
1999,11,30,3.333,2.3748750000000003,1.0,False,False
1999,12,1,2.333,1.249875,1.0,False,False
1999,12,2,2.333,1.16675,1.0,False,False
1999,12,3,4.0,3.0001249999999997,1.0,False,False
1999,12,4,5.0,4.08325,1.0,True,False
1999,12,5,4.333,3.4585,1.0,False,False
1999,12,6,4.333,3.20825,1.0,False,False
1999,12,7,3.667,3.08325,1.0,False,False
1999,12,8,3.667,2.875,1.0,False,False
1999,12,9,3.667,2.833375,1.0,False,False
1999,12,10,3.333,2.291625,1.0,False,False
1999,12,11,3.333,1.666625,1.0,False,False
1999,12,12,3.667,2.25,1.0,False,False
1999,12,13,5.667,3.375,1.0,True,False
1999,12,14,1.333,0.666625,1.0,False,False
1999,12,15,3.0,0.708125,1.0,False,False
1999,12,16,2.0,1.375125,1.0,False,False
1999,12,17,2.667,1.833375,1.0,False,False
1999,12,18,2.667,1.541625,1.0,False,False
1999,12,19,2.0,1.25,1.0,False,False
1999,12,20,1.667,0.708375,1.0,False,False
1999,12,21,1.0,0.5,1.0,False,False
1999,12,22,0.333,0.12487500000000001,1.0,False,False
1999,12,23,1.667,0.583375,1.0,False,False
1999,12,24,4.0,2.291625,1.0,False,False
1999,12,25,3.333,2.249875,1.0,False,False
1999,12,26,1.667,0.416625,1.0,False,False
1999,12,27,3.333,1.625125,1.0,False,False
1999,12,28,3.333,1.874875,1.0,False,False
1999,12,29,3.333,1.875,1.0,False,False
1999,12,30,4.333,2.041625,1.0,False,False
1999,12,31,5.667,4.375125,1.0,True,False
2000,1,1,5.333,4.08325,1.0,True,False
2000,1,2,3.333,3.1665,1.0,False,False
2000,1,3,3.333,2.625,1.0,False,False
2000,1,4,3.667,2.7498750000000003,1.0,False,False
2000,1,5,4.0,3.3748750000000003,1.0,False,False
2000,1,6,4.333,3.2915,1.0,False,False
2000,1,7,3.333,2.33325,1.0,False,False
2000,1,8,2.333,1.29175,1.0,False,False
