Latitude,Longitude,LocalDate,LimitingMag,SQMReading,CloudCover,Country
-32.5466,116.008,2016-11-30,6,21.28,0,Australia
-27.5623,153.224,2016-12-13,5,20.21,0,Australia
-27.5623,153.224,2016-12-13,3,17.44,0,Australia
-27.5623,153.224,2016-12-13,3,17.47,0,Australia
-27.5623,153.224,2016-12-14,5,19.24,0,Australia
-34.0497,150.826,2016-12-21,1,14.49,0,Australia
-34.0498,150.826,2016-12-21,1,15.25,0,Australia
-34.0498,150.826,2016-12-21,1,15.13,0,Australia
-30.4984,151.672,2016-12-21,6,21.2,0,Australia
-38.0676,145.303,2016-12-25,4,18.72,0,Australia
-38.0671,145.303,2016-12-26,1,14.98,0,Australia
-30.4982,151.672,2016-12-27,6,21.76,0,Australia
-30.4981,151.672,2016-12-28,6,20.76,0,Australia
-30.4983,151.672,2016-12-30,6,20.81,0,Australia
-30.4977,151.672,2016-12-30,6,21.87,0,Australia
-32.2904,115.703,2016-12-25,4,,0,Australia
-30.4979,151.672,2016-12-21,7,22.15,0,Australia
-30.498,151.672,2016-12-03,7,22.72,0,Australia
-30.4978,151.672,2016-11-25,7,22.48,0,Australia
-37.8867,145.023,2016-10-24,4,18.78,0,Australia
-37.8866,145.023,2016-10-24,4,18.73,0,Australia
-33.7689,151.09,2016-11-02,4,18.46,0,Australia
-33.769,151.09,2016-11-02,3,17.51,0,Australia
-33.7689,151.09,2016-11-02,4,18.45,0,Australia
-33.7689,151.09,2016-11-02,4,18.63,0,Australia
-33.769,151.09,2016-11-02,4,18.58,0,Australia
-32.247,151.678,2016-10-29,5,19.45,0,Australia
-32.247,151.678,2016-10-29,6,20.92,0,Australia
-31.9221,115.76,2016-11-04,6,20.54,0,Australia
-31.9221,115.76,2016-11-04,5,19.5,0,Australia
-31.922,115.76,2016-11-04,5,19.59,0,Australia
-31.922,115.76,2016-11-04,4,18.97,0,Australia
-31.922,115.76,2016-11-04,5,20.15,0,Australia
-31.922,115.759,2016-11-04,5,19.65,0,Australia
-31.922,115.76,2016-10-05,5,19.09,0,Australia
-26.7583,152.865,2016-11-04,6,21.93,0,Australia
-26.7593,152.867,2016-11-04,6,21.75,0,Australia
-26.7593,152.867,2016-11-04,6,21.21,0,Australia
-26.7592,152.867,2016-11-04,6,21.52,0,Australia
-30.4978,151.672,2016-10-24,5,19.77,0,Australia
-30.4982,151.672,2016-10-05,6,21.65,0,Australia
-30.4982,151.672,2016-10-04,6,21.65,0,Australia
-30.4981,151.672,2016-10-03,6,21.92,0,Australia
-34.0855,138.786,2016-10-01,6,,0,Australia
-27.5162,153.205,2016-09-25,3,,0,Australia
-33.7954,151.25,2016-05-27,3,,0,Australia
-30.4976,151.672,2016-09-04,6,21.64,0,Australia
-30.4977,151.672,2016-09-03,6,21.64,0,Australia
-30.4973,151.672,2016-08-29,6,20.9,0,Australia
-30.4976,151.672,2016-08-28,6,21.5,0,Australia
-33.751,151.254,2016-08-27,6,,0,Australia
-33.7349,151.246,2016-08-27,6,,0,Australia
-33.7439,151.256,2016-08-27,6,,0,Australia
-30.4983,151.672,2016-08-27,6,21.94,0,Australia
-33.7549,151.296,2016-08-27,5,,0,Australia
-34.0752,150.835,2016-08-08,4,17.86,0,Australia
-34.0749,150.834,2016-08-05,4,17.8,0,Australia
-34.0753,150.834,2016-08-05,3,17.12,0,Australia
-34.075,150.834,2016-08-05,3,16.93,0,Australia
-33.7944,151.039,2016-08-05,2,16.02,0,Australia
-26.6509,153.092,2016-07-22,3,17.23,0,Australia
-37.785,144.972,2016-07-03,4,18.07,0,Australia
-32.4357,115.761,2016-08-20,3,17.06,0,Australia
-33.7753,151.043,2016-08-15,4,18.78,0,Australia
-30.4967,151.672,2016-08-25,6,21.5,0,Australia
-30.5016,151.666,2016-08-21,6,21.23,0,Australia
-37.6958,143.974,2016-08-04,6,21.42,0,Australia
-33.7954,151.25,2016-07-30,6,20.49,0,Australia
-33.7954,151.251,2016-07-29,6,20.64,0,Australia
-33.7955,151.25,2016-07-27,6,20.64,0,Australia
-33.7954,151.251,2016-07-25,6,20.82,0,Australia
-33.7954,151.251,2016-07-24,6,20.89,0,Australia
-33.7954,151.25,2016-07-03,6,20.91,0,Australia
-33.7954,151.25,2016-05-27,3,,0,Australia
-37.8885,145.491,2016-05-14,6,,0,Australia
-33.7954,151.25,2016-05-10,6,20.45,0,Australia
-32.902,151.703,2016-05-07,4,,0,Australia
-32.1239,115.929,2016-05-07,4,,0,Australia
-32.1241,115.929,2016-05-07,4,,0,Australia
-33.6729,150.863,2016-05-07,2,,0,Australia
-33.6728,150.863,2016-05-07,2,,0,Australia
-33.7954,151.25,2016-05-05,6,20.55,0,Australia
-33.7954,151.25,2016-05-06,6,20.45,0,Australia
-33.7954,151.25,2016-05-03,6,20.85,0,Australia
-35.3815,149.064,2016-05-01,4,,0,Australia
-33.7953,151.25,2016-04-30,6,20.75,0,Australia
-33.7953,151.25,2016-04-28,6,20.66,0,Australia
-35.6548,137.641,2016-04-27,6,,0,Australia
-31.7544,115.738,2016-02-18,5,19.17,0,Australia
-31.7544,115.738,2016-02-18,4,18.82,0,Australia
-32.0034,115.89,2016-03-12,4,18.48,0,Australia
-32.0034,115.89,2016-03-12,4,18.68,0,Australia
-35.0215,138.542,2016-04-07,4,18.41,0,Australia
-33.6206,149.738,2016-04-08,4,18.32,0,Australia
-33.7355,149.579,2016-04-09,4,18.45,0,Australia
-33.7355,149.579,2016-04-09,7,22.93,0,Australia
-33.7355,149.579,2016-04-10,7,23.04,0,Australia
-33.921,151.148,2016-04-05,3,,0,Australia
-33.7354,149.581,2016-04-08,7,22.8,0,Australia
-30.9801,150.252,2016-04-05,6,,0,Australia
-31.9089,115.902,2016-04-02,4,,0,Australia
-33.8597,151.205,2016-03-09,2,,0,Australia
-37.8231,140.682,2016-03-06,6,,0,Australia
-33.8144,151.177,2016-03-05,3,,0,Australia
-37.9328,145.447,2016-03-03,6,,0,Australia
-37.8131,144.98,2016-03-03,4,18.36,0,Australia
-33.7954,151.25,2016-03-01,5,19.5,0,Australia
-33.7974,150.908,2016-03-01,3,,0,Australia
-33.9069,151.172,2016-02-23,4,,0,Australia
-33.7954,151.25,2016-02-13,5,20.23,0,Australia
-38.2483,145.054,2016-02-11,4,,0,Australia
-33.7954,151.25,2016-02-10,6,20.72,0,Australia
-38.0592,145.344,2016-02-10,3,,0,Australia
-38.0592,145.344,2016-02-10,4,,0,Australia
-38.1363,145.292,2016-02-10,4,,0,Australia
-33.7954,151.25,2016-02-09,5,20.26,0,Australia
-31.8205,115.791,2016-02-06,4,,0,Australia
-38.0645,145.347,2016-02-06,4,,0,Australia
-37.9942,145.233,2016-02-05,4,,0,Australia
-38.0413,145.305,2016-02-05,5,,0,Australia
-38.0872,145.46,2016-02-05,3,,0,Australia
-41.2818,146.972,2016-02-04,6,,0,Australia
-38.0802,145.267,2016-02-01,7,,0,Australia
-38.0802,145.267,2016-02-01,6,,0,Australia
-33.3517,115.655,2016-01-12,6,,0,Australia
-33.3517,115.655,2016-01-12,6,,0,Australia
-32.218,117.071,2016-01-10,5,,0,Australia
-27.2002,153.115,2016-01-06,4,,0,Australia
-34.8554,138.604,2016-01-03,6,,0,Australia
-32.9023,151.703,2016-01-18,4,,0,Australia
-33.7953,151.251,2016-01-10,3,17.18,0,Australia
-38.2448,145.96,2016-01-10,5,20.1,0,Australia
-34.6339,138.818,2016-01-10,6,20.75,0,Australia
-38.2448,145.96,2017-11-20,6,20.42,0,Australia
-38.2448,145.96,2017-11-19,6,21.14,0,Australia
-43.0177,147.038,2017-11-18,4,18.62,0,Australia
-38.2448,145.96,2017-11-18,6,21.33,0,Australia
-30.5668,151.643,2017-11-16,4,17.99,0,Australia
-38.2448,145.96,2017-11-14,6,21.63,0,Australia
-38.2448,145.96,2017-11-13,6,20.66,0,Australia
-38.2448,145.96,2017-11-12,6,21.79,0,Australia
-30.5042,151.667,2017-11-12,7,22.65,0,Australia
-30.5042,151.667,2017-11-11,7,22.43,0,Australia
-30.5041,151.667,2017-11-09,7,22.46,0,Australia
-38.2448,145.96,2017-11-08,6,21.68,0,Australia
-38.1794,145.104,2017-11-08,5,20.26,0,Australia
-33.84,151.219,2017-11-02,2,16.48,0,Australia
-33.8401,151.219,2017-11-02,3,17.14,0,Australia
-30.0178,151.658,2017-07-24,4,,0,Australia
-27.5623,153.224,2017-10-29,1,15.47,0,Australia
-38.2448,145.96,2017-10-26,6,21.56,0,Australia
-30.5041,151.667,2017-10-23,6,20.4,0,Australia
-30.5042,151.667,2017-10-23,7,22.35,0,Australia
-30.5043,151.667,2017-10-22,6,21.2,0,Australia
-30.5041,151.667,2017-10-22,6,20.73,0,Australia
-30.5041,151.667,2017-10-22,6,20.99,0,Australia
-30.5043,151.667,2017-10-21,5,20.01,0,Australia
-30.5041,151.667,2017-10-22,7,22.51,0,Australia
-22.8031,148.69,2017-10-20,5,20.22,0,Australia
-30.5042,151.668,2017-10-19,6,21.43,0,Australia
-36.0283,150.146,2017-10-19,6,21.17,0,Australia
-36.0282,150.146,2017-10-19,6,21.09,0,Australia
-38.2448,145.96,2017-10-18,6,21.13,0,Australia
-30.5043,151.667,2017-10-19,7,22.05,0,Australia
-34.6278,138.47,2017-10-09,4,18.15,0,Australia
-38.2448,145.96,2017-10-16,6,21.43,0,Australia
-37.8865,145.023,2017-10-16,5,19.72,0,Australia
-38.2448,145.96,2017-10-15,6,20.66,0,Australia
-37.8801,144.74,2017-10-15,5,19.89,0,Australia
-37.8866,145.023,2017-10-14,5,19.37,0,Australia
-38.2448,145.96,2017-10-14,6,21.2,0,Australia
-35.3176,149.085,2017-10-12,5,19.45,0,Australia
-33.9773,116.134,2017-10-12,6,,0,Australia
-38.2448,145.96,2017-10-10,6,20.5,0,Australia
-38.2448,145.96,2017-10-09,6,21.14,0,Australia
-35.1166,147.296,2017-09-24,5,19.25,0,Australia
-33.0563,149.933,2017-09-24,6,21.06,0,Australia
-35.1166,147.296,2017-09-24,4,18.26,0,Australia
-31.922,115.76,2017-02-02,5,19.71,0,Australia
-31.922,115.76,2017-02-02,5,19.61,0,Australia
-31.922,115.759,2017-02-02,5,19.13,0,Australia
-25.7936,113.719,2017-06-17,6,20.55,0,Australia
-38.2448,145.96,2017-09-17,6,20.75,0,Australia
-33.7924,151.12,2017-09-17,4,18.8,0,Australia
-37.8691,144.99,2017-09-17,2,,0,Australia
-37.8614,144.996,2017-09-17,2,,0,Australia
-33.7915,151.114,2017-09-17,4,18.87,0,Australia
-33.7914,151.114,2017-09-17,4,,0,Australia
-37.9047,145.071,2017-09-17,2,,0,Australia
-38.2453,145.96,2017-09-16,6,21.56,0,Australia
-37.0682,142.794,2017-09-12,6,20.65,0,Australia
-33.673,150.863,2017-09-12,3,,0,Australia
-38.2448,145.96,2017-09-10,6,20.85,0,Australia
-38.1795,145.104,2017-09-09,6,20.85,0,Australia
-37.8882,145.086,2017-09-10,2,,0,Australia
-38.2448,145.96,2017-09-09,6,21.55,0,Australia
-38.2448,145.96,2017-08-31,5,20.22,0,Australia
-38.2448,145.96,2017-08-30,6,21.46,0,Australia
-38.2448,145.96,2017-08-28,5,20.38,0,Australia
-38.2448,145.96,2017-08-27,6,20.9,0,Australia
-30.3119,139.334,2017-08-24,5,20.28,0,Australia
-30.3119,139.334,2017-08-24,6,20.7,0,Australia
-30.4482,151.621,2017-08-22,6,21.41,0,Australia
-30.4481,151.621,2017-08-22,6,21.24,0,Australia
-38.2448,145.96,2017-08-20,6,21.53,0,Australia
-30.312,139.334,2017-08-18,6,21.28,0,Australia
-30.5043,151.667,2017-08-18,6,20.5,0,Australia
-30.5042,151.667,2017-08-18,7,22.24,0,Australia
-35.3173,149.083,2017-08-18,5,19.52,0,Australia
-30.5042,151.667,2017-08-17,5,20.15,0,Australia
-30.312,139.334,2017-08-17,6,20.56,0,Australia
-30.312,139.334,2017-08-17,6,20.54,0,Australia
-38.2448,145.96,2017-08-14,6,20.42,0,Australia
-38.2448,145.96,2017-08-13,6,21.39,0,Australia
-35.3205,149.08,2017-08-09,5,19.31,0,Australia
-38.2448,145.96,2017-08-01,6,20.66,0,Australia
-37.8201,144.979,2017-08-01,5,19.99,0,Australia
-37.977,145.237,2017-07-31,5,19.68,0,Australia
-38.2448,145.96,2017-07-31,6,21.06,0,Australia
-38.2448,145.96,2017-07-30,6,20.66,0,Australia
-30.4481,151.621,2017-07-25,6,20.66,0,Australia
-30.5042,151.668,2017-07-26,6,21.0,0,Australia
-38.2448,145.96,2017-07-12,5,20.11,0,Australia
-30.3115,139.334,2017-06-25,6,21.29,0,Australia
-30.3125,139.336,2017-07-18,6,20.74,0,Australia
-35.3486,149.098,2017-07-19,5,20.05,0,Australia
-37.8954,146.775,2017-07-21,5,20.39,0,Australia
-37.8881,146.763,2017-07-21,6,21.98,0,Australia
-38.2448,145.96,2017-07-21,6,20.94,0,Australia
-35.3802,138.746,2017-07-23,5,19.39,0,Australia
-30.3317,139.375,2017-07-23,6,20.91,0,Australia
-30.3317,139.375,2017-07-23,6,20.6,0,Australia
-30.3317,139.375,2017-07-23,6,20.96,0,Australia
-30.3115,139.333,2017-07-23,6,20.89,0,Australia
-30.019,151.657,2017-07-24,6,20.86,0,Australia
-30.0179,151.658,2017-07-24,6,21.02,0,Australia
-30.0178,151.658,2017-07-24,6,20.55,0,Australia
-30.5042,151.667,2017-07-24,6,20.61,0,Australia
-30.4536,151.626,2017-07-25,7,22.7,0,Australia
-30.034,151.634,2017-07-24,7,23.05,0,Australia
-30.5041,151.667,2017-07-24,7,22.1,0,Australia
-30.5041,151.667,2017-07-24,7,22.4,0,Australia
-30.5042,151.667,2017-07-22,7,22.43,0,Australia
-30.5043,151.667,2017-07-22,7,22.54,0,Australia
-35.1773,147.369,2017-07-20,6,,0,Australia
-38.2447,145.96,2017-07-01,5,20.01,0,Australia
-26.7598,152.865,2017-07-02,6,20.61,0,Australia
-38.2448,145.96,2017-07-02,5,20.11,0,Australia
-38.66,145.784,2017-06-18,6,20.63,0,Australia
-38.2448,145.96,2017-06-20,6,20.62,0,Australia
-30.4608,151.571,2017-06-22,6,20.93,0,Australia
-30.3123,139.337,2017-06-24,6,20.95,0,Australia
-30.3117,139.336,2017-06-24,5,19.71,0,Australia
-30.3117,139.336,2017-06-24,6,21.54,0,Australia
-30.3118,139.336,2017-06-24,6,21.12,0,Australia
-30.3118,139.336,2017-06-24,5,20.25,0,Australia
-30.3115,139.334,2017-06-25,6,20.99,0,Australia
-37.8523,145.3,2017-06-26,5,19.57,0,Australia
-38.2447,145.96,2017-06-26,6,20.79,0,Australia
-38.2448,145.96,2017-06-28,5,20.26,0,Australia
-38.2447,145.96,2017-06-07,5,19.3,0,Australia
-38.2447,145.96,2017-06-09,5,19.07,0,Australia
-38.2449,145.96,2017-06-10,4,18.92,0,Australia
-33.7245,150.729,2017-06-12,5,20.39,0,Australia
-37.8954,146.775,2017-06-15,6,21.6,0,Australia
-38.2362,145.861,2017-06-15,6,20.92,0,Australia
-38.2448,145.96,2017-06-16,6,21.25,0,Australia
-38.2448,145.96,2017-06-04,5,19.83,0,Australia
-30.4608,151.571,2017-05-29,6,20.75,0,Australia
-36.4933,144.613,2017-05-30,6,20.41,0,Australia
-36.4933,144.613,2017-05-31,6,21.71,0,Australia
-36.4933,144.613,2017-06-02,6,21.57,0,Australia
-30.5042,151.667,2017-05-26,5,20.1,0,Australia
-38.2448,145.96,2017-05-26,6,21.6,0,Australia
-30.5042,151.667,2017-05-26,6,21.7,0,Australia
-30.5042,151.667,2017-05-25,6,21.54,0,Australia
-38.2448,145.96,2017-05-15,5,20.32,0,Australia
-38.2443,145.96,2017-05-20,6,21.66,0,Australia
-33.0141,149.782,2017-04-28,6,20.77,0,Australia
-30.5645,118.487,2017-04-28,5,19.81,0,Australia
-30.5644,118.487,2017-04-28,5,19.74,0,Australia
-27.5561,153.227,2017-04-30,5,19.53,0,Australia
-38.2447,145.96,2017-05-03,5,20.17,0,Australia
-38.2447,145.96,2017-05-10,4,18.37,0,Australia
-30.5042,151.667,2017-05-07,6,,0,Australia
-30.5042,151.667,2017-05-05,6,,0,Australia
-30.5041,151.667,2017-04-30,6,21.67,0,Australia
-30.5042,151.667,2017-04-29,6,21.97,0,Australia
-30.5042,151.667,2017-04-28,6,21.43,0,Australia
-28.2726,153.581,2017-04-05,1,15.44,0,Australia
-37.8666,145.377,2017-04-05,4,18.78,0,Australia
-38.6773,145.78,2017-04-07,3,17.19,0,Australia
-33.88,151.212,2017-04-10,5,19.09,0,Australia
-38.2448,145.96,2017-04-13,5,20.22,0,Australia
-35.2383,149.071,2017-04-15,5,19.69,0,Australia
-38.2448,145.96,2017-04-16,5,19.77,0,Australia
-27.5622,153.224,2017-04-16,5,19.96,0,Australia
-38.2448,145.96,2017-04-17,6,20.44,0,Australia
-31.0854,150.932,2017-04-17,5,20.03,0,Australia
-38.2448,145.96,2017-04-17,6,20.71,0,Australia
-37.8953,146.775,2017-04-18,6,21.32,0,Australia
-38.1876,145.995,2017-04-18,6,21.09,0,Australia
-30.461,151.571,2017-04-21,6,20.48,0,Australia
-30.4606,151.571,2017-04-24,6,21.47,0,Australia
-30.5044,151.668,2017-04-24,6,21.64,0,Australia
-34.0645,138.247,2017-04-21,6,,0,Australia
-33.831,151.215,2017-04-01,4,18.61,0,Australia
-33.7687,151.09,2017-04-01,4,18.56,0,Australia
-33.7627,151.089,2017-04-01,4,18.53,0,Australia
-33.7626,151.089,2017-04-01,4,18.62,0,Australia
-33.7626,151.089,2017-04-01,6,20.59,0,Australia
-33.7626,151.089,2017-04-01,4,18.54,0,Australia
-26.7598,152.865,2017-04-01,6,21.05,0,Australia
-37.8804,144.74,2017-04-03,4,18.64,0,Australia
-37.8802,144.74,2017-04-03,5,19.6,0,Australia
-26.8807,151.597,2017-04-03,6,21.82,0,Australia
-26.2994,151.257,2017-04-01,6,21.85,0,Australia
-32.0871,116.002,2017-03-30,5,,0,Australia
-32.0872,116.002,2017-03-29,3,,0,Australia
-30.5044,151.668,2017-03-28,7,22.05,0,Australia
-37.8198,145.021,2017-02-26,3,,0,Australia
-30.5045,151.668,2017-02-22,7,22.11,0,Australia
-30.5045,151.668,2017-02-20,6,21.81,0,Australia
-34.8628,138.678,2017-01-26,6,20.43,0,Australia
-30.5043,151.668,2017-01-24,6,21.14,0,Australia
-31.9219,115.759,2017-02-01,5,19.42,0,Australia
-31.922,115.76,2017-02-01,5,20.29,0,Australia
-31.9222,115.76,2017-02-01,5,19.76,0,Australia
-37.82,145.023,2017-02-04,3,,0,Australia
-37.8462,145.16,2017-02-04,4,,0,Australia
-30.5045,151.668,2017-02-01,7,22.05,0,Australia
-30.5044,151.668,2017-01-31,6,21.17,0,Australia
-27.5177,152.825,2017-01-29,4,,0,Australia
-30.5042,151.667,2017-01-29,6,21.95,0,Australia
-30.5045,151.668,2017-01-28,6,21.14,0,Australia
-30.5129,151.663,2017-01-23,6,21.21,0,Australia
-38.2448,145.96,2017-01-22,6,21.77,0,Australia
-30.5043,151.668,2017-01-24,7,22.23,0,Australia
-30.5033,151.668,2017-01-23,7,22.22,0,Australia
-30.5026,151.67,2017-01-22,7,22.07,0,Australia
-35.3814,149.064,2017-01-21,5,,0,Australia
-26.6287,152.772,2018-10-30,6,21.82,0,Australia
-26.5237,152.786,2018-11-12,6,21.73,0,Australia
-26.7319,152.727,2018-11-11,6,21.64,0,Australia
-26.7603,152.81,2018-11-11,6,21.52,0,Australia
-26.5867,152.737,2018-12-01,6,21.84,0,Australia
-26.6236,152.688,2018-12-01,6,21.88,0,Australia
-26.7332,152.729,2018-12-01,6,21.8,0,Australia
-26.7599,152.81,2018-12-01,6,21.72,0,Australia
-26.7586,152.865,2018-12-01,6,21.35,0,Australia
-26.7591,152.866,2018-11-11,6,21.36,0,Australia
-41.1144,146.84,2018-09-16,3,,0,Australia
-26.613,152.676,2018-09-01,6,21.9,0,Australia
-22.4818,143.172,2018-07-20,7,22.17,0,Australia
-30.5043,151.667,2018-05-11,7,22.17,0,Australia
-35.2044,149.081,2018-04-09,2,,0,Australia
-32.902,151.703,2018-04-06,4,,0,Australia
-30.5043,151.667,2018-03-12,7,22.38,0,Australia
-30.5043,151.668,2018-03-11,7,22.28,0,Australia
-30.5041,151.667,2018-01-07,7,22.32,0,Australia
-26.0767,127.722,2019-08-27,4,,0,Australia
-26.7503,152.241,2019-08-03,7,22.02,0,Australia
-26.7503,152.241,2019-07-30,6,21.86,0,Australia
-26.7503,152.241,2019-07-29,6,21.84,0,Australia
-26.7503,152.241,2019-07-29,7,22.04,0,Australia
-26.7503,152.241,2019-07-28,6,21.84,0,Australia
-26.7503,152.241,2019-07-27,6,21.94,0,Australia
-26.7503,152.241,2019-07-27,6,21.75,0,Australia
-26.7502,152.241,2019-07-26,6,21.82,0,Australia
-37.9725,145.496,2019-07-06,4,,0,Australia
-33.6701,150.861,2019-05-29,4,,0,Australia
-24.1129,152.714,2019-05-23,6,21.79,0,Australia
-33.7045,150.977,2019-05-25,1,,0,Australia
-26.7608,152.811,2019-05-07,6,21.28,0,Australia
-38.1514,144.34,2019-04-29,4,,0,Australia
-30.5041,151.667,2019-04-05,6,21.15,0,Australia
-37.9099,145.047,2019-04-04,4,,0,Australia
-30.5042,151.667,2019-02-28,6,21.14,0,Australia
-26.8845,151.597,2019-02-09,6,21.83,0,Australia
-30.5043,151.667,2019-02-05,6,21.8,0,Australia
-30.5042,151.667,2019-02-04,6,21.9,0,Australia
-30.5046,151.668,2019-02-02,6,21.84,0,Australia
-34.9133,138.842,2019-01-29,6,21.22,0,Australia
-26.7585,152.865,2019-01-12,6,21.36,0,Australia
-30.3091,139.338,2019-01-09,7,22.05,0,Australia
-37.7847,145.032,2020-12-25,3,,0,Australia
-37.7847,145.032,2020-12-25,3,,0,Australia
-33.842,116.983,2020-12-06,7,22.07,0,Australia
-32.0841,115.861,2020-09-24,4,18.99,0,Australia
-38.1553,144.311,2020-11-19,3,,0,Australia
-26.6362,153.043,2020-11-15,5,20.22,0,Australia
-26.6131,153.002,2020-11-15,6,20.7,0,Australia
-26.6201,152.88,2020-11-15,6,21.38,0,Australia
-26.6241,152.866,2020-11-15,4,18.82,0,Australia
-26.6487,152.813,2020-11-15,6,21.62,0,Australia
-26.6486,152.813,2020-11-15,6,21.64,0,Australia
-26.6308,152.767,2020-11-15,6,21.58,0,Australia
-26.587,152.738,2020-11-15,6,21.68,0,Australia
-26.5968,152.728,2020-11-15,6,21.29,0,Australia
-26.6032,152.725,2020-11-15,6,21.57,0,Australia
-26.623,152.69,2020-11-15,6,21.62,0,Australia
-26.6403,152.686,2020-11-15,6,21.62,0,Australia
-26.6782,152.681,2020-11-15,6,21.59,0,Australia
-26.7125,152.701,2020-11-15,6,21.68,0,Australia
-26.7309,152.725,2020-11-15,6,21.52,0,Australia
-26.7329,152.752,2020-11-15,6,21.6,0,Australia
-26.7161,152.775,2020-11-15,6,21.6,0,Australia
-26.7097,152.806,2020-11-15,6,21.56,0,Australia
-26.7152,152.816,2020-11-15,6,21.58,0,Australia
-26.7273,152.817,2020-11-15,6,21.57,0,Australia
-26.7406,152.82,2020-11-15,6,21.57,0,Australia
-26.7603,152.81,2020-11-15,6,21.54,0,Australia
-26.7596,152.865,2020-11-14,6,21.41,0,Australia
-26.7504,152.822,2020-11-15,6,21.52,0,Australia
-26.7591,152.865,2020-11-14,6,21.41,0,Australia
-26.7542,152.832,2020-11-15,6,21.44,0,Australia
-26.7555,152.809,2020-11-14,6,21.54,0,Australia
-26.7542,152.832,2020-11-14,6,21.44,0,Australia
-38.1553,144.311,2020-11-11,3,,0,Australia
-38.1652,144.307,2020-11-01,2,,0,Australia
-38.1654,144.307,2020-10-25,2,,0,Australia
-28.1116,153.464,2020-10-20,5,,0,Australia
-34.8815,138.643,2020-10-19,5,19.07,0,Australia
-38.1384,144.291,2020-10-17,2,,0,Australia
-38.1355,144.299,2020-10-14,3,,0,Australia
-38.1553,144.311,2020-10-11,3,,0,Australia
-34.8815,138.643,2020-10-10,5,19.03,0,Australia
-34.8815,138.643,2020-10-09,4,18.99,0,Australia
-32.8988,151.679,2020-06-21,4,,0,Australia
-33.7961,151.178,2020-09-29,3,,0,Australia
-37.7715,145.037,2020-09-21,4,18.65,0,Australia
-38.1554,144.311,2020-09-21,2,,0,Australia
-38.1554,144.311,2020-09-21,2,,0,Australia
-38.1553,144.311,2020-09-20,3,,0,Australia
-38.1652,144.31,2020-09-18,3,,0,Australia
-38.1552,144.311,2020-09-16,3,,0,Australia
-38.1554,144.311,2020-09-15,3,,0,Australia
-23.7165,133.885,2020-09-14,2,,0,Australia
-38.1553,144.311,2020-09-14,2,,0,Australia
-38.1553,144.311,2020-09-10,2,,0,Australia
-35.21,139.111,2020-09-09,6,21.17,0,Australia
-38.1554,144.311,2020-09-08,2,,0,Australia
-38.1553,144.311,2020-09-07,2,,0,Australia
-38.1553,144.311,2020-09-06,2,,0,Australia
-38.1553,144.311,2020-09-05,2,,0,Australia
-33.805,151.125,2020-08-24,3,,0,Australia
-26.7615,152.862,2020-08-22,6,20.93,0,Australia
-26.7597,152.865,2020-08-22,6,20.63,0,Australia
-26.6931,153.098,2020-08-16,5,19.71,0,Australia
-28.5541,151.949,2020-08-15,6,21.45,0,Australia
-37.8743,145.033,2020-08-09,1,,0,Australia
-26.7553,152.856,2020-08-09,3,,0,Australia
-27.4698,153.025,2020-08-04,4,,0,Australia
-37.8559,144.954,2020-08-01,1,,0,Australia
-33.6874,150.988,2020-07-31,2,,0,Australia
-12.3681,130.863,2020-07-24,3,,0,Australia
-12.3684,130.863,2020-07-23,3,,0,Australia
-12.3684,130.863,2020-07-23,3,,0,Australia
-12.3684,130.863,2020-07-23,3,,0,Australia
-12.3683,130.863,2020-07-12,3,,0,Australia
-26.7586,152.854,2020-07-19,4,18.32,0,Australia
-26.755,152.855,2020-07-19,5,19.17,0,Australia
-26.8954,151.617,2020-07-19,6,21.44,0,Australia
-26.8805,151.629,2020-07-19,6,21.42,0,Australia
-26.8349,151.552,2020-07-19,6,21.42,0,Australia
-26.913,151.635,2020-07-19,6,21.48,0,Australia
-26.8574,151.64,2020-07-19,6,21.52,0,Australia
-26.7584,152.865,2020-07-18,5,,0,Australia
-26.7585,152.865,2020-07-18,6,21.07,0,Australia
-26.6344,152.686,2020-04-23,6,21.42,0,Australia
-26.7585,152.865,2020-04-22,6,21.17,0,Australia
-26.8045,152.958,2020-07-16,5,19.4,0,Australia
-26.62,153.065,2020-07-16,5,19.83,0,Australia
-26.6231,153.054,2020-07-16,4,18.45,0,Australia
-26.5997,153.003,2020-07-16,6,20.84,0,Australia
-26.617,152.974,2020-07-16,4,17.8,0,Australia
-26.6252,152.959,2020-07-16,3,17.7,0,Australia
-26.6196,152.952,2020-07-16,5,20.25,0,Australia
-26.6217,152.944,2020-07-16,6,20.45,0,Australia
-26.6192,152.924,2020-07-16,6,20.43,0,Australia
-26.6347,152.9,2020-07-16,6,20.97,0,Australia
-26.6425,152.89,2020-07-16,6,21.01,0,Australia
-26.6176,152.898,2020-07-16,6,20.98,0,Australia
-26.6244,152.87,2020-07-16,6,20.52,0,Australia
-26.6272,152.867,2020-07-16,6,20.5,0,Australia
-26.6328,152.869,2020-07-16,6,20.75,0,Australia
-26.6452,152.874,2020-07-16,6,20.9,0,Australia
-26.6466,152.875,2020-07-16,6,20.92,0,Australia
-26.6675,152.868,2020-07-16,6,20.92,0,Australia
-26.6659,152.88,2020-07-16,6,20.72,0,Australia
-26.7107,152.898,2020-07-16,6,20.75,0,Australia
-26.7432,152.892,2020-07-16,6,20.7,0,Australia
-26.7471,152.889,2020-07-16,6,20.72,0,Australia
-26.7601,152.887,2020-07-16,6,20.94,0,Australia
-26.7761,152.896,2020-07-16,6,20.73,0,Australia
-26.7936,152.925,2020-07-16,6,20.71,0,Australia
-26.7951,152.937,2020-07-16,6,20.45,0,Australia
-26.8026,152.955,2020-07-17,6,20.52,0,Australia
-26.804,152.964,2020-07-16,5,19.4,0,Australia
-26.7955,152.967,2020-07-16,6,20.4,0,Australia
-26.7643,152.965,2020-07-16,5,20.39,0,Australia
-26.7395,152.967,2020-07-16,6,20.99,0,Australia
-26.7332,152.96,2020-07-16,6,20.7,0,Australia
-26.7307,152.96,2020-07-16,6,20.52,0,Australia
-26.7147,152.959,2020-07-16,6,20.52,0,Australia
-26.7607,152.962,2020-07-16,5,20.17,0,Australia
-26.6928,152.963,2020-07-16,5,19.9,0,Australia
-26.7419,152.967,2020-07-16,5,20.17,0,Australia
-26.6927,152.962,2020-07-16,5,20.17,0,Australia
-26.6784,152.973,2020-07-16,5,19.93,0,Australia
-26.6652,152.972,2020-07-16,5,19.96,0,Australia
-26.6474,152.964,2020-07-16,5,20.12,0,Australia
-26.6424,152.963,2020-07-16,5,20.02,0,Australia
-26.6291,152.96,2020-07-16,3,17.21,0,Australia
-26.6264,152.967,2020-07-16,5,19.56,0,Australia
-26.6226,152.983,2020-07-16,5,19.87,0,Australia
-26.6228,152.989,2020-07-16,5,20.37,0,Australia
-26.6208,152.999,2020-07-16,5,20.37,0,Australia
-26.6214,153.006,2020-07-16,5,20.32,0,Australia
-26.63,153.026,2020-07-16,5,20.1,0,Australia
-26.6339,153.03,2020-07-16,5,19.94,0,Australia
-26.6359,153.036,2020-07-16,5,19.91,0,Australia
-26.6325,153.039,2020-07-16,5,19.9,0,Australia
-26.622,153.048,2020-07-16,5,19.52,0,Australia
-26.6215,153.067,2020-07-16,5,19.54,0,Australia
-34.8815,138.643,2020-07-15,4,18.89,0,Australia
-38.0285,145.251,2020-07-14,1,,0,Australia
-12.3683,130.863,2020-07-12,3,,0,Australia
-12.3683,130.863,2020-07-12,3,,0,Australia
-12.3683,130.863,2020-07-12,3,,0,Australia
-12.3682,130.863,2020-07-10,3,,0,Australia
-12.3682,130.863,2020-07-10,3,,0,Australia
-12.3682,130.863,2020-07-10,3,,0,Australia
-30.5764,151.711,2020-07-07,4,,0,Australia
-12.3641,130.866,2020-07-03,2,,0,Australia
-31.9857,115.874,2020-06-21,5,,0,Australia
-12.3641,130.866,2020-07-03,2,,0,Australia
-12.3641,130.866,2020-07-03,2,,0,Australia
-12.3683,130.863,2020-06-28,3,,0,Australia
-27.4689,153.066,2020-06-21,4,,0,Australia
-38.3458,144.304,2020-06-21,3,,0,Australia
-35.019,138.58,2020-06-30,1,,0,Australia
-33.7449,151.062,2020-06-29,4,,0,Australia
-19.9792,148.26,2020-06-29,2,,0,Australia
-26.7806,152.867,2020-06-22,6,20.94,0,Australia
-27.7974,152.958,2020-06-21,4,,0,Australia
-26.5379,153.092,2020-06-21,3,,0,Australia
-37.8366,145.119,2020-06-27,3,,0,Australia
-35.2618,149.114,2020-06-21,4,,0,Australia
-34.9441,138.61,2020-06-29,5,19.05,0,Australia
-37.7741,144.952,2020-06-28,2,,0,Australia
-27.3667,153.001,2020-06-21,4,,0,Australia
-12.3683,130.863,2020-06-28,3,,0,Australia
-12.368,130.863,2020-06-26,4,,0,Australia
-37.8366,145.119,2020-06-27,3,,0,Australia
-26.6504,152.933,2020-06-21,5,,0,Australia
-27.3076,152.931,2020-06-26,5,,0,Australia
-37.8366,145.119,2020-06-27,3,,0,Australia
-31.496,151.104,2020-06-21,6,,0,Australia
-28.4806,151.859,2020-06-27,3,,0,Australia
-31.9456,115.8,2020-06-21,3,,0,Australia
-27.6395,153.185,2020-06-21,5,,0,Australia
-27.9402,153.245,2020-06-21,6,,0,Australia
-27.438,152.945,2020-06-21,2,,0,Australia
-22.3862,143.039,2020-06-21,5,,0,Australia
-42.8683,147.279,2020-06-26,4,,0,Australia
-27.3076,152.931,2020-06-26,5,,0,Australia
-12.368,130.863,2020-06-26,4,,0,Australia
-27.5081,152.949,2020-06-21,5,,0,Australia
-27.5081,152.949,2020-06-21,5,,0,Australia
-33.2949,115.863,2020-06-21,5,,0,Australia
-27.5358,153.214,2020-06-21,4,,0,Australia
-34.7428,150.83,2020-06-21,6,,0,Australia
-33.3149,151.388,2020-06-21,4,,0,Australia
-27.0664,152.923,2020-06-21,2,,0,Australia
-37.8864,145.185,2020-06-25,1,,0,Australia
-28.3127,153.295,2020-06-21,6,,0,Australia
-34.3385,146.085,2020-06-25,5,,0,Australia
-34.7698,138.716,2020-06-25,4,,0,Australia
-34.3427,146.079,2020-06-25,5,,0,Australia
-30.8943,153.043,2020-06-21,4,,0,Australia
-26.685,153.053,2020-06-25,3,,0,Australia
-31.9108,115.912,2020-06-21,5,,0,Australia
-25.1207,152.577,2020-06-21,1,,0,Australia
-30.9853,150.251,2020-06-21,5,,0,Australia
-23.6901,133.894,2020-06-21,4,,0,Australia
-30.8943,153.043,2020-06-21,4,,0,Australia
-31.9758,115.884,2020-06-24,1,,0,Australia
-35.019,138.579,2020-06-24,2,,0,Australia
-34.8815,138.643,2020-06-24,4,18.87,0,Australia
-34.8815,138.643,2020-06-24,4,18.74,0,Australia
-33.9305,150.955,2020-06-21,2,,0,Australia
-31.6333,152.755,2020-06-21,3,,0,Australia
-34.5426,150.388,2020-06-21,5,,0,Australia
-33.7898,151.204,2020-06-21,3,,0,Australia
-32.9359,151.767,2020-06-21,4,,0,Australia
-26.7776,152.845,2020-06-23,6,21.11,0,Australia
-26.7038,153.048,2020-06-23,5,19.87,0,Australia
-26.69,153.047,2020-06-23,5,19.29,0,Australia
-26.6855,153.054,2020-06-23,4,18.72,0,Australia
-26.6844,153.069,2020-06-23,5,19.72,0,Australia
-26.6787,153.097,2020-06-23,5,19.3,0,Australia
-26.6713,153.097,2020-06-23,4,18.29,0,Australia
-26.6653,153.093,2020-06-23,4,18.34,0,Australia
-26.6614,153.09,2020-06-23,4,18.84,0,Australia
-30.8943,153.043,2020-06-21,4,,0,Australia
-33.7898,151.204,2020-06-21,3,,0,Australia
-27.386,153.051,2020-06-21,2,,0,Australia
-32.3126,115.755,2020-06-21,4,,0,Australia
-32.3126,115.755,2020-06-22,4,,0,Australia
-32.0443,115.838,2020-06-21,2,,0,Australia
-27.2435,152.991,2020-06-21,2,,0,Australia
-34.0205,151.009,2020-06-21,5,,0,Australia
-33.8158,150.974,2020-06-23,6,,0,Australia
-38.2881,145.183,2020-06-23,2,,0,Australia
-33.8918,151.177,2020-06-21,2,,0,Australia
-27.2608,153.028,2020-06-21,4,,0,Australia
-30.3683,153.098,2020-06-23,3,,0,Australia
-33.9915,114.997,2020-06-21,6,,0,Australia
-27.5559,152.91,2020-06-22,3,,0,Australia
-16.9183,145.743,2020-06-21,3,,0,Australia
-30.8943,153.043,2020-06-21,4,,0,Australia
-26.6504,152.933,2020-06-21,5,,0,Australia
-31.889,115.918,2020-06-21,2,,0,Australia
-26.4952,153.094,2020-06-23,2,,0,Australia
-26.6507,153.088,2020-06-22,4,18.44,0,Australia
-26.656,153.07,2020-06-22,5,19.41,0,Australia
-26.6619,153.063,2020-06-22,5,19.65,0,Australia
-26.6627,153.029,2020-06-22,5,20.05,0,Australia
-26.6715,153.011,2020-06-22,5,20.02,0,Australia
-26.67,152.985,2020-06-22,6,20.52,0,Australia
-26.6723,152.971,2020-06-22,6,20.55,0,Australia
-26.6909,152.948,2020-06-22,6,20.71,0,Australia
-26.6959,152.94,2020-06-22,6,20.77,0,Australia
-26.6954,152.9,2020-06-22,6,21.13,0,Australia
-26.7437,152.89,2020-06-22,6,21.11,0,Australia
-26.7551,152.887,2020-06-22,6,21.06,0,Australia
-26.7767,152.902,2020-06-22,6,21.01,0,Australia
-26.7652,152.886,2020-06-22,6,20.94,0,Australia
-26.7812,152.879,2020-06-22,6,21.29,0,Australia
-31.9288,116.045,2020-06-21,6,,0,Australia
-26.8845,151.597,2020-06-21,6,,0,Australia
-27.0664,152.923,2020-06-21,2,,0,Australia
-27.438,152.945,2020-06-21,2,,0,Australia
-35.0112,117.903,2020-06-21,4,,0,Australia
-27.5538,152.91,2020-06-22,3,,0,Australia
-27.2363,153.05,2020-06-22,3,,0,Australia
-28.2157,152.028,2020-06-21,4,,0,Australia
-32.7391,152.094,2020-06-22,3,,0,Australia
-27.3625,152.86,2020-06-22,4,,0,Australia
-26.7806,152.867,2020-06-22,6,20.94,0,Australia
-28.6676,153.38,2020-06-22,5,,0,Australia
-27.5559,152.91,2020-06-22,3,,0,Australia
-33.3412,151.422,2020-06-22,5,,0,Australia
-31.9327,115.898,2020-06-21,2,,0,Australia
-33.7738,151.18,2020-06-22,5,,0,Australia
-33.8302,151.127,2020-06-21,4,,0,Australia
-31.9857,115.874,2020-06-21,5,,0,Australia
-27.5831,151.978,2020-06-22,4,,0,Australia
-27.6611,152.899,2020-06-21,4,,0,Australia
-26.7771,152.845,2020-06-22,6,21.02,0,Australia
-26.7771,152.844,2020-06-22,5,,0,Australia
-33.7937,150.671,2020-06-22,4,,0,Australia
-33.7937,150.671,2020-06-22,4,,0,Australia
-26.7595,152.854,2020-06-22,6,20.42,0,Australia
-27.5226,152.955,2020-06-21,2,,0,Australia
-27.4303,152.936,2020-06-22,4,,0,Australia
-28.0578,153.434,2020-06-22,4,,0,Australia
-32.3484,115.764,2020-06-21,6,,0,Australia
-34.7115,139.098,2020-06-21,7,,0,Australia
-33.3149,151.388,2020-06-21,4,,0,Australia
-27.438,152.945,2020-06-21,2,,0,Australia
-26.7539,153.104,2020-06-21,5,,0,Australia
-33.9305,150.955,2020-06-21,2,,0,Australia
-35.0653,117.521,2020-06-22,6,,0,Australia
-32.0654,115.756,2020-06-21,2,,0,Australia
-34.4258,150.875,2020-06-21,2,,0,Australia
-31.5817,152.835,2020-06-20,2,,0,Australia
-33.9409,151.119,2020-06-21,3,,0,Australia
-33.8353,151.208,2020-06-21,4,,0,Australia
-33.5485,115.567,2020-06-21,3,,0,Australia
-33.8688,151.086,2020-06-21,2,,0,Australia
-33.7416,115.236,2020-06-21,2,,0,Australia
-27.4436,152.989,2020-06-21,3,,0,Australia
-31.8543,116.262,2020-06-21,6,,0,Australia
-26.6966,152.81,2020-06-21,7,,0,Australia
-33.7738,151.18,2020-06-22,5,,0,Australia
-33.7788,151.169,2020-06-22,1,,0,Australia
-31.2085,121.635,2020-06-21,2,,0,Australia
-31.8289,115.754,2020-06-21,3,,0,Australia
-33.6822,136.918,2020-06-19,6,,0,Australia
-31.8033,115.784,2020-06-21,4,,0,Australia
-33.9061,150.989,2020-06-21,4,,0,Australia
-31.3342,115.672,2020-06-21,7,,0,Australia
-33.6546,151.322,2020-06-21,5,,0,Australia
-33.964,150.99,2020-06-21,4,,0,Australia
-33.8918,151.177,2020-06-21,2,,0,Australia
-38.0218,145.332,2020-06-21,4,,0,Australia
-31.8548,116.429,2020-06-22,6,,0,Australia
-33.0883,151.52,2020-06-21,5,,0,Australia
-33.4625,151.312,2020-06-21,5,,0,Australia
-27.2608,153.028,2020-06-21,4,,0,Australia
-27.2167,153.116,2020-06-21,4,,0,Australia
-30.8956,116.724,2020-06-21,6,,0,Australia
-30.7406,121.464,2020-06-21,7,,0,Australia
-27.5169,153.247,2020-06-21,4,,0,Australia
-33.678,151.214,2020-06-22,4,,0,Australia
-36.3358,145.415,2020-06-21,5,,0,Australia
-33.7615,151.05,2020-06-21,3,,0,Australia
-33.6905,151.226,2020-06-20,5,,0,Australia
-33.6908,151.226,2020-06-22,5,,0,Australia
-33.6909,151.226,2020-06-21,5,,0,Australia
-37.1925,142.612,2020-06-21,7,,0,Australia
-31.7601,115.733,2020-06-22,3,,0,Australia
-31.2817,149.26,2020-06-21,5,,0,Australia
-33.6907,151.226,2020-06-21,5,,0,Australia
-33.7853,151.167,2020-06-22,4,,0,Australia
-31.5817,152.835,2020-06-20,2,,0,Australia
-33.0863,151.442,2020-06-21,4,,0,Australia
-33.7499,151.141,2020-06-21,2,,0,Australia
-27.6261,152.885,2020-06-21,2,,0,Australia
-12.383,130.849,2020-06-21,4,,0,Australia
-28.3127,153.295,2020-06-21,6,,0,Australia
-31.9255,116.08,2020-06-21,4,,0,Australia
-31.6448,116.659,2020-06-22,6,,0,Australia
-27.4839,153.096,2020-06-21,2,,0,Australia
-32.112,116.919,2020-06-21,6,,0,Australia
-33.038,137.575,2020-06-22,2,,0,Australia
-12.383,130.849,2020-06-21,4,,0,Australia
-33.3962,151.478,2020-06-21,4,,0,Australia
-27.6475,152.779,2020-06-22,1,,0,Australia
-34.4499,140.567,2020-06-21,4,,0,Australia
-33.7121,150.376,2020-06-21,2,,0,Australia
-15.4758,145.247,2020-06-21,6,,0,Australia
-30.3391,117.14,2020-06-21,5,,0,Australia
-32.5566,115.739,2020-06-21,2,,0,Australia
-32.5566,115.739,2020-06-21,2,,0,Australia
-32.2597,150.892,2020-06-21,5,,0,Australia
-36.7719,149.691,2020-06-19,4,,0,Australia
-34.7249,149.179,2020-06-21,5,,0,Australia
-33.1473,115.692,2020-06-21,6,,0,Australia
-32.7326,152.003,2020-06-21,5,,0,Australia
-35.4694,149.108,2020-06-21,5,,0,Australia
-25.3021,152.83,2020-06-21,3,,0,Australia
-32.0577,115.779,2020-06-21,4,,0,Australia
-33.6891,151.152,2020-06-21,5,,0,Australia
-34.8462,116.933,2020-06-21,6,,0,Australia
-33.49,151.435,2020-06-21,6,,0,Australia
-33.8706,150.956,2020-06-21,1,,0,Australia
-30.1482,153.164,2020-06-21,6,,0,Australia
-34.0205,151.009,2020-06-21,5,,0,Australia
-33.6651,115.322,2020-06-21,5,,0,Australia
-32.2943,115.739,2020-06-21,3,,0,Australia
-32.341,115.823,2020-06-21,4,,0,Australia
-32.341,115.823,2020-06-21,4,,0,Australia
-31.9916,115.766,2020-06-21,5,,0,Australia
-31.9812,115.775,2020-06-21,4,,0,Australia
-38.1113,147.087,2020-06-21,4,,0,Australia
-31.8986,115.776,2020-06-21,4,,0,Australia
-26.432,153.101,2020-06-21,5,,0,Australia
-38.0179,144.404,2020-06-21,3,,0,Australia
-34.297,117.547,2020-06-21,7,,0,Australia
-35.4716,149.099,2020-06-21,4,,0,Australia
-33.798,151.24,2020-06-21,4,,0,Australia
-33.0117,151.63,2020-06-21,4,,0,Australia
-30.8121,138.413,2020-06-21,6,,0,Australia
-12.535,131.154,2020-06-21,6,,0,Australia
-31.9744,115.889,2020-06-21,2,,0,Australia
-31.9676,115.898,2020-06-21,4,,0,Australia
-31.9677,115.898,2020-06-21,3,,0,Australia
-31.9297,115.92,2020-06-21,5,,0,Australia
-32.7415,151.065,2020-06-21,4,,0,Australia
-33.4035,151.334,2020-06-21,4,,0,Australia
-33.2949,115.863,2020-06-21,5,,0,Australia
-31.8493,115.832,2020-06-21,3,,0,Australia
-31.8493,115.832,2020-06-21,3,,0,Australia
-31.9212,115.768,2020-06-21,4,,0,Australia
-34.0042,151.024,2020-06-21,4,,0,Australia
-31.9108,115.912,2020-06-21,5,,0,Australia
-31.9088,115.763,2020-06-21,2,,0,Australia
-31.9456,115.8,2020-06-21,3,,0,Australia
-33.9295,151.09,2020-06-21,5,,0,Australia
-33.8773,151.154,2020-06-21,2,,0,Australia
58.8137,173.107,2020-06-21,7,,0,Australia
-31.0478,115.838,2020-06-21,6,21.62,0,Australia
-31.8745,115.793,2020-06-21,2,,0,Australia
-34.8528,150.672,2020-06-21,3,,0,Australia
-33.9488,151.199,2020-06-21,2,,0,Australia
-33.5486,115.567,2020-06-21,3,,0,Australia
-32.9204,151.705,2020-06-21,2,,0,Australia
-35.1005,150.617,2020-06-21,2,,0,Australia
-32.1271,115.823,2020-06-21,1,,0,Australia
-31.9312,115.818,2020-06-21,5,,0,Australia
-29.451,149.851,2020-06-21,7,,0,Australia
-37.9227,145.163,2020-06-21,3,,0,Australia
-31.9673,115.904,2020-06-21,4,,0,Australia
-38.0735,144.329,2020-06-21,4,,0,Australia
-23.3825,150.508,2020-06-21,3,,0,Australia
-31.9512,115.83,2020-06-21,2,,0,Australia
-34.0274,151.061,2020-06-21,4,,0,Australia
-31.8168,115.777,2020-06-21,6,,0,Australia
-33.833,151.074,2020-06-21,3,,0,Australia
-33.9097,151.162,2020-06-21,3,,0,Australia
-33.0044,151.589,2020-06-21,3,,0,Australia
-33.6488,150.29,2020-06-21,3,,0,Australia
-37.9428,145.218,2020-06-21,3,,0,Australia
-26.4562,152.999,2020-06-21,4,,0,Australia
-33.9242,151.229,2020-06-21,2,,0,Australia
-32.2773,115.933,2020-06-21,6,,0,Australia
-31.5521,116.472,2020-06-21,4,,0,Australia
-33.98,116.156,2020-06-21,5,,0,Australia
-33.454,151.314,2020-06-21,5,,0,Australia
-34.3171,116.176,2020-06-21,6,,0,Australia
-32.9455,151.706,2020-06-21,4,,0,Australia
-23.1999,117.662,2020-06-21,4,,0,Australia
-31.7274,115.767,2020-06-21,4,,0,Australia
-22.391,143.042,2020-06-21,6,,0,Australia
-26.2028,152.672,2020-06-21,3,,0,Australia
-31.9206,116.059,2020-06-21,4,,0,Australia
-26.203,152.673,2020-06-21,4,,0,Australia
-31.9312,115.819,2020-06-21,3,,0,Australia
-31.8488,115.758,2020-06-21,3,,0,Australia
-30.3169,115.028,2020-06-21,7,25.0,0,Australia
-33.6822,115.293,2020-06-21,4,,0,Australia
-26.2028,152.672,2020-06-21,4,,0,Australia
-35.0059,150.624,2020-06-21,5,,0,Australia
-33.454,151.314,2020-06-21,5,,0,Australia
-34.0412,151.13,2020-06-21,3,,0,Australia
-31.8984,115.83,2020-06-21,4,,0,Australia
-32.0777,115.785,2020-06-21,2,,0,Australia
-30.3169,115.028,2020-06-21,7,,0,Australia
-31.8289,115.754,2020-06-21,3,,0,Australia
-32.2007,115.977,2020-06-21,5,,0,Australia
-31.9973,115.802,2020-06-21,4,,0,Australia
-30.8956,116.724,2020-06-21,6,,0,Australia
-26.7141,152.815,2020-06-21,5,,0,Australia
-33.9151,151.21,2020-06-21,2,,0,Australia
-32.8968,151.745,2020-06-21,3,,0,Australia
-34.3063,115.16,2020-06-21,2,,0,Australia
-35.3512,149.095,2020-06-21,2,,0,Australia
-33.7137,150.996,2020-06-21,4,,0,Australia
-31.6782,115.73,2020-06-21,3,,0,Australia
-31.9008,115.846,2020-06-21,2,,0,Australia
-33.7121,150.376,2020-06-21,2,,0,Australia
-31.9915,115.899,2020-06-21,3,,0,Australia
-31.5849,152.833,2020-06-21,2,,0,Australia
-33.9146,151.173,2020-06-21,2,,0,Australia
-35.3103,149.094,2020-06-21,2,,0,Australia
-33.9794,151.069,2020-06-21,4,,0,Australia
-32.0049,115.956,2020-06-21,4,,0,Australia
-26.1771,152.667,2020-06-21,5,,0,Australia
-35.8503,143.518,2020-06-21,5,,0,Australia
-30.8956,116.724,2020-06-21,6,,0,Australia
-31.8341,115.779,2020-06-21,3,,0,Australia
-32.0588,115.887,2020-06-21,6,,0,Australia
-32.0606,115.948,2020-06-21,3,,0,Australia
-32.7752,116.593,2020-06-21,6,,0,Australia
-31.8909,115.842,2020-06-21,4,,0,Australia
-26.4535,152.998,2020-06-21,4,,0,Australia
-38.1094,147.023,2020-06-21,4,,0,Australia
-31.8114,115.876,2020-06-21,2,,0,Australia
-33.2168,151.525,2020-06-21,5,,0,Australia
-32.2996,115.769,2020-06-21,3,,0,Australia
-31.601,115.685,2020-06-21,4,,0,Australia
-32.7778,151.645,2020-06-21,4,,0,Australia
-33.9185,151.161,2020-06-21,3,,0,Australia
-33.7069,151.084,2020-06-21,3,,0,Australia
-33.4025,115.611,2020-06-21,4,,0,Australia
-32.5465,115.727,2020-06-21,3,,0,Australia
-33.9394,151.08,2020-06-21,2,,0,Australia
-25.5254,152.711,2020-06-21,5,,0,Australia
-33.7906,151.183,2020-06-21,3,,0,Australia
-26.8845,151.597,2020-06-21,6,,0,Australia
-31.99,115.904,2020-06-21,3,,0,Australia
-31.987,116.046,2020-06-21,3,,0,Australia
-33.7721,151.292,2020-06-21,3,,0,Australia
-33.9305,150.955,2020-06-21,2,,0,Australia
-20.7256,139.493,2020-06-21,4,,0,Australia
-26.8845,151.597,2020-06-21,6,,0,Australia
-27.5192,153.014,2020-06-21,1,,0,Australia
-31.8603,115.773,2020-06-21,2,,0,Australia
-33.3739,151.38,2020-06-21,3,,0,Australia
-35.3931,149.037,2020-06-21,5,,0,Australia
-32.9304,151.715,2020-06-21,5,,0,Australia
-33.8091,151.151,2020-06-21,2,,0,Australia
-33.8091,151.151,2020-06-21,2,,0,Australia
-31.8289,115.754,2020-06-21,3,,0,Australia
-33.9874,117.012,2020-06-21,7,,0,Australia
-33.9137,151.14,2020-06-21,4,,0,Australia
-31.5639,147.206,2020-06-21,3,,0,Australia
-34.4496,150.838,2020-06-21,3,,0,Australia
-31.987,116.047,2020-06-21,3,,0,Australia
-33.9061,150.989,2020-06-21,4,,0,Australia
-30.7362,121.461,2020-06-21,4,,0,Australia
-30.7361,121.461,2020-06-21,4,,0,Australia
-38.1094,147.023,2020-06-21,4,,0,Australia
-31.9901,115.904,2020-06-21,3,,0,Australia
-31.8949,115.794,2020-06-21,3,,0,Australia
-31.489,116.542,2020-06-21,6,,0,Australia
-33.7682,151.107,2020-06-21,3,,0,Australia
-33.7124,115.125,2020-06-21,4,,0,Australia
-38.3458,144.304,2020-06-21,3,,0,Australia
-33.7577,151.196,2020-06-21,3,,0,Australia
-31.9916,115.757,2020-06-21,4,,0,Australia
-33.6366,150.904,2020-06-21,4,,0,Australia
-31.6459,115.696,2020-06-21,5,,0,Australia
-33.7721,151.292,2020-06-21,3,,0,Australia
-31.6601,115.7,2020-06-21,4,,0,Australia
-35.4356,149.717,2020-06-21,7,,0,Australia
-33.8612,151.045,2020-06-21,1,,0,Australia
-35.3933,149.037,2020-06-21,5,,0,Australia
-31.9189,115.837,2020-06-21,4,,0,Australia
-31.9689,115.792,2020-06-21,5,,0,Australia
-33.8207,151.054,2020-06-21,5,,0,Australia
-32.9324,151.752,2020-06-21,3,,0,Australia
-31.9261,115.836,2020-06-21,4,,0,Australia
-31.9262,115.836,2020-06-21,4,,0,Australia
-33.7966,151.127,2020-06-21,2,,0,Australia
-31.646,115.696,2020-06-21,5,,0,Australia
-27.6095,151.938,2020-06-21,5,,0,Australia
-33.7966,151.127,2020-06-21,2,,0,Australia
-33.7637,151.0,2020-06-21,1,,0,Australia
-35.8995,141.995,2020-06-21,3,,0,Australia
-23.2,117.662,2020-06-21,4,,0,Australia
-30.3104,139.336,2020-06-21,6,21.68,0,Australia
-32.1361,115.784,2020-06-21,3,,0,Australia
-32.1361,115.784,2020-06-21,3,,0,Australia
-31.9454,115.873,2020-06-21,2,,0,Australia
-33.9118,151.032,2020-06-21,2,,0,Australia
-33.7474,115.161,2020-06-21,5,,0,Australia
-26.6509,153.092,2020-06-21,5,19.52,0,Australia
-32.0583,115.758,2020-06-21,4,,0,Australia
-34.0274,151.061,2020-06-21,2,,0,Australia
-26.6509,153.092,2020-06-21,5,19.52,0,Australia
-33.9514,151.141,2020-06-21,3,,0,Australia
-35.8584,150.181,2020-06-21,6,,0,Australia
-35.3933,149.037,2020-06-21,5,,0,Australia
-33.9137,151.14,2020-06-21,4,,0,Australia
-31.279,149.26,2020-06-21,5,,0,Australia
-25.2683,152.734,2020-06-21,4,,0,Australia
-38.5974,146.17,2020-06-21,6,,0,Australia
-32.2794,151.784,2020-06-21,4,,0,Australia
-35.2982,149.887,2020-06-21,3,,0,Australia
-31.489,116.542,2020-06-21,6,,0,Australia
-31.489,116.542,2020-06-21,6,,0,Australia
-33.704,151.121,2020-06-21,2,,0,Australia
-33.658,151.293,2020-06-21,4,,0,Australia
-35.3786,138.396,2020-06-21,6,,0,Australia
-33.7303,151.089,2020-06-21,4,,0,Australia
-33.8108,151.017,2020-06-21,2,,0,Australia
-31.9229,115.83,2020-06-21,2,,0,Australia
-32.1364,115.784,2020-06-21,3,,0,Australia
-33.8571,151.086,2020-06-21,3,,0,Australia
-33.9118,151.032,2020-06-21,2,,0,Australia
-31.975,115.893,2020-06-21,3,,0,Australia
-32.1363,115.784,2020-06-21,3,,0,Australia
-32.2415,152.472,2020-06-21,4,,0,Australia
-33.8875,151.159,2020-06-21,4,,0,Australia
-31.8114,115.876,2020-06-21,2,,0,Australia
-23.3081,150.484,2020-06-21,4,,0,Australia
-33.8626,151.09,2020-06-21,3,,0,Australia
-31.9333,115.866,2020-06-21,5,,0,Australia
-33.7292,151.298,2020-06-21,3,,0,Australia
-33.3105,115.818,2020-06-21,5,,0,Australia
-37.3618,144.733,2020-06-21,2,,0,Australia
-37.3618,144.733,2020-06-21,2,,0,Australia
-33.0784,151.534,2020-06-21,5,,0,Australia
-30.9079,118.219,2020-06-21,4,,0,Australia
-30.9079,118.219,2020-06-21,4,,0,Australia
-31.9,116.024,2020-06-21,2,,0,Australia
-31.0204,143.04,2020-06-21,5,,0,Australia
-28.0879,153.424,2020-06-21,5,,0,Australia
-33.9303,151.15,2020-06-21,2,,0,Australia
-23.3494,119.733,2020-06-21,4,,0,Australia
-26.8845,151.597,2020-06-21,6,,0,Australia
-35.3675,149.111,2020-06-21,5,,0,Australia
-33.7355,151.072,2020-06-21,4,,0,Australia
-27.1958,153.115,2020-06-21,5,,0,Australia
-31.9857,115.874,2020-06-21,5,,0,Australia
-33.8626,151.09,2020-06-21,4,,0,Australia
-26.7077,153.122,2020-06-21,3,,0,Australia
-33.6891,151.152,2020-06-21,5,,0,Australia
-27.3296,153.085,2020-06-21,5,,0,Australia
-33.346,115.633,2020-06-21,5,,0,Australia
-31.5206,116.326,2020-06-21,7,,0,Australia
-37.2975,144.243,2020-06-21,2,,0,Australia
-34.8505,150.58,2020-06-21,2,,0,Australia
37.3894,-120.613,2020-06-21,5,,0,Australia
-31.8704,115.966,2020-06-21,2,,0,Australia
-33.1473,115.692,2020-06-21,6,,0,Australia
-31.5638,152.693,2020-06-21,5,,0,Australia
-33.7568,150.98,2020-06-21,4,,0,Australia
-26.392,153.039,2020-06-21,4,,0,Australia
-33.2416,151.477,2020-06-21,5,,0,Australia
-32.9614,151.706,2020-06-21,2,,0,Australia
-31.9261,115.836,2020-06-21,2,,0,Australia
-33.725,151.102,2020-06-21,3,,0,Australia
-32.4323,115.753,2020-06-21,5,,0,Australia
-32.2597,150.892,2020-06-21,5,,0,Australia
-33.8145,151.086,2020-06-21,3,,0,Australia
-31.8704,115.966,2020-06-21,3,,0,Australia
-31.9842,115.778,2020-06-21,4,,0,Australia
-23.9438,151.365,2020-06-21,4,,0,Australia
-31.9288,116.045,2020-06-21,6,,0,Australia
-32.0235,115.91,2020-06-21,1,,0,Australia
-32.0235,115.91,2020-06-21,1,,0,Australia
-31.2817,149.26,2020-06-21,5,,0,Australia
-29.1084,153.426,2020-06-21,3,,0,Australia
-32.1541,115.856,2020-06-21,3,,0,Australia
-40.8371,145.131,2020-06-21,3,,0,Australia
-15.5028,145.248,2020-06-21,5,,0,Australia
-32.0855,116.008,2020-06-21,4,,0,Australia
-33.1057,151.515,2020-06-21,5,,0,Australia
-31.9462,115.995,2020-06-21,3,,0,Australia
-37.8252,140.776,2020-06-21,5,,0,Australia
-26.65,153.1,2020-06-21,3,,0,Australia
-32.2389,150.415,2020-06-21,5,,0,Australia
-12.383,130.849,2020-06-21,4,,0,Australia
-37.2976,144.243,2020-06-21,2,,0,Australia
-33.8626,151.09,2020-06-21,4,,0,Australia
-31.8801,115.772,2020-06-21,2,,0,Australia
-31.9103,115.877,2020-06-21,4,,0,Australia
-33.6641,115.301,2020-06-21,5,,0,Australia
-33.8626,151.09,2020-06-21,4,,0,Australia
-31.9037,115.859,2020-06-21,4,,0,Australia
-33.9461,115.066,2020-06-21,5,,0,Australia
-33.8008,151.086,2020-06-21,2,,0,Australia
-37.2421,144.448,2020-06-21,3,,0,Australia
-37.97,145.265,2020-06-21,2,,0,Australia
-37.97,145.265,2020-06-21,2,,0,Australia
-30.1695,153.186,2020-06-21,5,,0,Australia
-33.7886,151.072,2020-06-21,3,,0,Australia
-32.2597,150.892,2020-06-21,5,,0,Australia
-33.9604,116.31,2020-06-21,7,,0,Australia
-30.3324,149.781,2020-06-21,1,,0,Australia
-32.0583,115.758,2020-06-21,3,,0,Australia
-32.0583,115.758,2020-06-21,3,,0,Australia
-32.0583,115.758,2020-06-21,3,,0,Australia
-32.0583,115.758,2020-06-21,3,,0,Australia
-31.5206,116.326,2020-06-21,7,,0,Australia
-32.341,115.823,2020-06-21,4,,0,Australia
-32.5704,115.666,2020-06-21,1,,0,Australia
-38.1456,144.345,2020-06-21,3,,0,Australia
-32.5704,115.666,2020-06-21,1,,0,Australia
-32.5704,115.666,2020-06-21,1,,0,Australia
-26.4007,153.107,2020-06-21,3,,0,Australia
-29.6892,115.891,2020-06-21,4,,0,Australia
-32.0607,115.872,2020-06-21,3,,0,Australia
-32.1025,115.783,2020-06-21,5,,0,Australia
-38.0495,145.382,2020-06-21,4,,0,Australia
-29.6892,115.891,2020-06-21,4,,0,Australia
-30.5178,153.018,2020-06-21,5,,0,Australia
-31.8085,115.75,2020-06-21,5,,0,Australia
-31.0204,143.04,2020-06-21,5,,0,Australia
-31.5451,115.655,2020-06-21,5,,0,Australia
-32.0336,115.755,2020-06-21,3,,0,Australia
-37.8072,144.96,2020-06-21,1,,0,Australia
-37.7553,145.014,2020-06-21,1,,0,Australia
-32.0433,115.897,2020-06-21,3,,0,Australia
-31.9842,115.778,2020-06-21,5,,0,Australia
-32.0495,115.801,2020-06-21,2,,0,Australia
-32.341,115.823,2020-06-21,4,,0,Australia
-33.8353,151.208,2020-06-21,4,,0,Australia
-33.8396,151.205,2020-06-21,4,,0,Australia
-33.8773,151.154,2020-06-21,2,,0,Australia
-32.0255,115.837,2020-06-21,3,,0,Australia
-38.2473,144.173,2020-06-21,5,,0,Australia
-31.9104,115.86,2020-06-21,4,,0,Australia
-33.9244,151.034,2020-06-21,1,,0,Australia
-33.6348,115.388,2020-06-21,4,,0,Australia
-31.5638,152.693,2020-06-21,5,,0,Australia
-33.7885,151.072,2020-06-21,3,,0,Australia
-35.3675,149.111,2020-06-21,5,,0,Australia
-31.9796,115.778,2020-06-21,5,,0,Australia
-29.1084,153.426,2020-06-21,3,,0,Australia
-33.4755,150.972,2020-06-21,4,,0,Australia
-33.7751,151.126,2020-06-21,2,,0,Australia
-33.749,151.174,2020-06-21,4,,0,Australia
-31.5451,115.655,2020-06-21,5,,0,Australia
-32.0284,115.919,2020-06-21,4,,0,Australia
-31.8085,115.75,2020-06-21,5,,0,Australia
-31.9505,115.86,2020-06-21,4,,0,Australia
-33.7529,150.972,2020-06-21,3,,0,Australia
-35.3697,149.086,2020-06-21,3,,0,Australia
-33.8625,151.111,2020-06-21,2,,0,Australia
-38.0495,145.382,2020-06-21,4,,0,Australia
-31.5638,152.693,2020-06-21,5,,0,Australia
-32.9066,151.7,2020-06-21,3,,0,Australia
-31.8584,115.946,2020-06-21,4,,0,Australia
-26.4014,153.019,2020-06-21,5,,0,Australia
-34.3775,150.912,2020-06-21,3,,0,Australia
-32.7415,151.065,2020-06-21,4,,0,Australia
-31.9053,116.102,2020-06-21,4,,0,Australia
-12.3836,130.844,2020-06-21,4,,0,Australia
-32.5566,115.739,2020-06-21,2,,0,Australia
-32.0677,115.745,2020-06-21,2,,0,Australia
-31.8852,115.88,2020-06-21,3,,0,Australia
-31.5638,152.693,2020-06-21,6,,0,Australia
-33.7883,151.04,2020-06-21,2,,0,Australia
-33.9232,151.19,2020-06-21,2,,0,Australia
-38.3341,144.304,2020-06-21,3,,0,Australia
-31.8891,115.764,2020-06-21,3,,0,Australia
-31.8891,115.764,2020-06-21,3,,0,Australia
-36.0655,146.927,2020-06-21,2,,0,Australia
-33.93,151.153,2020-06-21,1,,0,Australia
-35.4694,149.108,2020-06-21,5,,0,Australia
40.4588,-80.0098,2020-06-21,3,,0,Australia
-33.6366,150.904,2020-06-21,4,,0,Australia
-31.663,115.703,2020-06-21,5,,0,Australia
-33.5732,115.831,2020-06-21,4,,0,Australia
-32.0257,115.852,2020-06-21,4,,0,Australia
-31.9396,115.836,2020-06-21,2,,0,Australia
-35.4383,149.093,2020-06-21,4,,0,Australia
-36.0032,146.023,2020-06-21,5,,0,Australia
-33.8261,151.198,2020-06-21,2,,0,Australia
-33.875,151.142,2020-06-21,4,,0,Australia
-31.9789,115.928,2020-06-21,5,,0,Australia
-33.3048,117.349,2020-06-21,6,,0,Australia
-32.0059,116.113,2020-06-21,5,20.25,0,Australia
-31.9819,115.898,2020-06-21,2,,0,Australia
-32.7415,151.065,2020-06-21,4,,0,Australia
-32.0602,115.782,2020-06-21,3,,0,Australia
-34.5725,150.768,2020-06-21,1,,0,Australia
-31.9917,115.766,2020-06-21,5,,0,Australia
-27.4946,153.059,2020-06-21,3,,0,Australia
-34.4955,150.429,2020-06-21,6,,0,Australia
-30.21,152.897,2020-06-21,5,,0,Australia
-32.9987,151.588,2020-06-21,3,,0,Australia
-32.0478,115.778,2020-06-21,2,,0,Australia
-32.7636,116.383,2020-06-21,6,,0,Australia
-38.1333,144.35,2020-06-21,2,,0,Australia
-37.7418,142.018,2020-06-21,5,,0,Australia
-32.7326,152.003,2020-06-21,5,,0,Australia
-31.8114,115.876,2020-06-21,2,,0,Australia
-32.0667,115.789,2020-06-21,3,,0,Australia
-33.857,151.087,2020-06-21,2,,0,Australia
-34.8897,150.586,2020-06-21,5,,0,Australia
-31.953,115.817,2020-06-21,4,,0,Australia
-32.0723,115.8,2020-06-21,1,,0,Australia
-31.9916,115.766,2020-06-21,5,,0,Australia
-33.7883,151.04,2020-06-21,2,,0,Australia
-32.8752,151.649,2020-06-21,4,,0,Australia
-31.9204,115.832,2020-06-21,2,,0,Australia
-31.9131,116.031,2020-06-21,3,,0,Australia
-32.5146,151.167,2020-06-21,5,,0,Australia
-34.4241,150.886,2020-06-21,3,,0,Australia
-36.0032,146.023,2020-06-21,3,,0,Australia
-23.9527,151.353,2020-06-21,5,,0,Australia
-33.9754,151.107,2020-06-21,3,,0,Australia
-15.4758,145.247,2020-06-21,6,,0,Australia
-33.4053,151.377,2020-06-21,3,,0,Australia
-32.2452,115.961,2020-06-21,5,,0,Australia
-32.5355,115.692,2020-06-21,6,,0,Australia
-29.6848,152.944,2020-06-21,4,,0,Australia
-34.9333,150.767,2020-06-21,5,,0,Australia
-32.0076,116.136,2020-06-21,5,20.32,0,Australia
-35.0604,117.615,2020-06-21,5,,0,Australia
-32.5237,115.7,2020-06-21,5,,0,Australia
-33.482,115.728,2020-06-21,4,,0,Australia
-32.5237,115.7,2020-06-21,5,,0,Australia
-26.781,153.094,2020-06-21,4,12.0,0,Australia
-33.2359,151.567,2020-06-21,6,,0,Australia
-31.9644,115.864,2020-06-21,4,,0,Australia
-34.4278,150.893,2020-06-21,1,,0,Australia
-35.0604,117.615,2020-06-21,5,,0,Australia
-31.9777,115.892,2020-06-21,1,,0,Australia
-33.9677,115.085,2020-06-21,6,,0,Australia
-31.7488,115.819,2020-06-21,2,,0,Australia
-33.3985,151.36,2020-06-21,3,,0,Australia
-33.8271,150.991,2020-06-21,2,,0,Australia
-31.6554,115.998,2020-06-21,2,,0,Australia
-33.8499,151.129,2020-06-21,2,,0,Australia
-27.386,153.051,2020-06-21,2,,0,Australia
-12.3648,130.867,2020-06-21,3,,0,Australia
-31.9174,115.83,2020-06-21,4,,0,Australia
-29.6843,152.943,2020-06-21,4,,0,Australia
-31.1176,150.916,2020-06-21,2,,0,Australia
-31.8114,115.876,2020-06-21,4,,0,Australia
-33.3574,115.631,2020-06-21,4,,0,Australia
-31.9411,115.806,2020-06-21,2,,0,Australia
-32.5237,115.7,2020-06-21,5,,0,Australia
-32.5237,115.7,2020-06-21,5,,0,Australia
-34.8897,150.586,2020-06-21,5,,0,Australia
-30.3383,139.378,2020-06-21,6,21.68,0,Australia
-34.4241,150.886,2020-06-21,3,,0,Australia
-34.0101,151.051,2020-06-21,5,,0,Australia
-32.0654,115.756,2020-06-21,2,,0,Australia
-33.9408,151.119,2020-06-21,3,,0,Australia
-33.6843,151.289,2020-06-21,2,,0,Australia
-33.7898,151.204,2020-06-21,3,,0,Australia
-31.7478,115.776,2020-06-21,4,,0,Australia
-32.0346,115.815,2020-06-21,3,,0,Australia
-35.6379,137.211,2020-06-21,7,,0,Australia
-33.2492,151.49,2020-06-21,5,,0,Australia
-32.6667,152.16,2020-06-21,4,,0,Australia
-31.9037,115.792,2020-06-21,4,,0,Australia
-32.2452,115.961,2020-06-21,2,,0,Australia
-31.8767,115.923,2020-06-21,2,,0,Australia
-31.8767,115.923,2020-06-21,2,,0,Australia
-31.9131,116.031,2020-06-21,3,,0,Australia
-26.5,153.067,2020-06-21,2,,0,Australia
-33.7809,151.189,2020-06-21,2,,0,Australia
-31.9962,115.914,2020-06-21,4,,0,Australia
-31.9078,115.947,2020-06-21,5,,0,Australia
-32.034,115.774,2020-06-21,4,,0,Australia
-27.7379,153.145,2020-06-21,4,,0,Australia
-32.462,115.796,2020-06-21,5,,0,Australia
-34.3773,150.912,2020-06-21,3,,0,Australia
-32.0654,115.756,2020-06-21,2,,0,Australia
-32.0499,115.765,2020-06-21,2,,0,Australia
-30.3117,139.336,2020-06-21,6,21.54,0,Australia
-33.7649,151.123,2020-06-21,3,,0,Australia
-28.2198,149.926,2020-06-21,6,,0,Australia
-31.1175,150.916,2020-06-21,2,,0,Australia
-32.8988,151.679,2020-06-21,4,,0,Australia
-33.9399,151.119,2020-06-21,3,,0,Australia
-33.744,151.012,2020-06-21,4,,0,Australia
-33.839,151.041,2020-06-21,4,18.2,0,Australia
-32.123,116.011,2020-06-21,3,,0,Australia
-12.4327,130.841,2020-06-21,2,,0,Australia
-33.7649,151.123,2020-06-21,3,,0,Australia
-32.4901,115.744,2020-06-21,6,,0,Australia
-32.4713,115.773,2020-06-21,4,,0,Australia
-31.9783,115.875,2020-06-21,4,,0,Australia
-33.8752,151.274,2020-06-21,2,,0,Australia
-26.5,153.067,2020-06-21,2,,0,Australia
-33.4033,115.606,2020-06-21,4,,0,Australia
-34.7349,150.826,2020-06-21,4,,0,Australia
-33.5725,115.824,2020-06-21,3,,0,Australia
-34.6495,150.777,2020-06-21,5,,0,Australia
-31.9255,116.08,2020-06-21,4,,0,Australia
-33.8962,151.176,2020-06-21,2,,0,Australia
-30.9269,117.103,2020-06-21,5,,0,Australia
-30.3388,139.376,2020-06-21,7,,0,Australia
-33.2492,151.49,2020-06-21,5,,0,Australia
-32.0284,115.919,2020-06-21,3,,0,Australia
-32.0284,115.919,2020-06-21,3,,0,Australia
-32.1192,116.075,2020-06-21,5,,0,Australia
-34.4224,150.873,2020-06-21,4,,0,Australia
-34.4224,150.873,2020-06-21,4,,0,Australia
-33.8227,151.194,2020-06-21,3,,0,Australia
-31.9092,115.839,2020-06-21,4,,0,Australia
-33.7712,151.047,2020-06-21,4,,0,Australia
-31.4916,115.588,2020-06-21,4,,0,Australia
-33.2629,115.743,2020-06-21,4,,0,Australia
-33.9012,151.257,2020-06-21,2,,0,Australia
-31.9371,115.869,2020-06-21,4,,0,Australia
-31.889,115.918,2020-06-21,2,,0,Australia
-32.1526,116.062,2020-06-21,3,,0,Australia
-34.4258,150.875,2020-06-21,2,,0,Australia
-33.7293,151.173,2020-06-21,4,,0,Australia
-32.763,151.749,2020-06-21,2,,0,Australia
-26.4054,153.025,2020-06-21,2,,0,Australia
-33.3234,116.099,2020-06-21,7,,0,Australia
-30.3183,139.329,2020-06-21,7,,0,Australia
-33.7907,150.931,2020-06-21,4,,0,Australia
-33.7907,150.931,2020-06-21,4,,0,Australia
-32.0338,115.917,2020-06-21,4,,0,Australia
-31.9942,115.911,2020-06-21,5,,0,Australia
-32.4713,115.773,2020-06-21,4,,0,Australia
-33.4631,151.313,2020-06-21,3,,0,Australia
-37.7261,142.018,2020-06-21,3,,0,Australia
-33.5712,115.824,2020-06-21,2,,0,Australia
-33.4846,151.353,2020-06-21,3,,0,Australia
-32.1192,116.075,2020-06-21,5,,0,Australia
-31.9371,115.869,2020-06-21,5,,0,Australia
-33.839,151.041,2020-06-21,4,18.2,0,Australia
-31.9783,115.875,2020-06-21,4,,0,Australia
-33.6965,151.099,2020-06-21,3,,0,Australia
-35.0112,117.903,2020-06-21,4,,0,Australia
-35.0112,117.903,2020-06-21,4,,0,Australia
-30.928,117.104,2020-06-21,6,,0,Australia
-37.9458,145.493,2020-06-21,1,,0,Australia
-26.5659,153.088,2020-06-21,4,,0,Australia
-32.6283,115.626,2020-06-21,5,,0,Australia
-31.8105,115.773,2020-06-21,2,,0,Australia
42.1418,-71.3967,2020-06-21,5,,0,Australia
-32.1526,116.062,2020-06-21,3,,0,Australia
-38.4646,144.078,2020-06-21,4,,0,Australia
-36.3652,146.686,2020-06-21,4,,0,Australia
-33.6651,115.322,2020-06-21,5,,0,Australia
-36.0844,146.94,2020-06-21,7,,0,Australia
-23.5268,148.165,2020-06-21,2,,0,Australia
-37.7418,142.018,2020-06-21,5,,0,Australia
-34.4911,150.274,2020-06-21,6,,0,Australia
-34.4911,150.274,2020-06-21,6,,0,Australia
-31.9487,115.94,2020-06-21,2,,0,Australia
-31.9487,115.94,2020-06-21,2,,0,Australia
-31.9487,115.94,2020-06-21,2,,0,Australia
-21.943,-3.35938,2020-06-21,4,,0,Australia
-35.0185,137.598,2020-06-21,6,,0,Australia
-35.0185,137.598,2020-06-21,6,,0,Australia
-33.938,115.03,2020-06-21,5,,0,Australia
-31.8681,115.777,2020-06-21,2,,0,Australia
-36.1241,146.882,2020-06-21,2,,0,Australia
-32.1216,115.81,2020-06-21,4,,0,Australia
-32.6864,151.7,2020-06-21,5,,0,Australia
-33.371,115.631,2020-06-21,3,,0,Australia
-31.7577,115.763,2020-06-21,3,,0,Australia
-33.8837,151.198,2020-06-21,2,,0,Australia
-26.5897,152.907,2020-06-21,1,,0,Australia
-20.7102,139.487,2020-06-21,2,,0,Australia
-33.8821,151.169,2020-06-21,5,,0,Australia
-32.0447,115.77,2020-06-21,2,,0,Australia
-32.6864,151.7,2020-06-21,4,,0,Australia
-32.0147,115.898,2020-06-21,4,,0,Australia
-33.6783,115.242,2020-06-21,3,,0,Australia
-26.2939,152.95,2020-06-21,5,,0,Australia
-32.1076,116.029,2020-06-21,4,,0,Australia
-27.9349,151.904,2020-06-21,5,,0,Australia
-21.6343,116.349,2020-06-21,4,,0,Australia
-36.4785,150.087,2020-06-21,6,,0,Australia
-31.8681,115.777,2020-06-21,2,,0,Australia
-30.9648,115.374,2020-06-21,7,,0,Australia
-34.3792,150.894,2020-06-21,4,,0,Australia
-33.2598,151.512,2020-06-21,4,,0,Australia
-31.6579,115.72,2020-06-21,3,,0,Australia
-33.6106,151.145,2020-06-21,6,,0,Australia
-33.7946,150.903,2020-06-21,1,,0,Australia
-12.358,130.888,2020-06-21,1,,0,Australia
-31.9501,116.059,2020-06-21,4,,0,Australia
-26.4501,151.348,2020-06-21,1,,0,Australia
-33.7563,150.953,2020-06-21,2,,0,Australia
-31.8409,115.762,2020-06-21,5,,0,Australia
-31.9366,115.805,2020-06-21,2,,0,Australia
-34.5426,150.388,2020-06-21,5,,0,Australia
-33.9716,150.907,2020-06-21,3,,0,Australia
-35.3161,149.14,2020-06-21,2,,0,Australia
-35.4407,150.4,2020-06-21,4,,0,Australia
-33.26,151.512,2020-06-21,4,,0,Australia
-31.7579,115.763,2020-06-21,2,,0,Australia
-31.7577,115.763,2020-06-21,1,,0,Australia
-32.0749,115.864,2020-06-21,2,,0,Australia
-33.7014,150.995,2020-06-21,4,,0,Australia
-31.925,115.892,2020-06-21,2,,0,Australia
-36.4232,148.62,2020-06-21,5,,0,Australia
-23.6901,133.894,2020-06-21,4,,0,Australia
-35.3131,149.146,2020-06-21,4,,0,Australia
-33.7014,150.995,2020-06-21,4,,0,Australia
-26.7539,153.104,2020-06-21,5,,0,Australia
-33.6485,115.081,2020-06-21,4,,0,Australia
-31.9366,115.805,2020-06-21,2,,0,Australia
-33.7907,150.931,2020-06-21,5,,0,Australia
-34.5458,150.854,2020-06-21,4,,0,Australia
-33.8661,121.885,2020-06-21,4,,0,Australia
-33.9774,116.133,2020-06-21,6,,0,Australia
-30.9657,115.372,2020-06-21,7,,0,Australia
-30.9657,115.372,2020-06-21,7,,0,Australia
-19.6484,134.19,2020-06-21,6,,0,Australia
-26.6494,153.071,2020-06-21,4,,0,Australia
-31.9059,115.848,2020-06-21,3,,0,Australia
-33.7811,151.086,2020-06-21,4,,0,Australia
-33.7349,151.048,2020-06-21,4,,0,Australia
-31.9287,116.088,2020-06-21,2,,0,Australia
-26.379,153.034,2020-06-21,3,,0,Australia
-34.1787,142.153,2020-06-21,5,,0,Australia
-35.1975,149.154,2020-06-21,4,,0,Australia
-33.2599,151.512,2020-06-21,4,,0,Australia
-12.4634,130.846,2020-06-21,2,,0,Australia
-12.3589,130.887,2020-06-21,1,,0,Australia
-33.7865,150.972,2020-06-21,2,,0,Australia
-32.1254,115.822,2020-06-21,3,,0,Australia
-12.4392,130.839,2020-06-21,2,,0,Australia
-12.4392,130.839,2020-06-21,2,,0,Australia
-32.0499,115.765,2020-06-21,2,,0,Australia
-33.8768,151.174,2020-06-21,2,,0,Australia
-33.8768,151.174,2020-06-21,2,,0,Australia
-26.5333,153.033,2020-06-21,3,,0,Australia
-31.8694,115.818,2020-06-21,4,,0,Australia
-31.9287,116.088,2020-06-21,2,,0,Australia
-34.5724,150.768,2020-06-21,3,,0,Australia
-33.6807,115.262,2020-06-21,4,,0,Australia
-33.912,151.152,2020-06-21,3,,0,Australia
-26.5655,153.089,2020-06-21,4,,0,Australia
-33.8841,151.243,2020-06-21,4,,0,Australia
-33.8841,151.243,2020-06-21,4,,0,Australia
-31.8501,115.815,2020-06-21,3,,0,Australia
-33.4267,115.617,2020-06-21,4,,0,Australia
-29.1832,149.801,2020-06-21,7,,0,Australia
-31.3342,115.672,2020-06-21,7,,0,Australia
-37.3657,144.534,2020-06-21,3,,0,Australia
-33.8765,151.122,2020-06-21,1,,0,Australia
-33.8765,151.122,2020-06-21,1,,0,Australia
-12.3882,130.848,2020-06-21,4,,0,Australia
-33.8923,151.193,2020-06-21,1,,0,Australia
-33.901,151.148,2020-06-21,2,,0,Australia
-32.5115,115.766,2020-06-21,5,,0,Australia
-32.5115,115.766,2020-06-21,5,,0,Australia
-32.5375,115.692,2020-06-21,2,,0,Australia
-33.8688,151.086,2020-06-21,2,,0,Australia
-26.69,153.101,2020-06-21,4,,0,Australia
-26.69,153.101,2020-06-21,4,,0,Australia
-26.69,153.101,2020-06-21,4,,0,Australia
-31.823,115.84,2020-06-21,2,,0,Australia
-31.823,115.84,2020-06-21,2,,0,Australia
-33.8653,151.13,2020-06-21,2,,0,Australia
-27.4416,152.942,2020-06-21,4,,0,Australia
-31.7918,115.759,2020-06-21,3,,0,Australia
-26.1509,131.147,2020-06-21,6,,0,Australia
-31.8745,115.753,2020-06-21,3,,0,Australia
-32.0123,115.87,2020-06-21,2,,0,Australia
-27.7785,152.126,2020-06-21,3,,0,Australia
-34.6051,117.702,2020-06-21,6,,0,Australia
-31.8309,116.165,2020-06-21,5,,0,Australia
-33.8723,151.045,2020-06-21,3,,0,Australia
-33.8661,121.885,2020-06-21,4,,0,Australia
-33.7395,150.846,2020-06-21,1,,0,Australia
-31.7904,116.001,2020-06-21,6,,0,Australia
-32.8892,151.252,2020-06-21,4,,0,Australia
-33.8469,151.073,2020-06-21,2,,0,Australia
-32.0443,115.838,2020-06-21,2,,0,Australia
-32.0408,115.792,2020-06-21,2,,0,Australia
-32.0076,116.136,2020-06-21,6,20.4,0,Australia
-28.5387,150.298,2020-06-21,7,,0,Australia
-34.0864,150.786,2020-06-21,5,,0,Australia
-33.7653,151.033,2020-06-21,2,,0,Australia
-25.9193,153.003,2020-06-21,5,,0,Australia
-32.0659,115.822,2020-06-21,1,,0,Australia
-30.3117,139.336,2020-06-21,7,,0,Australia
-32.9556,151.292,2020-06-21,6,,0,Australia
-33.7382,151.147,2020-06-21,4,,0,Australia
-33.6596,121.629,2020-06-21,5,,0,Australia
-33.8841,151.243,2020-06-21,4,,0,Australia
-38.1162,145.297,2020-06-21,6,,0,Australia
-16.0616,136.302,2020-06-21,4,,0,Australia
-35.5349,138.678,2020-06-21,5,,0,Australia
-32.5185,115.76,2020-06-21,3,,0,Australia
-32.4951,115.75,2020-06-21,3,,0,Australia
-34.3026,150.937,2020-06-21,2,,0,Australia
-33.8477,151.105,2020-06-21,2,,0,Australia
-25.5183,152.688,2020-06-21,5,,0,Australia
-32.0511,115.94,2020-06-21,4,,0,Australia
-31.9037,115.792,2020-06-21,4,,0,Australia
-29.4312,147.981,2020-06-21,5,,0,Australia
-30.7192,121.455,2020-06-21,4,,0,Australia
-36.3558,143.696,2020-06-21,4,,0,Australia
-28.5333,150.286,2020-06-21,7,,0,Australia
-38.3506,144.293,2020-06-21,2,,0,Australia
-33.8584,150.895,2020-06-21,3,,0,Australia
-32.8107,115.713,2020-06-21,4,,0,Australia
-32.8107,115.713,2020-06-21,4,,0,Australia
-32.4075,115.786,2020-06-21,5,,0,Australia
-31.9122,115.775,2020-06-21,2,,0,Australia
-37.1796,143.406,2020-06-21,2,,0,Australia
-20.7479,139.507,2020-06-21,4,,0,Australia
-20.7479,139.507,2020-06-21,4,,0,Australia
-37.0092,149.623,2020-06-21,7,,0,Australia
-24.3628,151.305,2020-06-21,3,,0,Australia
-31.9858,115.914,2020-06-21,4,,0,Australia
-31.3342,115.672,2020-06-21,7,,0,Australia
-26.7672,153.124,2020-06-21,2,,0,Australia
-26.7706,153.129,2020-06-21,2,,0,Australia
-32.004,115.763,2020-06-21,3,,0,Australia
-32.0682,115.776,2020-06-21,3,,0,Australia
-34.3026,150.937,2020-06-21,2,,0,Australia
-31.9366,115.805,2020-06-21,2,,0,Australia
-33.8511,151.155,2020-06-21,3,,0,Australia
-38.3878,142.485,2020-06-21,4,,0,Australia
-16.0616,136.302,2020-06-21,4,,0,Australia
-31.997,115.87,2020-06-21,3,,0,Australia
-37.0265,141.283,2020-06-21,5,,0,Australia
-36.3558,143.696,2020-06-21,4,,0,Australia
-33.6708,151.115,2020-06-21,3,,0,Australia
-35.5349,138.678,2020-06-21,5,,0,Australia
-25.2882,152.768,2020-06-21,4,,0,Australia
-12.3856,135.0,2020-06-21,5,,0,Australia
-32.0127,115.756,2020-06-21,4,,0,Australia
-27.5609,151.94,2020-06-21,4,,0,Australia
-36.3754,142.991,2020-06-21,5,,0,Australia
-37.844,140.79,2020-06-21,5,,0,Australia
-33.4687,115.578,2020-06-21,6,,0,Australia
-33.4687,115.578,2020-06-21,6,,0,Australia
-12.3617,130.894,2020-06-21,4,,0,Australia
-37.0265,141.283,2020-06-21,5,,0,Australia
-31.816,115.967,2020-06-21,5,,0,Australia
-31.816,115.967,2020-06-21,5,,0,Australia
-34.5638,150.827,2020-06-21,3,,0,Australia
-26.4725,153.094,2020-06-21,4,,0,Australia
-33.8302,151.127,2020-06-21,4,,0,Australia
-12.3781,130.905,2020-06-21,4,,0,Australia
-37.0093,149.623,2020-06-21,7,,0,Australia
-27.5598,151.951,2020-06-21,4,,0,Australia
-33.2501,151.514,2020-06-21,2,,0,Australia
-31.8771,115.821,2020-06-21,2,,0,Australia
-32.7313,151.855,2020-06-21,5,,0,Australia
-38.1173,145.238,2020-06-21,2,,0,Australia
-31.9221,115.782,2020-06-21,5,,0,Australia
-19.6484,134.19,2020-06-21,2,,0,Australia
-35.5225,149.799,2020-06-21,5,,0,Australia
-32.031,115.795,2020-06-21,2,,0,Australia
-33.7356,151.079,2020-06-21,3,,0,Australia
-32.0376,115.78,2020-06-21,2,,0,Australia
-32.0556,115.847,2020-06-21,2,,0,Australia
-32.0556,115.847,2020-06-21,2,,0,Australia
-15.4858,128.115,2020-06-21,7,,0,Australia
-33.2501,151.514,2020-06-21,2,,0,Australia
-41.0634,145.893,2020-06-21,3,,0,Australia
-27.5062,153.359,2020-06-21,2,,0,Australia
-26.6354,153.079,2020-06-21,2,,0,Australia
-27.2312,150.87,2020-06-21,6,,0,Australia
-33.8918,151.177,2020-06-21,2,,0,Australia
-36.3754,142.991,2020-06-21,5,,0,Australia
-31.8135,115.85,2020-06-21,3,,0,Australia
-32.0338,115.802,2020-06-21,2,,0,Australia
-32.5077,115.744,2020-06-21,2,,0,Australia
-31.7664,115.983,2020-06-21,3,,0,Australia
-31.8745,115.753,2020-06-21,3,,0,Australia
-33.4473,151.436,2020-06-21,5,,0,Australia
-24.0046,151.215,2020-06-21,5,,0,Australia
-34.3706,150.901,2020-06-21,4,,0,Australia
-27.5055,153.362,2020-06-21,2,,0,Australia
-33.469,115.577,2020-06-21,6,,0,Australia
-31.9991,116.057,2020-06-21,3,,0,Australia
-12.5262,131.149,2020-06-21,3,17.66,0,Australia
-31.8957,116.041,2020-06-21,4,,0,Australia
-12.3662,130.896,2020-06-21,4,,0,Australia
-34.0182,150.827,2020-06-21,3,,0,Australia
-20.752,116.802,2020-06-21,3,,0,Australia
-32.1983,115.958,2020-06-21,5,,0,Australia
-32.75,151.333,2020-06-21,4,,0,Australia
-26.6462,153.087,2020-06-21,4,,0,Australia
-24.8293,152.467,2020-06-21,2,,0,Australia
-31.8092,116.297,2020-06-21,6,,0,Australia
-34.1802,150.988,2020-06-21,2,,0,Australia
-33.4478,151.436,2020-06-21,5,,0,Australia
-26.4079,146.238,2020-06-21,6,,0,Australia
-24.0735,132.267,2020-06-21,6,,0,Australia
-31.7279,115.728,2020-06-21,3,,0,Australia
-23.1533,150.759,2020-06-21,2,,0,Australia
-34.5884,150.597,2020-06-21,6,,0,Australia
-24.0726,132.272,2020-06-21,6,,0,Australia
-33.3885,151.301,2020-06-21,4,,0,Australia
-33.2937,151.413,2020-06-21,2,,0,Australia
-34.0182,150.827,2020-06-21,3,,0,Australia
-36.3652,146.686,2020-06-21,4,,0,Australia
-31.9991,116.057,2020-06-21,4,,0,Australia
-37.5116,144.592,2020-06-21,2,,0,Australia
-38.1869,146.253,2020-06-21,3,,0,Australia
-41.0427,145.83,2020-06-21,4,,0,Australia
-33.2937,151.413,2020-06-21,2,,0,Australia
-33.0928,151.632,2020-06-21,3,,0,Australia
-15.6432,130.467,2020-06-21,7,,0,Australia
-34.0332,151.028,2020-06-21,4,,0,Australia
-34.0332,151.028,2020-06-21,4,,0,Australia
-31.0365,150.236,2020-06-21,7,,0,Australia
-30.9086,153.053,2020-06-21,6,,0,Australia
-34.4549,140.569,2020-06-21,6,,0,Australia
-20.7457,116.81,2020-06-21,5,,0,Australia
-32.4074,115.76,2020-06-21,2,,0,Australia
-32.4074,115.76,2020-06-21,2,,0,Australia
-32.4074,115.76,2020-06-21,2,,0,Australia
-26.9401,118.956,2020-06-21,5,,0,Australia
-26.9401,118.956,2020-06-21,5,,0,Australia
-26.9401,118.956,2020-06-21,5,,0,Australia
-12.3864,130.879,2020-06-21,4,,0,Australia
-33.7314,151.069,2020-06-21,3,,0,Australia
-32.8433,151.376,2020-06-21,6,,0,Australia
-31.9621,115.808,2020-06-21,3,,0,Australia
-32.2968,115.71,2020-06-21,2,,0,Australia
-34.5716,150.727,2020-06-21,4,,0,Australia
-31.9539,115.878,2020-06-21,1,,0,Australia
-32.6109,149.587,2020-06-21,4,,0,Australia
-33.4478,151.436,2020-06-21,4,,0,Australia
-41.05,145.895,2020-06-21,2,,0,Australia
-25.3026,152.898,2020-06-21,3,,0,Australia
-26.8478,153.112,2020-06-21,2,,0,Australia
-37.841,140.779,2020-06-21,5,,0,Australia
-32.1689,152.502,2020-06-21,4,,0,Australia
-33.3631,151.485,2020-06-21,4,,0,Australia
-33.9528,115.054,2020-06-21,4,,0,Australia
-24.8734,152.336,2020-06-21,5,,0,Australia
-32.0525,116.147,2020-06-21,4,,0,Australia
-31.945,115.79,2020-06-21,2,,0,Australia
-31.496,151.104,2020-06-21,6,,0,Australia
-27.5604,152.905,2020-06-21,4,,0,Australia
-31.9586,115.901,2020-06-21,1,,0,Australia
-25.1299,132.57,2020-06-21,6,,0,Australia
-24.7403,152.258,2020-06-21,6,,0,Australia
-36.8477,149.935,2020-06-21,7,22.17,0,Australia
-37.4815,144.5,2020-06-21,6,,0,Australia
-33.2937,151.413,2020-06-21,2,,0,Australia
-28.2157,152.028,2020-06-21,4,,0,Australia
-41.05,145.895,2020-06-21,2,,0,Australia
-26.727,153.061,2020-06-21,1,,0,Australia
-34.5044,117.679,2020-06-21,6,,0,Australia
-26.3645,152.968,2020-06-21,1,,0,Australia
-31.9822,115.776,2020-06-21,4,,0,Australia
-31.9451,115.788,2020-06-21,3,,0,Australia
-20.7019,139.498,2020-06-21,5,,0,Australia
-20.7256,139.493,2020-06-21,5,,0,Australia
-32.8381,151.371,2020-06-21,6,,0,Australia
-26.7626,152.95,2020-06-21,5,,0,Australia
-26.4395,152.996,2020-06-21,5,,0,Australia
-25.3025,152.898,2020-06-21,4,,0,Australia
-25.3025,152.898,2020-06-21,4,,0,Australia
-25.3025,152.898,2020-06-21,4,,0,Australia
-25.1299,132.57,2020-06-21,6,,0,Australia
-25.1299,132.57,2020-06-21,6,,0,Australia
-33.3836,151.345,2020-06-21,5,,0,Australia
-26.8375,153.099,2020-06-21,2,,0,Australia
-34.2017,142.162,2020-06-21,4,,0,Australia
-33.8108,151.017,2020-06-21,2,,0,Australia
-22.3852,143.046,2020-06-21,7,,0,Australia
-23.3255,150.534,2020-06-21,4,,0,Australia
-27.5172,153.262,2020-06-21,2,,0,Australia
-30.4483,152.617,2020-06-21,6,,0,Australia
-26.8324,153.11,2020-06-21,4,,0,Australia
-35.0439,150.544,2020-06-21,5,,0,Australia
-35.0104,150.656,2020-06-21,5,,0,Australia
-37.5724,143.89,2020-06-21,3,17.4,0,Australia
-31.7339,115.766,2020-06-21,4,,0,Australia
-36.0552,150.138,2020-06-21,6,,0,Australia
-34.5041,117.679,2020-06-21,6,,0,Australia
-31.9824,115.776,2020-06-21,4,,0,Australia
-37.5724,143.89,2020-06-21,3,17.4,0,Australia
-32.0627,115.772,2020-06-21,3,,0,Australia
-30.982,150.184,2020-06-21,4,,0,Australia
-34.5431,150.844,2020-06-21,6,,0,Australia
-27.5172,153.262,2020-06-21,2,,0,Australia
-26.5233,153.088,2020-06-21,5,,0,Australia
-24.7403,152.258,2020-06-21,6,,0,Australia
-34.4918,150.336,2020-06-21,3,,0,Australia
-32.1065,116.067,2020-06-21,4,,0,Australia
-31.8301,116.153,2020-06-21,5,,0,Australia
-32.9866,151.615,2020-06-21,2,,0,Australia
-26.6816,153.083,2020-06-21,2,,0,Australia
-34.4605,150.826,2020-06-21,4,,0,Australia
-26.8325,153.093,2020-06-21,5,,0,Australia
-36.2154,149.131,2020-06-21,5,,0,Australia
-20.5681,139.571,2020-06-21,5,,0,Australia
-30.5971,151.828,2020-06-21,5,,0,Australia
-36.9765,140.768,2020-06-21,7,,0,Australia
-27.0448,152.871,2020-06-21,6,,0,Australia
-20.5706,139.57,2020-06-21,5,,0,Australia
-24.212,151.422,2020-06-21,6,,0,Australia
-23.8842,151.226,2020-06-21,5,,0,Australia
-26.6748,153.015,2020-06-21,4,,0,Australia
-33.362,151.46,2020-06-21,3,,0,Australia
-26.6564,152.939,2020-06-21,6,,0,Australia
-32.043,115.839,2020-06-21,4,,0,Australia
-24.862,152.37,2020-06-21,2,,0,Australia
-35.858,150.18,2020-06-21,7,25.0,0,Australia
-31.9718,116.053,2020-06-21,4,,0,Australia
-35.8211,139.702,2020-06-21,7,,0,Australia
-26.6816,153.083,2020-06-21,2,,0,Australia
-22.3853,143.045,2020-06-21,4,,0,Australia
-12.38,130.873,2020-06-21,5,,0,Australia
-34.8506,150.58,2020-06-21,2,,0,Australia
-34.7341,149.535,2020-06-21,4,,0,Australia
-37.4815,144.5,2020-06-21,6,,0,Australia
-24.3857,150.53,2020-06-21,5,,0,Australia
-12.3859,130.844,2020-06-21,5,,0,Australia
-35.8645,149.628,2020-06-21,3,,0,Australia
-32.8546,149.979,2020-06-21,4,,0,Australia
-15.6049,128.765,2020-06-21,2,,0,Australia
-26.6018,153.097,2020-06-21,5,,0,Australia
-37.8419,140.779,2020-06-21,6,,0,Australia
-31.8739,115.771,2020-06-21,2,,0,Australia
-31.8739,115.771,2020-06-21,2,,0,Australia
-29.4312,147.981,2020-06-21,3,,0,Australia
-26.6148,149.386,2020-06-21,5,,0,Australia
-30.4466,152.634,2020-06-21,6,,0,Australia
52.793,-1.64577,2020-06-21,5,,0,Australia
-35.2125,149.374,2020-06-21,7,,0,Australia
-24.212,151.422,2020-06-21,3,,0,Australia
-33.4306,151.347,2020-06-21,2,,0,Australia
-23.9769,151.156,2020-06-21,6,,0,Australia
-34.0423,151.018,2020-06-21,4,,0,Australia
-34.0426,151.018,2020-06-21,5,,0,Australia
-33.2503,151.514,2020-06-21,4,,0,Australia
-41.0518,145.9,2020-06-21,3,,0,Australia
-26.6626,153.079,2020-06-21,3,,0,Australia
-33.4299,151.348,2020-06-21,2,,0,Australia
-27.3846,152.991,2020-06-21,4,,0,Australia
-35.261,149.307,2020-06-21,4,,0,Australia
-35.2583,149.307,2020-06-21,4,,0,Australia
-26.727,153.061,2020-06-21,6,,0,Australia
-27.7301,153.188,2020-06-21,4,,0,Australia
-25.9507,149.918,2020-06-21,6,,0,Australia
-36.3597,146.691,2020-06-21,6,,0,Australia
-36.3597,146.691,2020-06-21,6,,0,Australia
-27.2667,152.964,2020-06-21,4,,0,Australia
-23.9551,151.337,2020-06-21,2,,0,Australia
-33.7,150.883,2020-06-21,5,,0,Australia
-35.7057,150.224,2020-06-21,2,,0,Australia
-31.1871,152.972,2020-06-21,5,,0,Australia
-27.2649,153.035,2020-06-21,4,,0,Australia
-27.7301,153.188,2020-06-21,4,,0,Australia
-24.2189,151.87,2020-06-21,3,,0,Australia
-27.4379,153.034,2020-06-21,1,,0,Australia
-32.3988,151.751,2020-06-21,3,,0,Australia
-16.9994,145.416,2020-06-21,5,,0,Australia
-35.2165,149.377,2020-06-21,7,,0,Australia
-34.7753,150.694,2020-06-21,5,,0,Australia
-33.1136,150.162,2020-06-21,5,,0,Australia
-32.5498,151.134,2020-06-21,3,,0,Australia
-27.2649,153.035,2020-06-21,4,,0,Australia
-33.787,150.665,2020-06-21,4,,0,Australia
-27.4208,153.013,2020-06-21,3,,0,Australia
-16.9994,145.416,2020-06-21,5,,0,Australia
-25.2744,133.775,2020-06-21,6,,0,Australia
-25.2744,133.775,2020-06-21,6,,0,Australia
-27.4984,153.401,2020-06-21,5,,0,Australia
-24.3589,139.472,2020-06-21,7,,0,Australia
-26.3924,146.256,2020-06-21,6,,0,Australia
-33.1136,150.162,2020-06-21,4,,0,Australia
-35.0824,150.647,2020-06-21,4,,0,Australia
-37.746,144.892,2020-06-20,2,,0,Australia
-26.6337,152.937,2020-06-21,3,,0,Australia
-18.6486,146.171,2020-06-21,4,,0,Australia
-27.2608,153.028,2020-06-21,4,,0,Australia
-35.0106,150.656,2020-06-21,5,,0,Australia
-37.0854,141.094,2020-06-21,6,,0,Australia
-26.2184,152.67,2020-06-21,5,,0,Australia
-35.4499,149.086,2020-06-21,2,,0,Australia
-26.7665,153.014,2020-06-21,6,,0,Australia
-27.4079,152.918,2020-06-21,4,,0,Australia
-27.9938,153.327,2020-06-21,3,,0,Australia
-26.783,153.128,2020-06-21,4,,0,Australia
-12.6771,132.837,2020-06-21,4,,0,Australia
-27.4984,153.401,2020-06-21,5,,0,Australia
-27.2439,153.085,2020-06-21,2,,0,Australia
-26.7832,153.092,2020-06-21,4,,0,Australia
-33.7138,150.59,2020-06-21,4,,0,Australia
-26.871,152.931,2020-06-21,4,,0,Australia
-20.7264,139.504,2020-06-21,3,,0,Australia
-26.5667,153.083,2020-06-21,5,,0,Australia
-26.5667,153.083,2020-06-21,5,,0,Australia
-24.212,151.423,2020-06-21,5,,0,Australia
-10.5859,142.215,2020-06-21,5,,0,Australia
-34.2599,150.612,2020-06-21,6,,0,Australia
-24.9856,151.987,2020-06-21,6,,0,Australia
-22.2579,131.793,2020-06-21,6,,0,Australia
-28.0491,148.607,2020-06-21,6,,0,Australia
-16.8295,145.495,2020-06-21,5,,0,Australia
-27.4322,153.16,2020-06-21,2,,0,Australia
-27.4379,153.034,2020-06-21,1,,0,Australia
-23.8768,151.244,2020-06-21,4,,0,Australia
-22.3852,143.035,2020-06-21,5,,0,Australia
-28.0491,148.607,2020-06-21,6,,0,Australia
-34.398,150.483,2020-06-21,5,,0,Australia
-34.6651,150.851,2020-06-21,3,,0,Australia
-33.0467,151.588,2020-06-21,4,,0,Australia
-26.7818,153.092,2020-06-21,4,,0,Australia
-25.3021,152.83,2020-06-21,3,,0,Australia
-23.3941,150.5,2020-06-21,3,,0,Australia
-26.2828,152.525,2020-06-21,5,,0,Australia
-26.7297,152.928,2020-06-21,5,,0,Australia
-26.4806,153.096,2020-06-21,4,,0,Australia
-34.7712,137.598,2020-06-21,5,,0,Australia
-36.1041,140.345,2020-06-21,5,,0,Australia
-33.2235,151.278,2020-06-21,1,,0,Australia
-33.2235,151.278,2020-06-21,1,,0,Australia
-35.0023,150.695,2020-06-21,6,,0,Australia
-36.1991,150.13,2020-06-21,5,,0,Australia
-26.6714,153.041,2020-06-21,4,,0,Australia
-27.5986,153.134,2020-06-21,2,,0,Australia
-25.3021,152.83,2020-06-21,3,,0,Australia
-27.3061,152.962,2020-06-21,4,,0,Australia
-35.2809,149.13,2020-06-21,5,,0,Australia
-32.9262,151.396,2020-06-21,5,,0,Australia
-27.5986,153.134,2020-06-21,4,,0,Australia
-35.2435,149.075,2020-06-21,6,,0,Australia
-35.2107,149.048,2020-06-21,4,,0,Australia
-24.206,151.881,2020-06-21,6,,0,Australia
-35.0064,150.698,2020-06-21,6,,0,Australia
-28.5168,153.545,2020-06-21,6,,0,Australia
-35.7496,150.213,2020-06-21,5,,0,Australia
-35.2617,150.516,2020-06-21,6,,0,Australia
-26.4837,153.096,2020-06-21,4,,0,Australia
-31.6352,150.62,2020-06-21,7,,0,Australia
-17.2629,145.586,2020-06-21,6,,0,Australia
-24.7787,152.39,2020-06-21,5,,0,Australia
-27.3577,152.955,2020-06-21,2,,0,Australia
-34.2313,150.656,2020-06-21,5,,0,Australia
-26.6548,153.096,2020-06-21,5,19.31,0,Australia
-37.4696,140.252,2020-06-21,7,,0,Australia
-27.0073,132.711,2020-06-21,7,,0,Australia
-27.5986,153.134,2020-06-21,4,,0,Australia
-33.3661,151.493,2020-06-21,5,,0,Australia
-33.2235,151.278,2020-06-21,1,,0,Australia
-23.698,133.881,2020-06-21,6,,0,Australia
-33.7497,150.649,2020-06-21,5,,0,Australia
-17.255,145.492,2020-06-21,3,,0,Australia
-27.5342,153.259,2020-06-21,3,,0,Australia
-27.4939,153.05,2020-06-21,5,19.84,0,Australia
-27.991,153.341,2020-06-21,2,,0,Australia
-27.5342,153.259,2020-06-21,3,,0,Australia
-33.3246,151.365,2020-06-21,4,,0,Australia
-37.6,141.7,2020-06-21,2,6.0,0,Australia
-33.365,151.46,2020-06-21,4,,0,Australia
-35.7888,150.229,2020-06-21,4,,0,Australia
-33.0646,151.459,2020-06-21,2,,0,Australia
-34.4083,140.59,2020-06-21,3,,0,Australia
-24.8779,152.335,2020-06-21,5,,0,Australia
-33.0467,151.588,2020-06-21,4,,0,Australia
-27.3897,152.94,2020-06-21,2,,0,Australia
-36.3631,148.828,2020-06-21,5,,0,Australia
-23.543,148.16,2020-06-21,5,,0,Australia
-24.5786,149.97,2020-06-21,4,,0,Australia
-27.6573,153.114,2020-06-21,4,,0,Australia
-26.476,153.096,2020-06-21,4,,0,Australia
-27.2966,152.929,2020-06-21,4,,0,Australia
-27.4196,153.011,2020-06-21,2,,0,Australia
-35.2617,150.516,2020-06-21,3,,0,Australia
-24.2058,151.882,2020-06-21,6,,0,Australia
-26.5629,152.952,2020-06-21,3,,0,Australia
-35.2579,150.516,2020-06-21,6,,0,Australia
-35.2464,149.05,2020-06-21,2,,0,Australia
-27.4937,153.05,2020-06-21,5,19.84,0,Australia
-27.6072,153.299,2020-06-21,5,,0,Australia
-34.8412,150.743,2020-06-21,4,,0,Australia
-23.2434,150.771,2020-06-21,6,,0,Australia
-35.2464,149.05,2020-06-21,2,,0,Australia
-28.6075,152.198,2020-06-21,6,,0,Australia
-32.2446,151.684,2020-06-21,4,,0,Australia
-23.8672,151.246,2020-06-21,3,,0,Australia
-33.6645,150.641,2020-06-21,5,,0,Australia
-33.6842,150.546,2020-06-21,2,,0,Australia
-32.9329,151.132,2020-06-21,5,,0,Australia
-33.4372,151.316,2020-06-21,5,,0,Australia
-27.6315,153.234,2020-06-21,3,,0,Australia
-34.6445,150.838,2020-06-21,3,,0,Australia
-34.6445,150.838,2020-06-21,3,,0,Australia
-26.8214,153.112,2020-06-21,5,,0,Australia
-35.3221,149.1,2020-06-21,3,,0,Australia
-26.7869,153.137,2020-06-21,4,,0,Australia
-32.2445,151.684,2020-06-21,4,,0,Australia
-27.4656,153.191,2020-06-21,4,,0,Australia
-16.891,145.713,2020-06-21,2,,0,Australia
-27.6071,153.299,2020-06-21,5,,0,Australia
-24.8863,152.487,2020-06-21,6,,0,Australia
-27.4813,153.099,2020-06-21,3,,0,Australia
-25.2356,152.211,2020-06-21,6,,0,Australia
-27.5147,152.937,2020-06-21,3,,0,Australia
-27.4813,153.099,2020-06-21,3,,0,Australia
-27.4813,153.099,2020-06-21,3,,0,Australia
-33.4179,151.346,2020-06-21,4,,0,Australia
-34.5447,150.394,2020-06-21,4,,0,Australia
-26.7302,152.948,2020-06-21,5,,0,Australia
-24.2125,151.903,2020-06-21,6,,0,Australia
-35.8013,150.23,2020-06-21,4,,0,Australia
-38.6302,145.733,2020-06-21,6,,0,Australia
-27.5723,153.193,2020-06-21,5,,0,Australia
-26.77,153.122,2020-06-21,4,,0,Australia
-33.0475,151.593,2020-06-21,6,,0,Australia
-26.7301,152.948,2020-06-21,5,,0,Australia
-33.325,151.365,2020-06-21,4,,0,Australia
-23.8839,151.229,2020-06-21,3,,0,Australia
-27.464,153.032,2020-06-21,2,,0,Australia
-27.5148,152.937,2020-06-21,3,,0,Australia
-27.4839,153.096,2020-06-21,2,,0,Australia
-26.6539,153.094,2020-06-21,4,18.98,0,Australia
-27.4839,153.096,2020-06-21,2,,0,Australia
-26.4182,146.252,2020-06-21,5,,0,Australia
-31.9687,152.582,2020-06-21,4,,0,Australia
-16.891,145.713,2020-06-21,2,,0,Australia
-26.7302,152.948,2020-06-21,5,,0,Australia
-26.7302,152.948,2020-06-21,5,,0,Australia
-26.8242,153.106,2020-06-21,5,,0,Australia
-37.8727,142.141,2020-06-21,7,,0,Australia
-37.8727,142.141,2020-06-21,7,,0,Australia
-34.7809,150.69,2020-06-21,4,,0,Australia
-26.6504,152.933,2020-06-21,5,,0,Australia
-36.3631,148.828,2020-06-21,5,,0,Australia
-33.3962,151.478,2020-06-21,4,,0,Australia
-33.7842,151.188,2020-06-21,5,,0,Australia
-33.7842,151.188,2020-06-21,5,,0,Australia
-33.7842,151.188,2020-06-21,5,,0,Australia
-33.7842,151.188,2020-06-21,5,,0,Australia
-26.7799,153.099,2020-06-21,3,,0,Australia
-27.427,153.008,2020-06-21,4,,0,Australia
-27.427,153.008,2020-06-21,4,,0,Australia
-33.7842,151.188,2020-06-21,5,,0,Australia
-33.7842,151.188,2020-06-21,5,,0,Australia
-25.3635,152.777,2020-06-21,5,,0,Australia
-25.3632,152.776,2020-06-21,5,,0,Australia
-25.2849,152.888,2020-06-21,2,,0,Australia
-27.4844,153.044,2020-06-21,2,,0,Australia
-33.7842,151.188,2020-06-21,5,,0,Australia
-33.7842,151.188,2020-06-21,5,,0,Australia
-33.7842,151.188,2020-06-21,5,,0,Australia
-33.7842,151.188,2020-06-21,5,,0,Australia
-33.7842,151.188,2020-06-21,5,,0,Australia
-33.7842,151.188,2020-06-21,5,,0,Australia
-33.7842,151.188,2020-06-21,5,,0,Australia
-33.7842,151.188,2020-06-21,5,,0,Australia
-22.008,148.067,2020-06-21,4,,0,Australia
-27.5346,153.045,2020-06-21,4,,0,Australia
-27.464,153.032,2020-06-21,2,,0,Australia
-24.8779,152.335,2020-06-21,5,,0,Australia
-26.7799,153.099,2020-06-21,3,,0,Australia
-33.4625,151.312,2020-06-21,5,,0,Australia
-33.7842,151.188,2020-06-21,5,,0,Australia
-27.2005,153.032,2020-06-21,5,,0,Australia
-33.7842,151.188,2020-06-21,5,,0,Australia
-34.217,142.13,2020-06-21,5,,0,Australia
-24.8356,152.473,2020-06-21,4,,0,Australia
-25.3634,152.776,2020-06-21,5,,0,Australia
-25.3606,152.778,2020-06-21,5,,0,Australia
-27.9768,153.41,2020-06-21,4,,0,Australia
-27.2162,153.117,2020-06-21,4,,0,Australia
-27.2167,153.116,2020-06-21,4,,0,Australia
-23.1324,150.736,2020-06-21,5,,0,Australia
-34.4734,150.413,2020-06-21,4,,0,Australia
-27.599,153.074,2020-06-21,5,,0,Australia
-23.2102,150.789,2020-06-21,5,,0,Australia
-35.1694,138.837,2020-06-21,5,,0,Australia
-30.9507,149.068,2020-06-21,3,,0,Australia
-33.1077,151.558,2020-06-21,2,,0,Australia
-33.1077,151.558,2020-06-21,2,,0,Australia
-34.7428,150.83,2020-06-21,6,,0,Australia
-33.6488,150.29,2020-06-21,3,,0,Australia
-19.1555,146.604,2020-06-21,5,,0,Australia
-26.7338,152.94,2020-06-21,6,,0,Australia
-27.3987,153.052,2020-06-21,1,,0,Australia
-33.3149,151.388,2020-06-21,4,,0,Australia
-27.2166,153.078,2020-06-21,4,,0,Australia
-26.7144,153.106,2020-06-21,5,,0,Australia
-23.2499,150.816,2020-06-21,3,,0,Australia
-27.2297,153.099,2020-06-21,2,,0,Australia
-33.3841,151.465,2020-06-21,4,,0,Australia
-27.5161,153.248,2020-06-21,4,,0,Australia
-32.9404,151.7,2020-06-21,2,,0,Australia
-23.3458,150.518,2020-06-21,5,,0,Australia
-26.8074,152.959,2020-06-21,6,,0,Australia
-26.8074,152.959,2020-06-21,6,,0,Australia
-27.0904,152.944,2020-06-21,5,,0,Australia
-27.5169,153.247,2020-06-21,4,,0,Australia
-27.43,153.069,2020-06-21,2,,0,Australia
-27.6773,153.057,2020-06-21,4,,0,Australia
-26.6684,152.92,2020-06-21,4,,0,Australia
-51.1078,-40.3655,2020-06-21,4,,0,Australia
-31.6333,152.755,2020-06-21,3,,0,Australia
-27.2321,153.117,2020-06-21,4,18.81,0,Australia
-27.5106,153.097,2020-06-21,4,,0,Australia
-32.7339,138.611,2020-06-21,2,,0,Australia
-32.7061,151.531,2020-06-21,4,,0,Australia
-33.6488,150.29,2020-06-21,3,,0,Australia
-33.6488,150.29,2020-06-21,3,,0,Australia
-27.1065,152.391,2020-06-21,5,,0,Australia
-34.7428,150.83,2020-06-21,6,,0,Australia
-26.9557,152.962,2020-06-21,5,,0,Australia
-33.3822,151.462,2020-06-21,4,,0,Australia
-34.0145,150.718,2020-06-21,4,,0,Australia
-35.2933,150.386,2020-06-21,5,,0,Australia
-36.2452,149.114,2020-06-21,3,,0,Australia
-27.0814,153.157,2020-06-21,3,,0,Australia
-36.3866,149.902,2020-06-21,5,,0,Australia
-34.2795,150.566,2020-06-21,7,,0,Australia
-27.5078,153.056,2020-06-21,4,,0,Australia
-16.9617,145.729,2020-06-21,5,,0,Australia
-27.9581,153.371,2020-06-21,2,,0,Australia
-34.1926,142.162,2020-06-21,3,,0,Australia
-27.5161,153.248,2020-06-21,4,,0,Australia
-27.5167,152.972,2020-06-21,3,,0,Australia
-33.2754,150.118,2020-06-21,6,,0,Australia
-27.5169,153.247,2020-06-21,4,,0,Australia
-25.2799,152.809,2020-06-21,5,,0,Australia
-25.2799,152.809,2020-06-21,5,,0,Australia
-35.2196,149.029,2020-06-21,6,,0,Australia
-34.0144,150.719,2020-06-21,4,,0,Australia
-23.5648,148.3,2020-06-21,5,,0,Australia
-23.9376,151.353,2020-06-21,4,,0,Australia
-27.2353,152.988,2020-06-21,5,,0,Australia
-36.7579,149.94,2020-06-21,6,,0,Australia
-35.734,142.369,2020-06-21,4,,0,Australia
-35.734,142.369,2020-06-21,4,,0,Australia
-34.6497,150.298,2020-06-21,6,,0,Australia
-28.6015,144.916,2020-06-21,7,,0,Australia
-26.9567,152.963,2020-06-21,5,,0,Australia
-26.7481,153.126,2020-06-21,4,,0,Australia
-26.7481,153.126,2020-06-21,4,,0,Australia
-26.625,153.081,2020-06-21,2,,0,Australia
-27.0529,152.926,2020-06-21,4,,0,Australia
-26.6925,153.098,2020-06-21,5,,0,Australia
-33.6795,151.294,2020-06-21,2,,0,Australia
-35.2933,150.386,2020-06-21,5,,0,Australia
-27.9738,153.418,2020-06-21,3,,0,Australia
-41.0092,145.702,2020-06-21,6,,0,Australia
-41.0092,145.702,2020-06-21,6,,0,Australia
-27.4846,153.026,2020-06-21,4,,0,Australia
-27.5081,152.949,2020-06-21,5,,0,Australia
-27.5106,153.097,2020-06-21,4,,0,Australia
-27.5167,152.972,2020-06-21,2,,0,Australia
-34.1926,142.162,2020-06-21,3,,0,Australia
-26.5193,151.862,2020-06-21,6,,0,Australia
-27.5985,153.062,2020-06-21,5,,0,Australia
-16.9213,145.721,2020-06-21,5,,0,Australia
-27.4804,153.093,2020-06-21,4,,0,Australia
-27.4804,153.093,2020-06-21,4,,0,Australia
-27.3027,153.056,2020-06-21,4,,0,Australia
-35.7431,149.157,2020-06-21,6,,0,Australia
-19.3856,146.724,2020-06-21,3,,0,Australia
-27.9738,153.418,2020-06-21,3,,0,Australia
-27.5027,153.029,2020-06-21,4,,0,Australia
-35.4348,149.803,2020-06-21,2,,0,Australia
-27.6679,153.013,2020-06-21,3,,0,Australia
-26.4059,153.089,2020-06-21,5,,0,Australia
-36.7579,149.94,2020-06-21,6,,0,Australia
-29.6549,150.833,2020-06-21,5,,0,Australia
-27.5081,152.949,2020-06-21,5,,0,Australia
-27.3292,153.087,2020-06-21,4,,0,Australia
-27.4896,153.132,2020-06-21,3,,0,Australia
-27.5346,153.104,2020-06-21,2,,0,Australia
-36.1991,150.13,2020-06-21,5,,0,Australia
-36.1991,150.13,2020-06-21,5,,0,Australia
-27.5031,153.029,2020-06-21,2,,0,Australia
-26.5672,153.082,2020-06-21,4,,0,Australia
-35.2347,149.101,2020-06-21,4,,0,Australia
-35.2618,149.114,2020-06-21,4,,0,Australia
-27.3287,153.087,2020-06-21,4,,0,Australia
-23.2775,150.821,2020-06-21,5,,0,Australia
-26.6263,153.079,2020-06-21,1,,0,Australia
-27.4893,153.181,2020-06-21,4,,0,Australia
-27.0842,153.168,2020-06-21,5,,0,Australia
-16.8946,145.713,2020-06-21,1,,0,Australia
-26.4493,152.934,2020-06-21,5,,0,Australia
-26.392,153.039,2020-06-21,4,,0,Australia
-27.9891,153.302,2020-06-21,5,,0,Australia
-25.2744,133.775,2020-06-21,2,,0,Australia
-33.3149,151.388,2020-06-21,4,,0,Australia
-28.0437,148.58,2020-06-21,7,,0,Australia
-32.7248,151.626,2020-06-21,3,,0,Australia
-32.765,151.534,2020-06-21,5,,0,Australia
-27.5358,153.214,2020-06-21,4,,0,Australia
-27.5358,153.214,2020-06-21,4,,0,Australia
-22.8197,148.691,2020-06-21,4,,0,Australia
-22.3862,143.039,2020-06-21,5,,0,Australia
-16.7703,145.675,2020-06-21,2,,0,Australia
-24.3986,150.511,2020-06-21,4,,0,Australia
-19.2666,146.799,2020-06-21,4,,0,Australia
-27.6684,153.185,2020-06-21,4,,0,Australia
-16.9378,145.697,2020-06-21,5,,0,Australia
-28.001,153.301,2020-06-21,4,,0,Australia
-23.2709,150.821,2020-06-21,3,,0,Australia
-33.0075,151.572,2020-06-21,5,,0,Australia
-26.2764,152.682,2020-06-21,3,,0,Australia
-27.5034,153.029,2020-06-21,2,,0,Australia
-35.2107,149.048,2020-06-21,4,,0,Australia
-27.9891,153.302,2020-06-21,5,,0,Australia
-32.8086,151.507,2020-06-21,5,,0,Australia
-35.4348,149.803,2020-06-21,2,,0,Australia
-27.2257,153.1,2020-06-21,5,,0,Australia
-27.4843,153.003,2020-06-21,4,,0,Australia
-28.0263,153.426,2020-06-21,1,,0,Australia
-22.5838,148.347,2020-06-21,5,,0,Australia
-27.6684,153.185,2020-06-21,4,,0,Australia
-26.796,152.967,2020-06-21,5,,0,Australia
-34.2823,140.604,2020-06-21,6,,0,Australia
-26.392,153.039,2020-06-21,5,,0,Australia
-28.0264,153.426,2020-06-21,1,,0,Australia
-36.3023,150.129,2020-06-21,5,,0,Australia
-36.3023,150.129,2020-06-21,5,,0,Australia
-27.3045,152.967,2020-06-21,3,,0,Australia
-27.4433,152.989,2020-06-21,5,,0,Australia
-31.2767,149.203,2020-06-21,2,,0,Australia
-23.8507,151.276,2020-06-21,5,,0,Australia
-34.2823,140.604,2020-06-21,6,,0,Australia
-27.0685,153.108,2020-06-21,4,,0,Australia
-32.764,151.529,2020-06-21,3,,0,Australia
-32.9212,151.749,2020-06-21,2,,0,Australia
-27.5121,153.035,2020-06-21,4,,0,Australia
-27.4956,153.227,2020-06-21,3,,0,Australia
-26.6509,153.092,2020-06-21,4,18.85,0,Australia
-32.993,151.656,2020-06-21,4,,0,Australia
-27.4575,153.065,2020-06-21,3,,0,Australia
-26.6242,152.865,2020-06-21,4,,0,Australia
-16.9183,145.743,2020-06-21,3,,0,Australia
-27.4075,153.028,2020-06-21,2,,0,Australia
-34.675,150.212,2020-06-21,6,,0,Australia
-27.0413,152.923,2020-06-21,5,,0,Australia
-22.7178,147.682,2020-06-21,3,,0,Australia
-27.5463,153.214,2020-06-21,4,,0,Australia
-27.4678,153.058,2020-06-21,4,,0,Australia
-33.0075,151.572,2020-06-21,5,,0,Australia
-27.0758,152.937,2020-06-21,4,,0,Australia
-35.1726,149.112,2020-06-21,3,,0,Australia
-26.729,153.067,2020-06-21,5,,0,Australia
-28.0815,153.446,2020-06-21,2,,0,Australia
-37.7508,142.031,2020-06-21,6,,0,Australia
-32.016,151.964,2020-06-21,6,,0,Australia
-27.4697,153.046,2020-06-21,4,,0,Australia
-32.9212,151.749,2020-06-21,2,,0,Australia
-33.2479,151.372,2020-06-21,3,,0,Australia
-27.4943,152.98,2020-06-21,4,,0,Australia
-27.5121,153.035,2020-06-21,4,,0,Australia
-32.016,151.964,2020-06-21,7,,0,Australia
-27.3712,152.868,2020-06-21,5,,0,Australia
-27.2466,152.983,2020-06-21,4,,0,Australia
-27.2466,152.983,2020-06-21,4,,0,Australia
-32.993,151.656,2020-06-21,4,,0,Australia
-27.4679,153.058,2020-06-21,4,,0,Australia
-34.675,150.212,2020-06-21,6,,0,Australia
-27.4863,153.021,2020-06-21,4,,0,Australia
-34.8003,150.492,2020-06-21,6,,0,Australia
-25.1207,152.577,2020-06-21,1,,0,Australia
-27.5,153.0,2020-06-21,4,,0,Australia
-16.9014,145.693,2020-06-21,5,,0,Australia
-33.265,151.485,2020-06-21,2,,0,Australia
-32.9824,151.618,2020-06-21,2,,0,Australia
-27.4712,153.037,2020-06-21,3,,0,Australia
-26.796,152.967,2020-06-21,5,,0,Australia
-33.4753,151.346,2020-06-21,4,,0,Australia
-33.4938,150.525,2020-06-21,5,,0,Australia
-27.5,153.0,2020-06-21,4,,0,Australia
-27.4962,153.227,2020-06-21,4,,0,Australia
-27.4962,153.227,2020-06-21,4,,0,Australia
-17.3403,145.626,2020-06-21,4,,0,Australia
-32.8937,151.736,2020-06-21,4,,0,Australia
-33.0969,151.641,2020-06-21,4,,0,Australia
-33.7933,150.67,2020-06-21,5,,0,Australia
-34.675,150.212,2020-06-21,6,,0,Australia
-22.3852,143.042,2020-06-21,2,,0,Australia
-33.082,151.501,2020-06-21,2,,0,Australia
-33.082,151.501,2020-06-21,2,,0,Australia
-26.6509,153.092,2020-06-21,2,,0,Australia
-27.5361,153.03,2020-06-21,4,,0,Australia
-27.3833,152.998,2020-06-21,4,,0,Australia
-34.8003,150.492,2020-06-21,6,,0,Australia
-32.8427,151.375,2020-06-21,5,,0,Australia
-27.3683,153.002,2020-06-21,4,,0,Australia
-32.3845,150.692,2020-06-21,6,,0,Australia
-16.8941,145.713,2020-06-21,2,,0,Australia
-27.4956,153.227,2020-06-21,5,,0,Australia
-33.4004,151.35,2020-06-21,6,,0,Australia
-27.4956,153.227,2020-06-21,5,,0,Australia
-27.524,153.098,2020-06-21,4,,0,Australia
-27.3712,152.868,2020-06-21,5,,0,Australia
-16.8167,145.633,2020-06-21,5,,0,Australia
-27.6395,153.185,2020-06-21,5,,0,Australia
32.7184,-80.9333,2020-06-21,3,,0,Australia
-23.358,150.533,2020-06-21,6,,0,Australia
-32.8924,151.727,2020-06-21,4,,0,Australia
-27.8709,153.08,2020-06-21,5,,0,Australia
-33.265,151.485,2020-06-21,2,,0,Australia
-26.6509,153.092,2020-06-21,4,,0,Australia
-26.6509,153.092,2020-06-21,4,,0,Australia
-33.1628,151.63,2020-06-21,4,,0,Australia
-27.0929,152.948,2020-06-21,2,,0,Australia
-33.4005,151.35,2020-06-21,5,,0,Australia
-34.6217,150.458,2020-06-21,7,,0,Australia
-35.7891,150.2,2020-06-21,4,,0,Australia
-23.3287,150.792,2020-06-21,5,,0,Australia
-28.8496,151.172,2020-06-21,6,,0,Australia
-30.5409,151.784,2020-06-21,6,,0,Australia
-30.8943,153.043,2020-06-21,4,,0,Australia
-34.675,150.212,2020-06-21,6,,0,Australia
-26.7515,153.114,2020-06-21,2,,0,Australia
-26.7515,153.114,2020-06-21,2,,0,Australia
-32.8978,151.661,2020-06-21,2,,0,Australia
-27.4943,152.98,2020-06-21,4,,0,Australia
-27.7539,152.952,2020-06-21,6,,0,Australia
-27.7539,152.952,2020-06-21,6,,0,Australia
-28.9161,153.46,2020-06-21,4,,0,Australia
-27.3839,152.981,2020-06-21,2,,0,Australia
-27.0038,152.802,2020-06-21,5,,0,Australia
-27.1305,152.877,2020-06-21,4,,0,Australia
-27.693,153.138,2020-06-21,5,,0,Australia
-27.0785,153.121,2020-06-21,5,,0,Australia
-16.9014,145.693,2020-06-21,5,,0,Australia
-35.7481,150.197,2020-06-21,4,,0,Australia
-26.538,153.092,2020-06-21,5,,0,Australia
-26.6626,152.964,2020-06-21,4,,0,Australia
-22.3849,143.042,2020-06-21,2,,0,Australia
-27.5878,153.087,2020-06-21,5,,0,Australia
-35.9368,150.079,2020-06-21,6,,0,Australia
-27.1305,152.877,2020-06-21,4,,0,Australia
-35.2715,149.14,2020-06-21,3,,0,Australia
-36.0584,149.2,2020-06-21,7,,0,Australia
-34.2634,150.522,2020-06-21,4,,0,Australia
-32.9444,151.128,2020-06-21,5,,0,Australia
-33.273,151.468,2020-06-21,4,,0,Australia
-27.004,152.802,2020-06-21,5,,0,Australia
-27.1889,152.817,2020-06-21,7,,0,Australia
-27.5346,153.104,2020-06-21,2,,0,Australia
-30.8943,153.043,2020-06-21,4,,0,Australia
-34.217,142.13,2020-06-21,2,,0,Australia
-34.217,142.13,2020-06-21,2,,0,Australia
-34.7115,139.098,2020-06-21,7,,0,Australia
-24.2195,151.88,2020-06-21,5,,0,Australia
-34.6217,150.458,2020-06-21,6,,0,Australia
-27.2557,153.103,2020-06-21,3,,0,Australia
-22.3771,143.052,2020-06-21,2,,0,Australia
-27.4137,153.044,2020-06-21,3,,0,Australia
-27.5255,153.077,2020-06-21,4,,0,Australia
-27.4879,153.23,2020-06-21,2,,0,Australia
-27.5035,153.211,2020-06-21,5,,0,Australia
-30.9089,150.65,2020-06-21,3,,0,Australia
-33.2416,151.477,2020-06-21,5,,0,Australia
-33.2416,151.477,2020-06-21,5,,0,Australia
-28.0305,153.416,2020-06-21,2,,0,Australia
-24.8734,152.336,2020-06-21,5,,0,Australia
-27.5346,153.104,2020-06-21,2,,0,Australia
-27.0742,152.77,2020-06-21,6,,0,Australia
-26.6509,153.092,2020-06-21,4,18.55,0,Australia
-37.5504,149.752,2020-06-21,6,,0,Australia
-27.6393,153.246,2020-06-21,4,,0,Australia
-24.8734,152.336,2020-06-21,5,,0,Australia
-24.8285,152.287,2020-06-21,5,,0,Australia
-27.4698,153.025,2020-06-21,2,,0,Australia
-27.5966,153.144,2020-06-21,4,,0,Australia
-33.0323,150.189,2020-06-21,5,,0,Australia
-26.5821,148.785,2020-06-21,4,,0,Australia
-36.2071,150.122,2020-06-21,5,,0,Australia
-32.9359,151.767,2020-06-21,4,,0,Australia
-32.4583,149.773,2020-06-21,7,,0,Australia
-22.3881,143.042,2020-06-21,2,,0,Australia
-32.8975,151.661,2020-06-21,2,,0,Australia
-27.6392,153.185,2020-06-21,4,,0,Australia
-27.5211,153.077,2020-06-21,3,,0,Australia
-23.5382,148.145,2020-06-21,5,,0,Australia
-27.2557,153.103,2020-06-21,3,,0,Australia
-27.6423,152.875,2020-06-21,5,,0,Australia
-33.5564,150.604,2020-06-21,7,,0,Australia
-27.6393,153.246,2020-06-21,4,,0,Australia
-32.9627,151.691,2020-06-21,3,,0,Australia
-26.6133,152.946,2020-06-21,5,,0,Australia
-23.3788,147.73,2020-06-21,5,,0,Australia
-27.5966,153.144,2020-06-21,4,,0,Australia
-31.5817,152.835,2020-06-20,2,,0,Australia
-27.3817,152.996,2020-06-21,4,,0,Australia
-34.2634,150.522,2020-06-21,4,,0,Australia
-35.2614,149.155,2020-06-21,3,,0,Australia
-38.2936,147.147,2020-06-21,2,,0,Australia
-27.4939,153.222,2020-06-21,4,,0,Australia
-27.386,153.051,2020-06-21,2,,0,Australia
-35.445,149.804,2020-06-21,6,,0,Australia
-35.1519,149.141,2020-06-21,5,,0,Australia
-33.2416,151.477,2020-06-21,5,,0,Australia
-32.8976,151.669,2020-06-21,2,,0,Australia
-27.7311,153.169,2020-06-21,4,,0,Australia
-27.7313,153.169,2020-06-21,4,,0,Australia
-26.4161,153.109,2020-06-21,5,,0,Australia
-27.6397,153.157,2020-06-21,2,,0,Australia
-27.6397,153.157,2020-06-21,2,,0,Australia
-27.2731,152.962,2020-06-21,4,,0,Australia
-27.4736,152.988,2020-06-21,5,,0,Australia
-27.4698,153.025,2020-06-21,1,,0,Australia
-27.2336,153.112,2020-06-21,2,,0,Australia
-27.6265,153.103,2020-06-21,4,,0,Australia
-26.4066,146.236,2020-06-21,5,,0,Australia
-27.5582,152.832,2020-06-21,2,,0,Australia
-27.3712,152.868,2020-06-21,5,,0,Australia
-27.2731,152.962,2020-06-21,3,,0,Australia
-27.2731,152.962,2020-06-21,3,,0,Australia
-27.6265,153.103,2020-06-21,4,,0,Australia
-26.7615,153.126,2020-06-21,4,,0,Australia
-25.2744,133.775,2020-06-21,2,,0,Australia
-27.6118,153.104,2020-06-21,3,,0,Australia
-22.3881,143.042,2020-06-21,2,,0,Australia
-26.5717,153.094,2020-06-21,1,,0,Australia
-26.5379,153.092,2020-06-21,3,,0,Australia
-27.5211,153.077,2020-06-21,3,,0,Australia
-28.084,153.449,2020-06-21,2,,0,Australia
-26.7614,153.126,2020-06-21,4,,0,Australia
-26.7614,153.126,2020-06-21,4,,0,Australia
-35.0767,150.674,2020-06-21,6,,0,Australia
-26.7614,153.126,2020-06-21,4,,0,Australia
-35.0767,150.674,2020-06-21,6,,0,Australia
-27.0413,152.923,2020-06-21,5,,0,Australia
-23.4211,147.709,2020-06-21,6,,0,Australia
-27.2845,152.956,2020-06-21,4,,0,Australia
-26.6955,152.809,2020-06-21,6,,0,Australia
-26.5734,148.785,2020-06-21,2,,0,Australia
-32.9771,151.678,2020-06-21,5,,0,Australia
-26.7552,152.85,2020-06-21,2,,0,Australia
-26.6134,152.946,2020-06-21,5,,0,Australia
-26.6245,152.969,2020-06-21,5,,0,Australia
-28.1284,153.443,2020-06-21,5,,0,Australia
-27.471,153.081,2020-06-21,5,,0,Australia
-23.4211,147.709,2020-06-21,6,,0,Australia
-28.121,153.468,2020-06-21,5,,0,Australia
-27.6535,153.178,2020-06-21,2,,0,Australia
-27.5126,153.208,2020-06-21,4,,0,Australia
-27.9402,153.245,2020-06-21,6,,0,Australia
-26.5734,148.785,2020-06-21,2,,0,Australia
-27.6118,153.104,2020-06-21,2,,0,Australia
-32.99,151.721,2020-06-21,5,,0,Australia
-28.0807,153.353,2020-06-21,3,,0,Australia
-33.436,151.295,2020-06-21,4,,0,Australia
-28.0807,153.353,2020-06-21,3,,0,Australia
-34.6112,150.331,2020-06-21,5,,0,Australia
-27.5463,153.214,2020-06-21,4,,0,Australia
-23.3037,150.517,2020-06-21,3,,0,Australia
-26.4122,153.104,2020-06-21,4,,0,Australia
-32.9263,151.678,2020-06-21,4,,0,Australia
-27.5371,153.191,2020-06-21,3,,0,Australia
-27.0663,152.923,2020-06-21,3,,0,Australia
-30.9853,150.251,2020-06-21,5,,0,Australia
-26.6969,152.809,2020-06-21,5,,0,Australia
-27.0525,153.144,2020-06-21,6,,0,Australia
-27.6545,153.197,2020-06-21,4,,0,Australia
-28.1201,153.448,2020-06-21,5,,0,Australia
-26.9423,152.562,2020-06-21,3,,0,Australia
-26.9423,152.562,2020-06-21,3,,0,Australia
-26.5277,153.074,2020-06-21,4,,0,Australia
-26.5277,153.074,2020-06-21,4,,0,Australia
-26.8297,152.942,2020-06-21,6,,0,Australia
-26.6133,152.946,2020-06-21,5,,0,Australia
-28.121,153.468,2020-06-21,5,,0,Australia
-28.0643,153.33,2020-06-21,5,,0,Australia
-28.0643,153.33,2020-06-21,5,,0,Australia
-32.5719,149.586,2020-06-21,5,,0,Australia
-34.5866,150.604,2020-06-21,6,,0,Australia
-26.8297,152.942,2020-06-21,6,,0,Australia
-26.6134,152.946,2020-06-21,5,,0,Australia
-27.0664,152.923,2020-06-21,2,,0,Australia
-20.9176,142.703,2020-06-21,7,6.0,0,Australia
-35.9116,150.081,2020-06-21,5,,0,Australia
-27.4614,153.176,2020-06-21,1,,0,Australia
-27.861,153.056,2020-06-21,6,,0,Australia
-28.0192,153.316,2020-06-21,4,,0,Australia
-32.6583,152.151,2020-06-21,3,,0,Australia
-27.4961,153.105,2020-06-21,5,,0,Australia
-33.6174,151.327,2020-06-21,6,,0,Australia
-26.6245,152.969,2020-06-21,5,,0,Australia
-27.2435,152.991,2020-06-21,2,,0,Australia
-27.5655,153.305,2020-06-21,2,,0,Australia
-37.6746,144.546,2020-06-21,4,,0,Australia
-26.5277,153.074,2020-06-21,4,,0,Australia
-27.9545,153.248,2020-06-21,3,,0,Australia
-26.6546,153.102,2020-06-21,4,,0,Australia
-26.195,152.672,2020-06-21,4,,0,Australia
-26.195,152.672,2020-06-21,4,,0,Australia
-27.4939,153.222,2020-06-21,4,,0,Australia
-27.4939,153.222,2020-06-21,4,,0,Australia
-27.6113,153.275,2020-06-21,2,,0,Australia
-27.5346,153.104,2020-06-21,2,,0,Australia
-16.9152,145.739,2020-06-21,4,,0,Australia
-32.5719,149.586,2020-06-21,5,,0,Australia
-28.0192,153.316,2020-06-21,4,,0,Australia
-35.9184,150.126,2020-06-21,4,,0,Australia
-27.3844,152.989,2020-06-21,4,,0,Australia
-26.738,153.056,2020-06-21,3,,0,Australia
-33.2417,151.477,2020-06-21,5,6.0,0,Australia
-28.1255,153.471,2020-06-21,3,,0,Australia
-35.3078,149.137,2020-06-21,4,,0,Australia
-33.436,151.295,2020-06-21,4,,0,Australia
-27.3846,152.991,2020-06-21,4,,0,Australia
-27.3846,152.991,2020-06-21,4,,0,Australia
-36.2009,149.091,2020-06-21,5,,0,Australia
-27.6792,152.913,2020-06-21,4,,0,Australia
-35.1973,150.558,2020-06-21,5,,0,Australia
-34.4887,150.413,2020-06-21,4,,0,Australia
-35.9184,150.126,2020-06-21,4,,0,Australia
-26.4099,153.11,2020-06-21,6,,0,Australia
-26.4099,153.11,2020-06-21,6,,0,Australia
-32.6583,152.151,2020-06-21,3,,0,Australia
-26.7911,153.103,2020-06-21,4,,0,Australia
-27.4685,153.041,2020-06-21,4,,0,Australia
-26.0893,152.586,2020-06-21,4,,0,Australia
-28.115,153.413,2020-06-21,3,,0,Australia
-34.4963,150.439,2020-06-21,6,,0,Australia
-35.279,149.14,2020-06-21,2,,0,Australia
-36.239,149.513,2020-06-21,7,,0,Australia
-27.3114,152.985,2020-06-21,3,,0,Australia
-31.2878,150.582,2020-06-21,6,,0,Australia
-35.9184,150.126,2020-06-21,4,,0,Australia
-27.4614,153.176,2020-06-21,1,,0,Australia
-27.7875,153.11,2020-06-21,3,,0,Australia
-38.4982,147.085,2020-06-21,7,,0,Australia
-35.3444,150.461,2020-06-21,3,,0,Australia
-27.405,153.023,2020-06-21,1,,0,Australia
-35.1771,149.087,2020-06-21,6,20.72,0,Australia
-28.0308,153.432,2020-06-21,3,,0,Australia
-35.2508,149.166,2020-06-21,4,,0,Australia
-31.2878,150.582,2020-06-21,7,,0,Australia
-33.2234,151.545,2020-06-21,5,,0,Australia
-27.3667,153.001,2020-06-21,4,,0,Australia
-35.1551,149.123,2020-06-21,4,,0,Australia
-26.195,152.672,2020-06-21,5,,0,Australia
-27.3622,152.98,2020-06-21,4,,0,Australia
-27.2949,152.999,2020-06-21,1,,0,Australia
-25.5838,152.902,2020-06-21,6,,0,Australia
-33.4319,151.34,2020-06-21,3,,0,Australia
-27.8361,153.376,2020-06-21,5,,0,Australia
-26.1952,152.672,2020-06-21,5,,0,Australia
-28.0727,153.38,2020-06-21,3,,0,Australia
-27.4141,153.007,2020-06-21,3,,0,Australia
-27.4398,152.991,2020-06-21,4,,0,Australia
-35.279,149.14,2020-06-21,2,,0,Australia
-26.8488,152.903,2020-06-21,5,,0,Australia
-35.1551,149.123,2020-06-21,4,,0,Australia
-27.6792,152.913,2020-06-21,4,,0,Australia
-27.6792,152.913,2020-06-21,4,,0,Australia
-27.1145,152.898,2020-06-21,2,,0,Australia
-27.7876,153.111,2020-06-21,3,,0,Australia
-27.4735,153.046,2020-06-21,2,,0,Australia
-27.4052,153.025,2020-06-21,1,,0,Australia
-35.2508,149.166,2020-06-21,4,,0,Australia
-35.1771,149.087,2020-06-21,6,20.72,0,Australia
-35.1551,149.123,2020-06-21,4,,0,Australia
-35.3078,149.137,2020-06-21,4,,0,Australia
-35.2508,149.166,2020-06-21,4,,0,Australia
-35.2067,149.024,2020-06-21,5,,0,Australia
-27.0474,152.96,2020-06-21,2,,0,Australia
-27.1796,152.942,2020-06-21,3,,0,Australia
-27.1796,152.942,2020-06-21,3,,0,Australia
-27.4398,152.991,2020-06-21,4,,0,Australia
-27.9176,153.199,2020-06-21,3,,0,Australia
-28.109,153.402,2020-06-21,3,,0,Australia
-34.7405,150.826,2020-06-21,3,17.0,0,Australia
-27.106,152.913,2020-06-21,3,,0,Australia
-26.7094,152.923,2020-06-21,5,,0,Australia
-27.4622,152.971,2020-06-21,2,,0,Australia
-27.4689,153.066,2020-06-21,4,,0,Australia
-26.7523,152.831,2020-06-21,4,,0,Australia
-27.334,153.061,2020-06-21,4,,0,Australia
-27.3621,152.98,2020-06-21,4,,0,Australia
-26.9983,152.687,2020-06-21,6,,0,Australia
-35.1864,149.157,2020-06-21,2,,0,Australia
-27.106,152.913,2020-06-21,3,,0,Australia
-35.279,149.14,2020-06-21,2,,0,Australia
-27.106,152.913,2020-06-21,3,,0,Australia
-33.3455,151.431,2020-06-21,2,,0,Australia
-28.1582,153.393,2020-06-21,4,,0,Australia
-27.4877,152.94,2020-06-21,5,,0,Australia
-35.0742,150.679,2020-06-21,5,,0,Australia
-32.9364,151.769,2020-06-21,4,,0,Australia
-32.6748,149.917,2020-06-21,6,,0,Australia
-26.7508,152.834,2020-06-21,3,,0,Australia
-27.2813,152.946,2020-06-21,4,,0,Australia
-27.6319,152.881,2020-06-21,5,,0,Australia
-27.7974,152.958,2020-06-21,4,,0,Australia
-27.4971,153.114,2020-06-21,2,,0,Australia
-32.9364,151.769,2020-06-21,4,,0,Australia
-27.7974,152.958,2020-06-21,4,,0,Australia
-28.0794,153.382,2020-06-21,4,,0,Australia
-27.5225,153.021,2020-06-21,1,,0,Australia
-27.5226,152.955,2020-06-21,2,,0,Australia
-21.154,149.192,2020-06-21,1,,0,Australia
-26.6463,152.873,2020-06-21,2,,0,Australia
-38.1159,145.766,2020-06-21,1,,0,Australia
-32.6748,149.917,2020-06-21,6,,0,Australia
-27.4945,152.994,2020-06-21,3,,0,Australia
-27.2813,152.946,2020-06-21,4,,0,Australia
-27.1181,152.968,2020-06-21,2,,0,Australia
-27.5626,153.135,2020-06-21,4,,0,Australia
-28.0838,153.352,2020-06-21,4,,0,Australia
-34.5478,150.361,2020-06-21,5,,0,Australia
-32.7186,149.891,2020-06-21,6,,0,Australia
-32.8783,151.714,2020-06-21,3,,0,Australia
-27.6791,153.18,2020-06-21,4,,0,Australia
-27.5111,153.056,2020-06-21,2,,0,Australia
-29.4734,147.972,2020-06-21,5,,0,Australia
-25.9193,153.003,2020-06-21,6,,0,Australia
-33.4005,151.35,2020-06-21,5,,0,Australia
-29.4693,147.969,2020-06-21,6,,0,Australia
-27.8388,153.098,2020-06-21,3,,0,Australia
-27.7254,153.205,2020-06-21,1,,0,Australia
-33.6349,151.325,2020-06-21,4,,0,Australia
-26.4649,153.099,2020-06-21,4,,0,Australia
-26.7047,153.089,2020-06-21,2,,0,Australia
-27.2653,152.962,2020-06-21,2,,0,Australia
-27.4858,152.998,2020-06-21,1,,0,Australia
-33.4836,150.159,2020-06-21,5,,0,Australia
-27.8664,153.08,2020-06-21,5,,0,Australia
-27.4943,152.98,2020-06-21,4,,0,Australia
-24.0046,151.215,2020-06-21,5,,0,Australia
-25.0483,152.043,2020-06-21,6,,0,Australia
-33.2608,151.396,2020-06-21,3,,0,Australia
-27.4873,152.989,2020-06-21,2,,0,Australia
-27.4713,152.997,2020-06-21,2,,0,Australia
-27.7379,153.145,2020-06-21,4,,0,Australia
-32.7186,149.891,2020-06-21,6,,0,Australia
-28.0905,153.366,2020-06-21,4,,0,Australia
-25.9245,153.006,2020-06-21,6,,0,Australia
-27.4962,152.963,2020-06-21,4,,0,Australia
-35.2424,149.164,2020-06-21,2,,0,Australia
-27.4962,152.963,2020-06-21,4,,0,Australia
-32.2511,148.587,2020-06-21,4,,0,Australia
-27.4639,153.065,2020-06-21,3,,0,Australia
-27.8658,153.079,2020-06-21,5,,0,Australia
-34.584,150.766,2020-06-21,5,,0,Australia
-27.0112,152.79,2020-06-21,4,,0,Australia
-27.0112,152.79,2020-06-21,4,,0,Australia
-27.0112,152.79,2020-06-21,4,,0,Australia
-27.0112,152.79,2020-06-21,4,,0,Australia
-27.1145,152.898,2020-06-21,5,,0,Australia
-27.5626,153.135,2020-06-21,4,,0,Australia
-27.4974,152.987,2020-06-21,1,,0,Australia
-27.4974,152.987,2020-06-21,1,,0,Australia
-27.0413,152.923,2020-06-21,4,,0,Australia
-27.5597,152.87,2020-06-21,4,,0,Australia
-23.158,150.754,2020-06-21,1,,0,Australia
-27.2295,153.025,2020-06-21,4,,0,Australia
-33.678,151.214,2020-06-21,5,,0,Australia
-27.3776,152.928,2020-06-21,3,,0,Australia
-27.0413,152.923,2020-06-21,4,,0,Australia
-27.6925,153.154,2020-06-21,3,,0,Australia
-33.7878,151.281,2020-06-21,2,,0,Australia
-27.1145,152.898,2020-06-21,5,,0,Australia
-27.4713,152.997,2020-06-21,2,,0,Australia
-33.7879,151.281,2020-06-21,2,,0,Australia
-27.6277,152.883,2020-06-21,2,,0,Australia
-27.6363,153.144,2020-06-21,5,,0,Australia
-27.6261,152.885,2020-06-21,2,,0,Australia
-27.6925,153.154,2020-06-21,3,,0,Australia
-27.5597,152.87,2020-06-21,4,,0,Australia
-35.3123,149.134,2020-06-21,2,,0,Australia
-27.4494,153.044,2020-06-21,2,,0,Australia
-33.7561,151.231,2020-06-21,2,,0,Australia
-27.9279,153.183,2020-06-21,4,,0,Australia
-27.5889,152.981,2020-06-21,2,,0,Australia
-27.07,152.938,2020-06-21,2,,0,Australia
-27.1901,153.017,2020-06-21,1,,0,Australia
-27.438,152.945,2020-06-21,2,,0,Australia
-33.8948,151.185,2020-06-21,2,,0,Australia
-27.4912,152.995,2020-06-21,4,,0,Australia
-27.6491,153.258,2020-06-21,2,,0,Australia
-27.0698,152.938,2020-06-21,2,,0,Australia
-27.5889,152.981,2020-06-21,2,,0,Australia
-27.3776,152.928,2020-06-21,3,,0,Australia
-27.3776,152.928,2020-06-21,3,,0,Australia
-33.7624,151.292,2020-06-21,2,,0,Australia
-31.2719,149.27,2020-06-21,1,,0,Australia
-33.8948,151.185,2020-06-21,2,,0,Australia
-35.3229,150.413,2020-06-21,5,,0,Australia
-34.8055,150.75,2020-06-21,3,,0,Australia
-34.8055,150.75,2020-06-21,3,,0,Australia
-27.6146,152.97,2020-06-21,4,,0,Australia
-27.5501,152.87,2020-06-21,2,,0,Australia
-34.488,150.435,2020-06-21,7,,0,Australia
-28.0269,153.396,2020-06-21,6,,0,Australia
-27.4296,152.938,2020-06-21,2,,0,Australia
-27.0413,152.923,2020-06-21,4,,0,Australia
-26.7476,153.134,2020-06-21,1,,0,Australia
-26.7047,153.089,2020-06-21,2,,0,Australia
-28.0269,153.397,2020-06-21,5,,0,Australia
-27.4296,152.938,2020-06-21,2,,0,Australia
-27.3403,153.017,2020-06-21,3,,0,Australia
-33.8043,151.203,2020-06-21,3,,0,Australia
-26.5419,152.988,2020-06-21,3,,0,Australia
-26.5996,153.002,2020-06-21,1,,0,Australia
-26.6857,153.024,2020-06-21,4,,0,Australia
-33.8043,151.202,2020-06-21,3,,0,Australia
-26.6857,153.024,2020-06-21,4,,0,Australia
-27.2463,153.083,2020-06-21,2,,0,Australia
-33.8043,151.202,2020-06-21,3,,0,Australia
-27.3643,152.975,2020-06-21,1,,0,Australia
-33.8043,151.202,2020-06-21,3,,0,Australia
-34.0704,151.152,2020-06-21,4,,0,Australia
-33.9403,151.204,2020-06-21,1,,0,Australia
-34.0704,151.152,2020-06-21,4,,0,Australia
-33.5634,150.669,2020-06-21,4,,0,Australia
-26.7754,152.839,2020-06-21,1,,0,Australia
-26.7776,152.842,2020-06-21,1,,0,Australia
-28.0335,153.433,2020-06-21,2,,0,Australia
-33.8008,151.086,2020-06-21,2,,0,Australia
-27.6109,152.952,2020-06-21,2,,0,Australia
-27.1627,153.001,2020-06-21,1,,0,Australia
-34.3397,150.898,2020-06-21,3,,0,Australia
-27.6871,153.183,2020-06-21,2,,0,Australia
-27.6426,152.89,2020-06-21,2,,0,Australia
-27.3075,152.932,2020-06-21,4,,0,Australia
-37.9167,145.238,2020-06-20,3,,0,Australia
-35.275,150.424,2020-06-19,6,,0,Australia
-31.9687,115.904,2020-06-21,2,,0,Australia
-25.0673,152.149,2020-06-21,6,,0,Australia
-32.4976,115.762,2020-06-20,4,,0,Australia
-32.2007,115.977,2020-06-20,5,,0,Australia
-37.714,145.214,2020-06-20,6,,0,Australia
-37.269,144.693,2020-06-20,5,,0,Australia
-28.1461,153.412,2020-06-20,5,,0,Australia
-28.1462,153.422,2020-06-20,5,,0,Australia
-37.9167,145.238,2020-06-20,3,,0,Australia
-20.2712,129.99,2020-06-20,6,,0,Australia
-37.7585,144.991,2020-06-20,2,,0,Australia
-34.2009,150.786,2020-06-20,1,,0,Australia
-32.1194,116.06,2020-06-20,4,,0,Australia
-34.2009,150.786,2020-06-20,1,,0,Australia
-12.3666,130.872,2020-06-20,4,,0,Australia
-31.5817,152.835,2020-06-20,2,,0,Australia
-37.9148,145.122,2020-06-20,4,,0,Australia
-38.0136,145.558,2020-06-20,5,,0,Australia
-37.746,144.892,2020-06-20,2,,0,Australia
-37.8193,145.51,2020-06-20,3,,0,Australia
-38.0136,145.558,2020-06-20,5,,0,Australia
-27.4843,152.984,2020-06-20,1,,0,Australia
-33.6296,115.964,2020-06-20,7,,0,Australia
-32.9787,151.611,2020-06-20,2,,0,Australia
-36.3558,143.696,2020-06-20,1,,0,Australia
-32.2007,115.977,2020-06-19,4,,0,Australia
-32.48,115.762,2020-06-19,4,,0,Australia
-33.6506,150.314,2020-06-19,4,,0,Australia
-36.8477,149.935,2020-06-19,7,22.09,0,Australia
-33.7903,150.942,2020-06-19,1,,0,Australia
-27.1516,149.066,2020-06-19,4,,0,Australia
-33.8909,150.852,2020-06-19,2,,0,Australia
-24.8158,152.457,2020-06-19,3,,0,Australia
-33.664,151.306,2020-06-19,4,,0,Australia
-27.3942,152.947,2020-06-19,2,,0,Australia
-33.7205,150.979,2020-06-19,3,,0,Australia
-36.7719,149.691,2020-06-19,4,,0,Australia
-33.7863,151.211,2020-06-18,1,,0,Australia
-33.7863,151.211,2020-06-18,1,,0,Australia
-38.3427,145.755,2020-06-18,6,,0,Australia
-12.3747,130.905,2020-06-19,5,,0,Australia
-37.8224,144.992,2020-06-18,1,,0,Australia
-34.3925,150.885,2020-06-18,3,,0,Australia
-23.6938,133.896,2020-06-18,4,,0,Australia
-34.9285,138.601,2020-06-18,4,,0,Australia
-34.8815,138.643,2020-06-18,4,18.91,0,Australia
-37.6002,143.221,2020-06-18,6,,0,Australia
-36.8477,149.935,2020-06-18,7,22.17,0,Australia
-33.7863,151.211,2020-06-18,1,,0,Australia
-34.1748,139.972,2020-06-18,7,,0,Australia
-31.8297,116.152,2020-06-18,4,,0,Australia
-31.8297,116.152,2020-06-18,4,,0,Australia
-33.738,151.106,2020-06-18,3,,0,Australia
-36.6756,149.829,2020-06-18,5,,0,Australia
-33.8226,151.198,2020-06-18,3,,0,Australia
-35.4303,149.095,2020-06-18,6,,0,Australia
-33.7202,151.159,2020-06-18,5,,0,Australia
-37.7431,145.008,2020-06-18,2,,0,Australia
-37.7431,145.008,2020-06-18,2,,0,Australia
-33.2168,151.525,2020-06-18,4,,0,Australia
-35.2089,149.078,2020-06-18,3,,0,Australia
-34.3185,150.916,2020-06-18,1,,0,Australia
-35.1013,149.375,2020-06-18,6,,0,Australia
-33.9648,150.851,2020-06-18,2,,0,Australia
-35.1521,149.141,2020-06-18,4,,0,Australia
-33.8391,151.041,2020-06-18,4,17.9,0,Australia
-33.6217,150.302,2020-06-18,1,,0,Australia
-33.901,151.16,2020-06-18,4,,0,Australia
-32.9899,151.721,2020-06-18,2,,0,Australia
-35.1458,149.23,2020-06-18,5,,0,Australia
-35.1336,138.535,2020-06-18,1,,0,Australia
-37.6959,143.974,2020-06-17,6,21.05,0,Australia
-37.5997,143.221,2020-06-17,3,,0,Australia
-34.8815,138.643,2020-06-17,4,18.84,0,Australia
-31.8588,116.042,2020-06-17,4,,0,Australia
-37.826,145.168,2020-06-17,3,,0,Australia
-36.1347,144.731,2020-06-17,5,,0,Australia
-26.841,153.101,2020-06-17,1,,0,Australia
-26.8913,151.596,2020-06-17,7,,0,Australia
-26.8913,151.596,2020-06-17,7,,0,Australia
-37.8771,145.395,2020-06-17,4,,0,Australia
-27.5129,153.208,2020-06-17,4,,0,Australia
-27.507,153.093,2020-06-17,3,,0,Australia
-33.2858,148.742,2020-06-17,3,,0,Australia
-41.7945,146.961,2020-06-17,5,,0,Australia
-27.591,152.98,2020-06-17,4,,0,Australia
-37.7338,144.953,2020-06-17,2,,0,Australia
-27.5286,153.022,2020-06-17,4,,0,Australia
-37.876,144.746,2020-06-17,3,,0,Australia
-27.4914,153.041,2020-06-17,2,,0,Australia
-32.0678,115.753,2020-06-16,2,,0,Australia
-33.6768,151.297,2020-06-16,3,,0,Australia
-26.6509,153.092,2020-06-15,5,19.48,0,Australia
-33.6994,150.385,2020-06-15,5,,0,Australia
-33.6832,151.228,2020-06-15,7,,0,Australia
-27.3534,153.061,2020-06-12,4,,0,Australia
-34.8815,138.643,2020-06-11,4,18.76,0,Australia
-37.7883,145.267,2020-06-08,4,,0,Australia
-31.9674,115.862,2020-06-07,3,,0,Australia
-33.9065,151.139,2020-06-02,2,,0,Australia
-26.651,153.091,2020-05-26,5,19.77,0,Australia
-26.888,151.601,2020-05-26,7,,0,Australia
-26.8574,151.64,2020-05-25,7,,0,Australia
-27.0723,151.108,2020-05-23,7,,0,Australia
-34.8717,138.632,2020-05-17,5,19.03,0,Australia
-35.21,139.111,2020-05-16,6,21.42,0,Australia
-27.9823,153.244,2020-05-15,5,,0,Australia
-31.8051,115.745,2020-05-14,3,,0,Australia
-31.1321,116.388,2020-05-14,6,,0,Australia
-35.2552,149.073,2020-05-10,5,,0,Australia
-27.4699,153.017,2020-05-06,1,,0,Australia
-27.4692,153.016,2020-05-06,2,,0,Australia
-35.0428,139.377,2020-04-24,5,,0,Australia
-28.0566,153.4,2020-04-23,6,,0,Australia
-31.9299,115.909,2020-04-30,2,,0,Australia
-26.6432,153.092,2020-04-28,5,,0,Australia
-35.475,149.361,2020-04-27,5,,0,Australia
-27.9823,153.244,2020-04-26,5,,0,Australia
-31.9505,115.86,2020-04-26,4,,0,Australia
-31.8312,115.795,2020-04-26,4,,0,Australia
-32.0687,115.815,2020-04-26,3,,0,Australia
-31.9802,115.903,2020-04-26,3,,0,Australia
-41.2524,148.307,2020-04-26,4,,0,Australia
-33.6077,115.094,2020-04-26,5,,0,Australia
-28.8266,153.309,2020-04-26,4,,0,Australia
-27.4542,153.172,2020-04-26,1,,0,Australia
-35.4283,149.242,2020-04-26,7,,0,Australia
-26.6509,153.092,2020-04-26,5,,0,Australia
-33.7433,151.278,2020-04-25,4,,0,Australia
-33.4696,151.398,2020-04-25,4,,0,Australia
-30.3065,153.13,2020-04-25,5,,0,Australia
-33.7733,150.625,2020-04-25,3,,0,Australia
-34.6291,117.674,2020-04-25,1,,0,Australia
-33.6247,115.042,2020-04-25,4,,0,Australia
-35.0269,147.407,2020-04-25,3,,0,Australia
-27.4716,151.904,2020-04-25,5,,0,Australia
-34.1922,150.607,2020-04-25,4,,0,Australia
-34.1922,150.607,2020-04-25,6,,0,Australia
-12.4356,130.834,2020-04-25,3,,0,Australia
-27.4716,151.904,2020-04-25,4,,0,Australia
-34.3378,150.899,2020-04-25,3,,0,Australia
-35.3615,149.052,2020-04-25,4,,0,Australia
-35.2075,149.377,2020-04-25,6,,0,Australia
-35.3572,150.461,2020-04-25,2,,0,Australia
-27.2814,152.965,2020-04-24,5,,0,Australia
-37.7876,145.152,2020-04-23,4,,0,Australia
-35.8408,145.562,2020-04-24,5,,0,Australia
-30.7347,152.861,2020-04-25,6,,0,Australia
-37.9002,145.321,2020-04-25,5,,0,Australia
-33.9891,151.09,2020-04-25,4,,0,Australia
-33.8238,151.199,2020-04-24,3,,0,Australia
-37.5519,149.752,2020-04-24,4,,0,Australia
-33.3461,151.377,2020-04-24,5,,0,Australia
-34.8157,148.779,2020-04-24,5,,0,Australia
-33.8859,151.153,2020-04-24,4,,0,Australia
-33.7183,151.064,2020-04-24,4,,0,Australia
-32.9229,151.746,2020-04-24,4,,0,Australia
-37.6996,145.127,2020-04-24,4,,0,Australia
-30.4817,151.739,2020-04-24,7,,0,Australia
-33.6412,151.32,2020-04-24,4,,0,Australia
-26.4592,152.67,2020-04-24,4,,0,Australia
-33.7176,151.221,2020-04-24,2,,0,Australia
-37.2952,144.871,2020-04-24,5,,0,Australia
-37.9073,145.031,2020-04-24,4,,0,Australia
-34.9883,138.559,2020-04-24,3,,0,Australia
-34.9876,138.563,2020-04-24,3,,0,Australia
-33.7716,150.875,2020-04-24,4,,0,Australia
-29.4544,149.81,2020-04-24,6,,0,Australia
-25.5814,152.705,2020-04-24,5,,0,Australia
-27.592,151.979,2020-04-24,5,,0,Australia
-29.6769,152.922,2020-04-24,4,,0,Australia
-35.0386,138.623,2020-04-24,5,,0,Australia
-33.7978,151.276,2020-04-24,4,,0,Australia
-23.4456,150.836,2020-04-24,4,,0,Australia
-33.3535,151.44,2020-04-24,5,,0,Australia
-25.0148,151.956,2020-04-24,5,,0,Australia
-38.195,145.107,2020-04-24,3,,0,Australia
-35.3406,149.035,2020-04-24,4,,0,Australia
-27.5895,151.915,2020-04-24,4,,0,Australia
-38.4447,144.912,2020-04-24,5,,0,Australia
-38.442,145.664,2020-04-24,4,,0,Australia
-38.706,145.826,2020-04-24,5,,0,Australia
-37.8847,145.152,2020-04-24,7,,0,Australia
-33.7619,150.993,2020-04-24,3,,0,Australia
-37.7964,144.957,2020-04-24,4,,0,Australia
-33.796,151.277,2020-04-24,4,,0,Australia
-35.3986,149.081,2020-04-24,5,,0,Australia
-34.9971,138.584,2020-04-24,4,,0,Australia
-33.7623,151.087,2020-04-24,2,,0,Australia
-33.8624,151.28,2020-04-24,4,,0,Australia
-33.657,151.104,2020-04-24,4,,0,Australia
-33.6725,150.619,2020-04-24,4,,0,Australia
-34.3826,150.889,2020-04-24,4,,0,Australia
-35.2674,149.685,2020-04-24,5,,0,Australia
-38.3766,144.909,2020-04-24,1,,0,Australia
-35.1682,149.12,2020-04-24,5,,0,Australia
-38.27,144.545,2020-04-24,5,,0,Australia
-34.2495,140.41,2020-04-24,6,,0,Australia
-35.3125,149.045,2020-04-24,4,,0,Australia
-32.7814,152.088,2020-04-24,5,,0,Australia
-35.4274,150.357,2020-04-24,5,,0,Australia
-35.8367,148.882,2020-04-24,6,,0,Australia
-27.5363,152.46,2020-04-24,5,,0,Australia
-33.6854,150.582,2020-04-24,5,,0,Australia
-33.8858,151.209,2020-04-24,3,,0,Australia
-27.4331,153.007,2020-04-24,1,,0,Australia
-32.2436,148.858,2020-04-24,5,,0,Australia
-34.0671,151.119,2020-04-24,3,,0,Australia
-37.8285,144.881,2020-04-24,4,,0,Australia
-34.0657,151.013,2020-04-24,4,,0,Australia
-30.5151,151.655,2020-04-24,7,,0,Australia
-35.9151,149.573,2020-04-24,5,,0,Australia
-34.6185,150.303,2020-04-24,3,,0,Australia
-34.6185,150.303,2020-04-24,3,,0,Australia
-33.7545,151.038,2020-04-24,3,,0,Australia
-41.4332,147.144,2020-04-24,2,,0,Australia
-34.0563,151.143,2020-04-24,4,,0,Australia
-19.409,146.711,2020-04-24,3,,0,Australia
-34.5546,146.391,2020-04-24,4,,0,Australia
-33.7797,150.97,2020-04-24,4,,0,Australia
-26.6923,153.097,2020-04-22,5,,0,Australia
-33.8183,151.208,2020-04-24,4,,0,Australia
-33.8438,151.127,2020-04-24,2,,0,Australia
-33.845,151.127,2020-04-24,2,,0,Australia
-38.401,144.185,2020-04-24,6,,0,Australia
-33.1144,151.551,2020-04-24,5,,0,Australia
-33.8053,151.269,2020-04-24,2,,0,Australia
-35.2322,149.027,2020-04-24,4,,0,Australia
-33.8665,151.026,2020-04-24,2,,0,Australia
-35.2322,149.027,2020-04-24,4,,0,Australia
-28.0029,152.688,2020-04-23,4,,0,Australia
-32.4768,137.772,2020-04-23,4,,0,Australia
-27.5383,151.957,2020-04-23,5,,0,Australia
-32.5215,150.716,2020-04-23,7,,0,Australia
-28.2044,152.04,2020-04-23,5,,0,Australia
-12.4524,130.888,2020-04-23,4,,0,Australia
-31.9955,116.048,2020-04-23,1,,0,Australia
-31.8672,152.38,2020-04-23,5,,0,Australia
-27.5644,152.864,2020-04-23,4,,0,Australia
-26.7511,152.801,2020-04-23,1,,0,Australia
-27.5534,152.973,2020-04-23,3,,0,Australia
-33.8329,120.281,2020-04-23,4,,0,Australia
-28.148,153.452,2020-04-23,2,,0,Australia
-30.2104,153.025,2020-04-23,6,,0,Australia
-33.6807,151.029,2020-04-24,2,,0,Australia
-37.9812,145.065,2020-04-24,4,,0,Australia
-30.2201,152.87,2020-04-23,6,,0,Australia
-31.8035,115.822,2020-04-24,3,,0,Australia
-31.789,115.762,2020-04-23,5,19.55,0,Australia
-32.0878,116.007,2020-04-23,5,,0,Australia
-28.1044,153.465,2020-04-23,4,,0,Australia
-31.3315,116.462,2020-04-23,5,,0,Australia
-27.6239,152.663,2020-04-23,5,,0,Australia
-28.7688,153.422,2020-04-24,4,,0,Australia
-27.5083,152.492,2020-04-23,4,,0,Australia
-27.6143,152.796,2020-04-23,4,,0,Australia
-18.7211,121.88,2020-04-23,7,,0,Australia
-31.8587,116.042,2020-04-23,4,,0,Australia
-27.5258,152.44,2020-04-23,6,,0,Australia
-26.5832,153.095,2020-04-23,6,,0,Australia
-27.9026,153.337,2020-04-23,4,,0,Australia
-32.0094,116.093,2020-04-23,4,,0,Australia
-26.6546,153.104,2020-04-23,5,19.81,0,Australia
-15.7227,128.735,2020-04-23,5,,0,Australia
-28.8352,153.442,2020-04-23,4,,0,Australia
-30.749,121.466,2020-04-23,4,,0,Australia
-12.4392,130.839,2020-04-23,4,,0,Australia
-27.4788,153.007,2020-04-23,4,,0,Australia
-15.7868,128.752,2020-04-23,4,,0,Australia
-26.6062,153.098,2020-04-23,4,,0,Australia
-26.6139,153.102,2020-04-23,5,20.38,0,Australia
-31.8009,115.737,2020-04-23,2,,0,Australia
-12.4429,130.846,2020-04-23,3,,0,Australia
-31.3315,116.462,2020-04-23,5,,0,Australia
-27.5646,153.043,2020-04-23,4,,0,Australia
-34.9662,117.99,2020-04-23,4,,0,Australia
-27.5194,153.019,2020-04-23,3,,0,Australia
-35.5578,138.578,2020-04-23,6,,0,Australia
-26.5888,153.096,2020-04-23,6,20.55,0,Australia
-31.9091,116.167,2020-04-23,3,,0,Australia
-27.5743,152.864,2020-04-23,5,,0,Australia
-27.558,153.254,2020-04-23,2,,0,Australia
-32.1258,116.062,2020-04-23,3,,0,Australia
-35.0166,117.908,2020-04-23,5,,0,Australia
-31.6325,115.706,2020-04-23,2,,0,Australia
-28.4167,153.333,2020-04-23,4,,0,Australia
-25.3928,153.032,2020-04-23,6,,0,Australia
-24.2057,151.856,2020-04-23,4,,0,Australia
-28.7999,153.307,2020-04-23,4,,0,Australia
-32.6379,115.874,2020-04-23,4,,0,Australia
-24.8318,152.421,2020-04-23,5,,0,Australia
-27.535,153.026,2020-04-23,4,,0,Australia
-27.5126,153.208,2020-04-23,4,,0,Australia
-26.526,153.065,2020-04-23,6,20.4,0,Australia
-28.712,151.878,2020-04-23,5,,0,Australia
-27.4626,153.016,2020-04-23,4,,0,Australia
-31.0894,150.939,2020-04-23,2,,0,Australia
-30.6475,152.981,2020-04-23,4,,0,Australia
-29.461,153.208,2020-04-23,4,,0,Australia
-27.5707,153.048,2020-04-23,4,,0,Australia
-27.597,153.133,2020-04-23,4,,0,Australia
-32.1258,116.062,2020-04-23,4,,0,Australia
-27.3451,153.035,2020-04-23,3,,0,Australia
-27.2277,153.093,2020-04-23,5,,0,Australia
-27.7378,152.394,2020-04-23,5,,0,Australia
-31.099,150.924,2020-04-23,4,,0,Australia
-27.7172,151.994,2020-04-23,5,,0,Australia
-24.2487,151.941,2020-04-23,5,,0,Australia
-21.3705,149.317,2020-04-23,5,,0,Australia
-27.4211,153.01,2020-04-23,4,,0,Australia
-27.4102,151.969,2020-04-23,6,,0,Australia
-27.4031,152.928,2020-04-23,4,,0,Australia
-27.5402,151.978,2020-04-23,3,,0,Australia
-31.94,115.981,2020-04-23,4,,0,Australia
-27.5163,152.958,2020-04-23,4,,0,Australia
-27.5007,153.121,2020-04-23,4,,0,Australia
-30.0686,153.195,2020-04-23,5,,0,Australia
-24.8725,152.323,2020-04-23,4,,0,Australia
-28.0566,153.4,2020-04-23,6,,0,Australia
-27.5074,152.952,2020-04-23,5,,0,Australia
-34.6357,117.671,2020-04-23,5,,0,Australia
-30.3285,153.051,2020-04-23,5,,0,Australia
-25.3025,152.889,2020-04-23,2,,0,Australia
-31.9611,115.842,2020-04-23,1,,0,Australia
-27.439,153.056,2020-04-23,3,,0,Australia
-31.8672,152.38,2020-04-23,5,,0,Australia
-27.5118,153.208,2020-04-23,4,,0,Australia
-29.6604,151.454,2020-04-23,3,,0,Australia
-34.0692,137.585,2020-04-23,5,,0,Australia
-27.8942,153.071,2020-04-23,6,,0,Australia
-27.5069,153.032,2020-04-23,2,,0,Australia
-27.6251,152.92,2020-04-23,5,,0,Australia
-31.6514,152.791,2020-04-23,4,,0,Australia
-27.498,152.953,2020-04-23,5,,0,Australia
-27.0862,152.932,2020-04-23,4,,0,Australia
-27.5321,151.96,2020-04-23,5,,0,Australia
-12.3822,130.842,2020-04-23,3,,0,Australia
-26.6935,152.956,2020-04-23,3,,0,Australia
-26.3846,146.299,2020-04-23,6,,0,Australia
-26.5591,151.751,2020-04-23,5,,0,Australia
-27.8707,153.08,2020-04-23,5,,0,Australia
-27.4426,152.992,2020-04-23,2,,0,Australia
-27.4811,152.98,2020-04-23,4,,0,Australia
-31.9223,151.236,2020-04-23,5,,0,Australia
-28.8262,153.307,2020-04-23,5,,0,Australia
-30.2986,153.109,2020-04-23,5,,0,Australia
-27.8942,153.071,2020-04-23,5,,0,Australia
-12.4805,130.989,2020-04-23,3,,0,Australia
-31.936,152.412,2020-04-23,6,,0,Australia
-31.9689,116.006,2020-04-23,4,,0,Australia
-31.1753,152.944,2020-04-23,5,,0,Australia
-27.4633,152.977,2020-04-23,4,,0,Australia
-34.8692,138.524,2020-04-23,5,19.0,0,Australia
-23.2711,150.501,2020-04-23,5,,0,Australia
-32.8345,151.362,2020-04-23,1,,0,Australia
-27.4879,153.059,2020-04-23,4,,0,Australia
-30.4899,151.67,2020-04-23,5,,0,Australia
-27.5964,153.277,2020-04-23,2,,0,Australia
-27.3952,152.94,2020-04-23,4,,0,Australia
-27.5043,153.056,2020-04-23,4,,0,Australia
-27.578,153.204,2020-04-23,5,,0,Australia
-29.0526,152.008,2020-04-23,5,,0,Australia
-27.487,153.239,2020-04-23,5,,0,Australia
-27.4497,153.181,2020-04-23,4,,0,Australia
-28.5469,153.497,2020-04-23,6,,0,Australia
-28.8278,153.209,2020-04-23,6,,0,Australia
-28.0141,153.402,2020-04-23,4,,0,Australia
-31.9067,116.206,2020-04-23,4,,0,Australia
-27.5123,153.051,2020-04-23,2,,0,Australia
-19.2165,146.506,2020-04-23,5,,0,Australia
-27.524,153.016,2020-04-23,2,,0,Australia
-12.3879,130.859,2020-04-23,3,,0,Australia
-26.694,152.965,2020-04-23,5,,0,Australia
-27.2214,153.004,2020-04-23,4,,0,Australia
-30.3556,153.088,2020-04-23,4,,0,Australia
-27.4987,152.999,2020-04-23,3,,0,Australia
-25.346,152.735,2020-04-23,5,,0,Australia
-28.3365,153.568,2020-04-23,5,,0,Australia
-27.5242,152.832,2020-04-23,4,,0,Australia
-27.4409,153.068,2020-04-23,2,,0,Australia
-31.1409,150.979,2020-04-23,4,,0,Australia
-26.7807,152.838,2020-04-23,6,,0,Australia
-27.4867,153.023,2020-04-23,4,,0,Australia
-27.4333,153.019,2020-04-23,4,,0,Australia
-31.1626,152.909,2020-04-23,6,,0,Australia
-27.6262,152.4,2020-04-23,5,,0,Australia
-26.4202,152.914,2020-04-23,2,,0,Australia
-27.5544,153.037,2020-04-23,2,,0,Australia
-27.4045,153.017,2020-04-23,4,,0,Australia
-27.6071,153.302,2020-04-23,5,,0,Australia
-27.4975,152.981,2020-04-23,4,,0,Australia
-27.6071,153.302,2020-04-23,5,,0,Australia
-31.8799,152.658,2020-04-23,6,,0,Australia
-31.8975,152.417,2020-04-23,5,,0,Australia
-27.4588,153.092,2020-04-23,5,,0,Australia
-29.314,151.916,2020-04-23,5,,0,Australia
-27.2962,152.94,2020-04-23,4,,0,Australia
-27.5486,153.256,2020-04-23,4,,0,Australia
-27.4047,153.033,2020-04-23,4,,0,Australia
-18.7001,146.296,2020-04-23,6,,0,Australia
-27.5383,151.957,2020-04-23,5,,0,Australia
-16.8222,145.553,2020-04-23,5,,0,Australia
-29.0125,152.037,2020-04-23,5,,0,Australia
-27.607,151.977,2020-04-23,4,,0,Australia
-19.2325,146.674,2020-04-23,3,,0,Australia
-26.8371,153.091,2020-04-23,2,,0,Australia
-27.4862,153.046,2020-04-23,2,,0,Australia
-26.5381,151.833,2020-04-23,4,,0,Australia
-27.0774,152.953,2020-04-23,2,,0,Australia
-26.5381,151.833,2020-04-23,4,,0,Australia
-28.8619,153.568,2020-04-23,5,,0,Australia
-34.7929,150.622,2020-04-23,2,,0,Australia
-27.517,153.067,2020-04-23,2,,0,Australia
-28.5504,153.5,2020-04-23,5,,0,Australia
-28.0585,153.338,2020-04-23,4,,0,Australia
-30.4822,151.645,2020-04-23,5,,0,Australia
-30.5162,151.654,2020-04-23,4,,0,Australia
-27.2523,152.826,2020-04-23,5,,0,Australia
-27.4261,153.021,2020-04-23,3,,0,Australia
-34.5772,150.865,2020-04-23,4,,0,Australia
-24.8671,152.152,2020-04-23,4,,0,Australia
-16.9186,145.778,2020-04-23,6,,0,Australia
-16.9186,145.778,2020-04-23,6,,0,Australia
-26.7872,153.084,2020-04-23,5,,0,Australia
-28.8629,153.566,2020-04-23,4,,0,Australia
-32.9635,151.711,2020-04-23,2,,0,Australia
-27.5604,152.909,2020-04-23,4,,0,Australia
-31.0893,150.945,2020-04-23,1,,0,Australia
-27.948,153.398,2020-04-23,2,,0,Australia
-27.3639,153.016,2020-04-23,6,,0,Australia
-27.607,151.977,2020-04-23,4,,0,Australia
-27.511,152.941,2020-04-23,5,,0,Australia
-16.9186,145.778,2020-04-23,4,,0,Australia
-27.3256,153.062,2020-04-23,3,,0,Australia
-27.5009,152.947,2020-04-23,3,,0,Australia
-27.7471,153.19,2020-04-23,2,,0,Australia
-28.6182,151.957,2020-04-23,5,,0,Australia
-26.6706,152.878,2020-04-23,2,,0,Australia
-26.5309,151.84,2020-04-23,4,,0,Australia
-27.4698,153.025,2020-04-23,3,,0,Australia
-28.2,153.567,2020-04-23,5,,0,Australia
-27.4773,152.99,2020-04-23,4,,0,Australia
-27.5328,153.086,2020-04-23,4,,0,Australia
-28.0793,152.237,2020-04-23,6,,0,Australia
-28.2,153.567,2020-04-23,6,,0,Australia
-27.4215,152.991,2020-04-23,1,,0,Australia
-27.4359,152.943,2020-04-23,4,,0,Australia
-26.7172,152.817,2020-04-23,5,,0,Australia
-23.419,147.695,2020-04-23,6,6.0,0,Australia
-30.7498,152.988,2020-04-23,3,,0,Australia
-27.5055,153.001,2020-04-23,3,,0,Australia
-26.8034,153.137,2020-04-23,2,,0,Australia
-26.8004,153.128,2020-04-23,4,,0,Australia
25.9651,-80.1223,2020-04-23,3,,0,Australia
-30.5016,151.666,2020-04-23,5,,0,Australia
-17.2732,145.478,2020-04-23,4,,0,Australia
-31.8988,152.262,2020-04-23,5,,0,Australia
-29.064,151.671,2020-04-23,5,,0,Australia
-27.6389,153.164,2020-04-23,4,,0,Australia
-22.3908,143.042,2020-04-23,6,,0,Australia
-27.5055,153.001,2020-04-23,4,,0,Australia
-28.6639,151.928,2020-04-23,6,,0,Australia
-26.3645,152.968,2020-04-23,5,,0,Australia
-27.4964,152.939,2020-04-23,5,,0,Australia
-35.0431,150.672,2020-04-23,1,,0,Australia
-24.9452,150.077,2020-04-23,1,,0,Australia
-25.1905,152.6,2020-04-23,6,,0,Australia
-35.1942,149.119,2020-04-23,2,,0,Australia
-31.0191,152.941,2020-04-23,5,,0,Australia
-27.3531,153.067,2020-04-23,2,,0,Australia
-24.8159,152.159,2020-04-23,3,,0,Australia
-30.2102,153.025,2020-04-23,3,,0,Australia
-20.4009,148.573,2020-04-23,4,,0,Australia
-28.2332,152.002,2020-04-23,4,,0,Australia
-26.7607,152.962,2020-04-23,4,,0,Australia
-30.0968,153.195,2020-04-23,5,,0,Australia
-27.3038,152.933,2020-04-23,4,,0,Australia
-27.6411,151.895,2020-04-23,5,,0,Australia
-26.778,153.099,2020-04-23,4,,0,Australia
-16.9352,145.74,2020-04-23,4,,0,Australia
-28.2316,152.008,2020-04-23,5,,0,Australia
-16.9352,145.74,2020-04-23,4,,0,Australia
-34.9785,148.997,2020-04-23,3,,0,Australia
-20.0299,148.216,2020-04-23,4,,0,Australia
-33.9214,151.256,2020-04-23,2,,0,Australia
-28.7887,151.786,2020-04-23,5,,0,Australia
-26.7386,152.877,2020-04-23,2,,0,Australia
-30.5926,138.4,2020-04-23,5,,0,Australia
-27.396,153.011,2020-04-23,4,,0,Australia
-28.0803,153.359,2020-04-23,3,,0,Australia
-28.0032,153.424,2020-04-23,3,,0,Australia
-27.3026,152.991,2020-04-23,4,,0,Australia
-31.4578,152.929,2020-04-23,5,,0,Australia
-26.4015,153.111,2020-04-23,4,,0,Australia
-27.3723,152.877,2020-04-23,2,,0,Australia
-27.4697,153.046,2020-04-23,4,,0,Australia
-27.4082,153.058,2020-04-23,3,,0,Australia
-27.4698,153.025,2020-04-23,2,,0,Australia
34.615,-82.4642,2020-04-23,3,,0,Australia
-27.3593,153.097,2020-04-23,3,,0,Australia
-27.4675,153.098,2020-04-23,1,,0,Australia
-27.443,152.993,2020-04-23,3,,0,Australia
-27.4428,152.993,2020-04-23,3,,0,Australia
-31.6492,152.795,2020-04-23,2,,0,Australia
41.049,-73.5484,2020-04-23,5,,0,Australia
41.049,-73.5484,2020-04-23,4,,0,Australia
-27.3947,153.067,2020-04-23,3,,0,Australia
-31.8257,149.711,2020-04-23,4,,0,Australia
-34.8957,138.581,2020-04-22,3,,0,Australia
-31.2694,149.275,2020-04-23,2,,0,Australia
-34.0606,151.079,2020-04-23,5,,0,Australia
-33.4365,149.574,2020-04-22,6,,0,Australia
-26.6302,152.769,2020-04-23,6,21.41,0,Australia
-26.5868,152.738,2020-04-23,6,21.42,0,Australia
-26.613,152.699,2020-04-23,6,21.44,0,Australia
-28.0539,153.341,2020-04-22,5,,0,Australia
-26.7037,152.685,2020-04-23,6,21.42,0,Australia
-26.7294,152.72,2020-04-22,6,21.42,0,Australia
-26.7332,152.751,2020-04-22,6,21.42,0,Australia
-26.7602,152.81,2020-04-22,6,21.34,0,Australia
-26.7585,152.865,2020-04-22,6,21.17,0,Australia
-26.7756,152.9,2020-04-22,6,21.17,0,Australia
-26.8049,152.958,2020-04-22,6,20.91,0,Australia
-26.7184,153.067,2020-04-22,5,19.48,0,Australia
-34.6033,138.588,2020-04-23,4,,0,Australia
-34.9176,138.663,2020-04-23,3,,0,Australia
-35.1919,149.053,2020-04-23,4,,0,Australia
-34.9148,138.56,2020-04-22,2,,0,Australia
-33.6776,150.874,2020-04-22,4,,0,Australia
-26.6923,153.097,2020-04-22,5,,0,Australia
-26.8371,153.091,2020-04-22,1,,0,Australia
-33.1398,151.582,2020-04-22,4,,0,Australia
-36.0193,149.399,2020-04-22,5,,0,Australia
-33.3994,149.558,2020-04-22,2,,0,Australia
-37.3575,144.696,2020-04-22,5,,0,Australia
-34.8816,138.643,2020-04-21,4,18.89,0,Australia
-36.6755,149.829,2020-04-20,5,,0,Australia
-35.1564,147.607,2020-04-20,6,,0,Australia
-33.7172,151.162,2020-04-18,4,,0,Australia
-34.8717,138.648,2020-03-28,5,19.15,0,Australia
-34.8717,138.648,2020-03-27,4,18.97,0,Australia
-34.8816,138.642,2020-03-26,5,19.03,0,Australia
-34.8817,138.642,2020-03-25,5,19.02,0,Australia
-34.8817,138.641,2020-03-26,5,19.11,0,Australia
-30.8112,138.413,2020-03-19,6,,0,Australia
-34.077,150.693,2020-03-19,5,,0,Australia
-34.8815,138.643,2020-03-18,5,19.06,0,Australia
-34.8815,138.643,2020-02-23,4,18.96,0,Australia
-34.8815,138.643,2020-02-22,4,18.93,0,Australia
-34.9766,138.628,2020-02-23,5,20.17,0,Australia
-35.2203,138.54,2020-02-23,4,,0,Australia
-35.2737,138.445,2020-02-22,3,,0,Australia
-34.906,138.619,2020-02-21,4,,0,Australia
-34.8084,138.604,2020-02-21,4,,0,Australia
-34.7014,138.713,2020-02-19,5,,0,Australia
-30.5041,151.667,2020-01-27,6,21.77,0,Australia
-30.5016,151.666,2020-01-21,6,21.83,0,Australia
-37.7368,143.56,2021-10-07,6,,0,Australia
-37.5879,143.872,2021-10-07,5,,0,Australia
-33.2509,151.487,2021-10-06,4,,0,Australia
-33.2511,151.487,2021-10-05,3,,0,Australia
-37.6958,143.974,2021-10-03,6,21.78,0,Australia
-26.7524,152.862,2021-09-01,6,21.39,0,Australia
45.5,-73.6306,2021-09-08,5,,0,Australia
-32.2561,148.643,2021-09-06,2,,0,Australia
-33.8179,150.65,2021-06-21,1,,0,Australia
-32.3783,116.253,2021-06-05,5,20.01,0,Australia
-35.3062,149.127,2021-05-26,3,,0,Australia
-35.3062,149.127,2021-05-26,3,,0,Australia
-26.8861,151.598,2021-05-14,6,21.61,0,Australia
-28.8053,153.282,2021-05-06,6,,0,Australia
-34.604,138.747,2021-05-02,4,,0,Australia
-37.7281,144.791,2021-04-11,1,,0,Australia
-27.875,153.074,2021-04-08,7,,0,Australia
-35.242,149.449,2021-04-04,6,20.71,0,Australia
-42.4407,147.471,2021-03-10,6,,0,Australia
-42.8522,147.368,2021-03-10,4,,0,Australia
-34.8085,138.604,2021-02-17,3,,0,Australia
-34.6071,139.296,2021-02-15,5,,0,Australia
-37.7883,144.971,2021-02-14,3,,0,Australia
-30.5043,151.668,2021-02-12,6,21.79,0,Australia
-34.8812,138.539,2021-02-11,4,,0,Australia
-31.9216,116.077,2021-02-10,4,,0,Australia
32.8323,-79.8284,2021-02-10,5,,0,Australia
-34.8812,138.539,2021-02-09,4,,0,Australia
-32.2043,150.386,2021-02-08,5,,0,Australia
-32.2043,150.386,2021-02-08,5,,0,Australia
-20.3341,118.673,2021-02-07,3,,0,Australia
-33.8978,151.178,2021-02-06,4,,0,Australia
-34.8816,138.642,2021-01-18,5,19.07,0,Australia
-35.21,139.111,2021-01-09,6,21.54,0,Australia
35.2174,-93.2467,2021-06-21,3,,0,Australia
-36.3348,141.646,2022-12-25,6,21.24,0,Australia
-24.113,152.716,2022-12-15,7,,0,Australia
-26.8793,151.609,2022-11-20,6,21.81,0,Australia
-37.6088,145.022,2022-10-19,2,,0,Australia
-37.6088,145.022,2022-10-19,2,,0,Australia
-37.6088,145.022,2022-10-19,2,,0,Australia
-34.8279,138.622,2022-10-02,4,18.8,0,Australia
-33.7642,151.3,2022-06-22,5,19.8,0,Australia
-33.7642,151.3,2022-06-22,5,19.8,0,Australia
-33.7054,151.28,2022-08-05,5,,0,Australia
-32.2908,152.522,2022-07-08,5,,0,Australia
-33.7056,151.281,2022-06-22,4,,0,Australia
-33.7642,151.3,2022-06-22,5,19.8,0,Australia
-33.7642,151.3,2022-06-22,5,19.8,0,Australia
-33.704,151.281,2022-06-05,5,,0,Australia
-33.7046,151.28,2022-06-05,4,,0,Australia
-33.7049,151.28,2022-05-31,4,,0,Australia
-33.7052,151.28,2022-05-31,4,,0,Australia
-33.7055,151.279,2022-05-29,5,,0,Australia
-32.3159,115.818,2022-05-27,3,,0,Australia
-32.316,115.818,2022-05-26,3,,0,Australia
-32.3159,115.818,2022-05-25,3,,0,Australia
-32.3159,115.818,2022-05-24,3,,0,Australia
-32.3159,115.818,2022-05-21,3,,0,Australia
-32.316,115.818,2022-05-18,4,,0,Australia
-32.316,115.818,2022-05-18,4,,0,Australia
-42.8588,147.278,2022-03-25,4,,0,Australia
-34.7016,138.713,2022-01-30,4,,0,Australia
-26.7271,152.817,2022-01-02,6,21.56,0,Australia
-26.7595,152.865,2022-01-02,6,21.34,0,Australia
-26.649462892454043,152.81172909946605,2023-12-08,6,21.56,0,Australia
-26.586906803527235,152.7375953091489,2023-12-07,6,21.58,0,Australia
-26.54814765401399,152.71270751953125,2023-12-29,6,21.62,0,Australia
-26.5949499,152.7275682,2023-12-07,6,21.04,0,Australia
-26.62453809128687,152.68927574157715,2023-12-07,6,21.73,0,Australia
-26.66042580244393,152.6895516023434,2023-12-07,6,21.68,0,Australia
-26.69251041872481,152.70760771285205,2023-12-29,6,21.61,0,Australia
-26.69556169769064,152.71232441402736,2023-12-07,6,21.61,0,Australia
-26.71179515052669,152.70222217411532,2023-12-07,6,21.61,0,Australia
-26.727295563682528,152.76442428273458,2023-12-07,6,21.64,0,Australia
-26.68389625193964,152.76001466665602,2023-12-07,6,21.54,0,Australia
-26.7603083,152.8098306,2023-12-07,6,21.37,0,Australia
-26.708381198510125,153.13472468106437,2023-12-14,5,19.62,0,Australia
-35.18420384849927,149.15036668864738,2023-10-20,4,18.345,0,Australia
-26.77517946899713,153.0484845461263,2023-10-04,3,,0,Australia
-26.80818427541384,152.97008416033756,2023-10-04,3,,0,Australia
-34.404653785661324,150.90270363110207,2023-08-16,5,19.46,0,Australia
-26.7577357,152.8638669,2023-09-17,6,21.15,0,Australia
-26.7577357,152.8638669,2023-09-16,5,,0,Australia
-37.57939827487342,143.86045913686806,2023-09-15,3,,0,Australia
-27.43480138599879,152.94009251898936,2023-09-14,5,19.8,0,Australia
-27.434251983892228,152.94018112307785,2023-09-14,5,19.8,0,Australia
-26.71355831579167,153.0441028954865,2023-09-09,5,,0,Australia
-37.58037849999999,143.8605381,2023-09-05,5,20.26,0,Australia
-26.6509523,153.0914126,2023-08-22,2,,0,Australia
-26.728868,152.2107286,2023-08-13,6,21.81,0,Australia
-26.728868,152.2107286,2023-08-11,6,21.72,0,Australia
-30.8839943,151.1552033,2023-08-13,5,,0,Australia
-26.7578834,152.8643693,2023-07-23,6,21.27,0,Australia
-26.75862408402208,152.86464501461975,2023-06-18,6,21.21,0,Australia
-32.539764945705215,152.3200131822122,2023-06-15,6,21.39,0,Australia
-26.75808260789458,152.86409352651606,2023-05-28,6,21.18,0,Australia
-26.7578834,152.8643693,2023-05-21,6,21.2,0,Australia
-26.7578834,152.8643693,2023-05-21,6,21.2,0,Australia
-26.7578834,152.8643693,2023-05-21,6,20.99,0,Australia
-26.6834241,152.7524779,2023-05-20,6,21.41,0,Australia
-26.7108667,152.8066725,2023-05-20,6,21.43,0,Australia
-26.69394603190529,152.80398683815918,2023-05-20,6,21.44,0,Australia
-26.68339356008946,152.7524471282959,2023-05-20,6,21.21,0,Australia
-27.4975028,153.0136905,2023-04-27,4,17.81,0,Australia
-27.497244770521117,153.06299767541262,2023-04-19,3,,0,Australia
-26.6844215,152.8743408,2023-04-13,6,21.15,0,Australia
-26.75909285307573,152.86437952384108,2023-03-18,6,21.22,0,Australia
-37.5925,143.843,2023-02-22,4,,0,Australia
-27.5192,153.07,2023-02-16,1,,0,Australia
-27.4494,153.023,2023-02-18,3,,0,Australia
-27.7,153.165,2023-02-17,3,,0,Australia
-34.771,138.704,2023-02-19,3,,0,Australia
-37.7822,144.973,2023-02-19,3,,0,Australia
-27.7,153.165,2023-02-16,2,,0,Australia
-32.1461,115.865,2023-02-15,2,,0,Australia
-33.7072,150.714,2023-02-10,4,,0,Australia
-27.7,153.165,2023-02-13,3,,0,Australia
-27.7,153.165,2023-02-13,4,,0,Australia
-38.139,145.148,2023-01-24,5,,0,Australia
-33.9098,151.185,2023-01-23,4,,0,Australia
-35.2714,138.466,2023-01-23,6,20.44,0,Australia
-35.1506,149.147,2023-01-20,3,,0,Australia
-30.0273,153.202,2023-01-18,6,,0,Australia
-30.0278,153.202,2023-01-15,5,,0,Australia
-43.58321476852831,146.65358322656598,2024-12-04,6,21.63,0,Australia
-42.032368429506825,147.49211496673092,2024-12-24,5,19.81,0,Australia
-42.032384418973386,147.49206858115724,2024-12-29,6,21.37,0,Australia
-42.032335384448096,147.49223521702447,2024-12-29,6,21.37,0,Australia
-37.839263,144.9986385,2024-12-29,3,,0,Australia
-32.90869560707782,151.7301938224985,2024-12-29,4,18.62,0,Australia
-32.9260866,151.389019,2024-12-28,6,21.31,0,Australia
-27.3250905,152.9075545,2024-12-27,0,,0,Australia
-27.33732914237463,152.91625416423472,2024-12-27,4,,0,Australia
-26.758032891631945,152.86495494222598,2024-12-26,6,21.27,0,Australia
-27.399406,153.0176289,2024-12-26,0,,0,Australia
-37.8248641,145.369351,2024-12-25,3,,0,Australia
-26.759191752900747,152.86390904298375,2024-12-23,6,21.18,0,Australia
-37.8392175,144.9986996,2024-12-12,3,,0,Australia
-28.769053700517954,153.37329355470115,2024-12-07,6,20.85,0,Australia
-27.4346437,152.9402539,2024-12-06,5,20.14,0,Australia
-26.63524198519332,152.85651170699012,2024-11-25,6,21.53,0,Australia
-26.567784490828256,152.7629947602827,2024-11-26,6,21.64,0,Australia
-26.64561094638639,152.80846880954266,2024-11-25,6,21.59,0,Australia
-26.62746096310368,152.68810793939502,2024-11-25,6,21.65,0,Australia
-26.70428628053241,152.7051976371094,2024-11-25,6,21.59,0,Australia
-26.68421188322104,152.7576612928467,2024-11-25,6,21.61,0,Australia
-26.690112099307783,152.80433950361092,2024-11-26,6,21.51,0,Australia
-26.75988205891912,152.80928024369808,2024-11-26,6,21.51,0,Australia
-28.81874689093295,153.42476745556257,2024-11-24,5,19.77,0,Australia
-32.8055466,116.4724334,2024-11-05,0,,0,Australia
-34.987060848202496,116.72003669594078,2024-10-28,6,21.41,0,Australia
-33.95070491347783,115.06084293872212,2024-10-23,6,20.82,0,Australia
-26.390749,146.2536874,2024-10-22,5,,0,Australia
-27.41931780579145,153.05830679164376,2024-10-07,1,,0,Australia
-27.48462975575648,153.02977351845237,2024-10-05,1,,0,Australia
-23.698042,133.8807471,2024-10-03,4,,0,Australia
-38.46167153236417,144.10104390179035,2024-09-19,5,19.85,0,Australia
-25.1914699,149.9729294,2024-09-14,6,21.32,0,Australia
-22.3527928,141.5497754,2024-09-07,6,21.32,0,Australia
-26.75992297388564,152.86463770791534,2024-09-07,6,20.96,0,Australia
-26.760007802494627,152.86464788718982,2024-09-07,6,20.7,0,Australia
-22.4296121603371,137.43797821097706,2024-09-06,6,21.49,0,Australia
-26.6930244,153.1037791,2024-09-05,3,,0,Australia
-26.76529959726508,152.76084344118925,2024-09-01,6,21.61,0,Australia
-23.593379,134.4933558,2024-09-02,6,21.27,0,Australia
-25.3806589,135.4414323,2024-08-31,6,21.47,0,Australia
-26.587109490451997,152.73683671287557,2024-08-30,6,21.1,0,Australia
-26.598782683105046,152.7273715048905,2024-08-30,6,21.07,0,Australia
-26.62453809128687,152.68927574157715,2024-08-30,6,21.1,0,Australia
-26.69382261992637,152.7099457964648,2024-08-30,6,21.26,0,Australia
-26.6534875808886,152.70342775843957,2024-08-30,6,21.25,0,Australia
-26.71248109334744,152.70169286812953,2024-08-30,6,21.25,0,Australia
-26.76748916976637,152.7148216530966,2024-08-31,6,21.36,0,Australia
-26.76675733542328,152.7153114539911,2024-08-30,6,21.25,0,Australia
-26.777365909000736,152.72108390566493,2024-08-30,6,21.27,0,Australia
-26.68452725367721,153.13092729195276,2024-08-30,4,18.9,0,Australia
-26.6809437,153.121665,2024-08-30,4,18.97,0,Australia
-26.684894795505496,153.12980212531482,2024-08-30,1,15.1,0,Australia
-26.68515672855976,153.12958276625488,2024-08-30,4,17.8,0,Australia
-26.6818215,153.11903,2024-08-30,1,15.46,0,Australia
-26.68468129590921,153.12933709930044,2024-08-30,2,16.61,0,Australia
-26.6818215,153.11903,2024-08-30,4,18.83,0,Australia
-26.6818215,153.11903,2024-08-30,4,18.96,0,Australia
-26.6844385,153.1289764,2024-08-30,4,18.83,0,Australia
-26.6818215,153.11903,2024-08-30,5,19.66,0,Australia
-26.6818215,153.11903,2024-08-30,0,,0,Australia
-24.5724375,133.1463125,2024-08-28,6,21.32,0,Australia
-27.42226063923728,153.02634810098542,2024-08-28,4,17.82,0,Australia
-27.425269963152093,153.03420160898102,2024-08-28,3,17.78,0,Australia
-24.3299007,133.6303271,2024-08-27,6,21.32,0,Australia
-27.111013922118357,152.9385327229262,2024-08-24,3,,0,Australia
-26.936936936936934,152.95512360302098,2024-08-24,6,,0,Australia
-38.46332731552691,144.10066212601208,2024-08-24,4,18.24,0,Australia
-24.284827221448147,151.30866257040103,2024-08-23,4,,0,Australia
-26.71897449381869,153.06430414602508,2024-08-23,4,,0,Australia
-26.7171007,153.0655898,2024-08-23,3,,0,Australia
-25.274398,133.775136,2024-08-23,4,,0,Australia
-26.72051756290308,153.06834641210858,2024-08-23,4,,0,Australia
-26.7190941,153.0639469,2024-08-23,4,,0,Australia
-26.71873523425057,153.06356795478925,2024-08-23,4,,0,Australia
-26.7188828,153.0639906,2024-08-23,4,,0,Australia
-26.7188853,153.0640127,2024-08-23,4,,0,Australia
-26.71895237915698,153.06397773307145,2024-08-23,2,,0,Australia
-26.7188834,153.0639885,2024-08-23,4,,0,Australia
-26.72072072072072,153.06691470741717,2024-08-23,4,,0,Australia
-26.71866734243596,153.0638842811127,2024-08-23,4,,0,Australia
-26.7183612,153.064238,2024-08-23,2,,0,Australia
0.0,0.0,2024-08-23,2,,0,Australia
-26.7188892,153.0639881,2024-08-23,2,,0,Australia
-26.7193028,153.0641685,2024-08-23,2,,0,Australia
-23.7220649,133.4697823,2024-08-22,6,21.07,0,Australia
-25.0429843,128.303254,2024-08-08,6,21.38,0,Australia
-27.939431,119.63213,2024-08-03,6,21.47,0,Australia
-34.317224279598,150.52402386886635,2024-08-03,5,,0,Australia
-26.6242261044929,153.0582557526911,2024-08-04,5,20.1,0,Australia
-26.613187599020648,153.01055802977925,2024-08-04,6,20.83,0,Australia
-26.61924352406209,152.94570137760877,2024-08-04,6,20.45,0,Australia
-26.62228389179951,152.90769631988638,2024-08-04,6,21.25,0,Australia
-26.62007605659461,152.88336725919774,2024-08-04,6,21.27,0,Australia
-26.633766623221664,152.8616849520736,2024-08-04,6,21.31,0,Australia
-26.651560740271893,152.87851765766075,2024-08-04,6,21.17,0,Australia
-26.69319072740776,152.89249666049415,2024-08-04,6,21.32,0,Australia
-26.69190087005143,152.88548352438943,2024-08-04,6,21.32,0,Australia
-26.75944711849553,152.86543918953987,2024-08-04,6,21.23,0,Australia
-26.75816818400656,152.86564724534085,2024-08-03,6,21.09,0,Australia
-26.64389033991379,153.08527548946807,2024-08-01,5,19.39,0,Australia
-26.68972905930778,153.0467396044666,2024-08-01,5,19.84,0,Australia
-26.67763394069679,153.0950077682892,2024-08-01,5,19.53,0,Australia
-26.744105737318137,153.13524831100656,2024-08-01,5,19.93,0,Australia
-26.73426158069244,153.13493248089506,2024-08-01,5,19.98,0,Australia
-26.707511208976342,153.1349774078961,2024-08-01,5,19.85,0,Australia
-26.696304604435987,153.1358093956049,2024-08-01,5,19.96,0,Australia
-26.688337354014337,153.13628816991405,2024-08-01,5,19.94,0,Australia
-26.66429361330966,153.09372620671343,2024-08-01,4,18.71,0,Australia
-26.713570492492977,153.04439252888358,2024-07-31,5,19.95,0,Australia
-37.82991491324038,144.9752628405404,2024-07-03,3,17.04,0,Australia
-24.662673573596333,115.1765381856639,2024-07-02,6,21.42,0,Australia
-27.4668102,153.0736842,2024-07-04,2,,0,Australia
-30.311206098747,139.33576064471129,2024-07-03,6,21.57,0,Australia
-30.31169589702127,139.33737072593385,2024-07-02,6,21.52,0,Australia
-30.3116218,139.3363193,2024-07-02,6,21.51,0,Australia
-30.3116218,139.3363193,2024-07-02,5,,0,Australia
-30.3116218,139.3363193,2024-07-02,5,,0,Australia
-30.3120593,139.3362207,2024-07-02,5,,0,Australia
-29.63880519455558,138.09309258976745,2024-07-01,6,21.33,0,Australia
-29.01414054594464,134.75558131230466,2024-06-29,6,20.77,0,Australia
-38.3516672,144.293888,2024-06-10,0,,0,Australia
-35.7237486,149.6376164,2024-06-08,0,,0,Australia
-26.750169893697453,152.8890310042263,2024-06-05,6,21.05,0,Australia
-26.69975205318261,152.86305516113282,2024-06-05,6,21.12,0,Australia
-26.684455192098905,152.87451355804444,2024-06-09,6,21.1,0,Australia
-26.6931594925998,152.89076610902922,2024-06-05,6,21.03,0,Australia
-26.652739833632047,152.87751266716953,2024-06-09,6,21.07,0,Australia
-26.633711839842245,152.859825987833,2024-06-05,6,21.26,0,Australia
-26.652282726404795,152.81648906954086,2024-06-09,6,21.34,0,Australia
-26.640612830265223,152.79623546525232,2024-06-09,6,21.26,0,Australia
-26.623106592551856,152.689956807856,2024-06-09,6,21.37,0,Australia
-26.65399526200129,152.6892837026975,2024-06-08,6,21.39,0,Australia
-26.7294103,152.7508218,2024-06-09,6,21.27,0,Australia
-26.688041306738896,152.7967269928621,2024-06-08,6,21.3,0,Australia
-26.688212845353966,152.8048317144602,2024-06-08,6,21.25,0,Australia
-26.761036359102384,152.81045108446128,2024-06-08,6,21.29,0,Australia
-26.759712976113523,152.86343876447438,2024-06-08,6,21.11,0,Australia
-26.759704587241224,152.8646737783619,2024-06-08,6,21.11,0,Australia
-26.6312399766481,152.8622658002777,2024-06-07,6,21.16,0,Australia
-26.83308071669372,153.09304772338623,2024-06-06,1,,0,Australia
-26.8325226,153.0930417,2024-06-06,1,,0,Australia
-26.714215463362063,153.0409902215234,2024-06-02,6,,0,Australia
-26.670254848175883,153.08214584468405,2024-06-02,5,19.53,0,Australia
-26.659718632561702,153.091606353523,2024-06-02,4,18.86,0,Australia
-37.580257789982575,143.82138008156636,2024-03-10,4,18.35,0,Australia
-37.56469274730848,143.82042850640786,2024-03-10,5,19.15,0,Australia
-37.601463296166266,143.83036183595044,2024-06-01,5,19.44,0,Australia
-37.57982474459671,143.860493957061,2024-03-10,5,19.44,0,Australia
-37.60319443815336,143.89364288310205,2024-03-10,5,19.42,0,Australia
-37.69583332128402,143.97340538807694,2024-05-31,6,21.46,0,Australia
-26.67734272699828,153.11408707161698,2024-05-20,3,17.62,0,Australia
-26.691089406666357,153.0894045269189,2024-05-19,1,,0,Australia
-26.698664445749195,153.08369459635327,2024-05-17,2,,0,Australia
-26.63125028582036,152.8653514678515,2024-05-13,6,20.88,0,Australia
-26.9612832,152.9543358,2024-05-13,3,,0,Australia
-26.726865759999964,153.07360838999995,2024-05-07,0,,0,Australia
-34.9159443,117.2276888,2024-05-06,6,21.35,0,Australia
0.0,0.0,2024-04-20,0,,0,Australia
-37.8392353,144.9986966,2024-05-03,4,,0,Australia
-37.8063268,144.9722086,2024-05-01,4,,0,Australia
-34.3163295,118.1903763,2024-04-28,6,21.27,0,Australia
-32.8082602,116.874792,2024-04-27,6,21.31,0,Australia
-26.79660936599042,152.992719011075,2024-04-10,6,21.07,0,Australia
-26.806508596250413,152.96997745861813,2024-04-10,4,18.92,0,Australia
-26.78584505667536,152.92065777528768,2024-04-10,6,21.07,0,Australia
-26.731648815123144,152.90203069063145,2024-04-10,6,21.07,0,Australia
-26.693082394029624,152.89226978237787,2024-04-16,6,21.17,0,Australia
-26.652212447962132,152.87759492441694,2024-04-10,6,21.17,0,Australia
-26.63417555927112,152.85995126530003,2024-04-10,6,21.28,0,Australia
-26.649166507881827,152.8119865124912,2024-04-10,6,21.32,0,Australia
-26.63023000510623,152.76784125803275,2024-04-10,6,21.37,0,Australia
-26.53865303054422,152.77562757475647,2024-04-10,6,21.38,0,Australia
-26.58712120766099,152.7374802827176,2024-04-10,6,21.39,0,Australia
-26.548247980677083,152.71237445744882,2024-04-09,6,21.43,0,Australia
-26.596887802427883,152.7291006355263,2024-04-09,6,21.3,0,Australia
-26.62449810302281,152.68971453442384,2024-04-09,6,21.4,0,Australia
-26.662367085225004,152.68892686225036,2024-04-09,6,21.4,0,Australia
-26.713094503022955,152.70088793180742,2024-04-09,6,21.42,0,Australia
-26.727995689915076,152.76272486474497,2024-04-09,7,221.39,0,Australia
-26.683694391454715,152.7605797583472,2024-04-09,6,21.55,0,Australia
-26.68803070026228,152.80473107969482,2024-04-09,6,21.38,0,Australia
-26.760231851948685,152.8101029814427,2024-04-09,6,21.31,0,Australia
-26.7596702,152.864685,2024-04-09,6,21.04,0,Australia
-26.65040881517673,153.09174638163526,2024-04-14,4,18.68,0,Australia
-27.4704528,153.0260341,2024-04-12,2,,0,Australia
-31.744674314928567,116.0020356887436,2024-04-11,5,19.8,0,Australia
-26.713668056629423,153.04441883770804,2024-04-11,5,,0,Australia
-26.864616308267035,152.94383810840506,2024-04-09,5,,0,Australia
-26.639174671286906,153.070933064523,2024-04-09,5,,0,Australia
-26.827324727680505,119.41032414065374,2024-04-09,4,,0,Australia
-26.667713541517767,153.08473102366665,2024-04-09,5,,0,Australia
-22.384614587076385,143.04095908332198,2024-04-08,6,20.82,0,Australia
-22.384354164578752,143.0408801607139,2024-04-08,6,21.02,0,Australia
-22.384070074233943,143.04003542152958,2024-04-08,6,20.46,0,Australia
-22.38481333590298,143.0399261182029,2024-04-08,5,20.25,0,Australia
-22.385651241188476,143.03981722438448,2024-04-08,4,18.73,0,Australia
-22.38554818114497,143.0398141225666,2024-04-08,5,20.03,0,Australia
-22.386516125717755,143.03969808170655,2024-04-08,6,20.91,0,Australia
-22.38747660872605,143.03951980100982,2024-04-08,6,20.76,0,Australia
-22.38835318694674,143.03935557637257,2024-04-08,6,20.43,0,Australia
-22.389230088706096,143.03922160140013,2024-04-08,3,17.51,0,Australia
-22.389894689900256,143.0391366362351,2024-04-08,3,17.65,0,Australia
-41.310527500289,147.02299826500368,2024-04-07,5,,0,Australia
-27.512908323201263,153.00634519478663,2024-04-02,4,17.89,0,Australia
-26.7056354,153.0934235,2024-04-02,3,,0,Australia
-26.71363493394161,153.04438908148504,2024-04-02,5,,0,Australia
-36.20861399347184,149.12725653019334,2024-04-02,3,,0,Australia
-26.7056762,153.0934121,2024-04-02,4,,0,Australia
-27.42289,153.033773,2024-04-02,4,18.38,0,Australia
-27.42289,153.033773,2024-04-02,4,,0,Australia
-33.956252001093624,119.91765573176136,2024-03-17,6,21.94,0,Australia
-37.9145479,145.127492,2024-03-16,2,,0,Australia
-33.962797134366305,151.08653202489455,2024-03-10,1,,0,Australia
-33.823825698411795,122.29095844985002,2024-03-08,6,21.87,0,Australia
-37.8392242,144.9987014,2024-03-07,4,,0,Australia
-37.6961185434474,143.97367917623447,2024-03-06,6,20.77,0,Australia
-29.9831524,121.0432929,2024-03-02,6,21.73,0,Australia
-26.8645618,152.9436479,2024-03-02,5,,0,Australia
-29.460335976395086,120.61813951367915,2024-02-29,6,21.822,0,Australia
-37.8392185,144.9987247,2024-02-09,3,,0,Australia
-37.839245,144.9986868,2024-02-06,3,,0,Australia
-30.027171,153.202551,2024-01-13,5,,0,Australia
-30.0279499,153.2020016,2024-01-13,5,,0,Australia
-32.04293629000667,152.540040032524,2024-01-11,4,18.82,0,Australia
-37.839224,144.9987164,2024-01-11,4,,0,Australia
-37.8392711,144.9987125,2024-01-05,4,,0,Australia
-42.88270869999999,147.1511206,2025-12-29,6,21.33,0,Australia
-42.88270869999999,147.1511206,2025-12-28,6,21.47,0,Australia
-32.0169749,115.8417352,2025-12-24,4,17.93,0,Australia
-43.1261595,146.3800855,2025-12-12,6,21.5,0,Australia
-43.1652218,146.3113254,2025-12-11,6,21.54,0,Australia
-42.94723889999999,146.7995147,2025-12-14,4,18.76,0,Australia
-41.5999539,146.4069499,2025-11-14,6,20.96,0,Australia
-41.2097467,148.2792859,2025-11-13,6,21.21,0,Australia
-42.13031207317187,148.31199645996094,2025-11-12,6,20.6,0,Australia
-43.2764465,146.4662995,2025-11-14,6,21.68,0,Australia
-26.6929945,153.1038341,2025-12-13,4,,0,Australia
-32.02075736982819,115.92043876647948,2025-11-13,3,17.72,0,Australia
-32.0864256,115.867648,2025-11-10,0,,0,Australia
-32.00455943351868,115.87126557570107,2025-11-10,4,18.15,0,Australia
-26.631703552494752,152.6858480515568,2025-10-22,6,21.62,0,Australia
-26.585501262982177,152.7400344939357,2025-10-22,6,21.61,0,Australia
-26.52478787848999,152.69987402351416,2025-10-22,6,21.66,0,Australia
-26.599213186806384,152.7282642675533,2025-10-22,6,21.23,0,Australia
-26.61235556552968,152.6148675889232,2025-10-22,6,21.62,0,Australia
-26.65646889261809,152.68923312905275,2025-10-22,6,21.59,0,Australia
-26.70448805017336,152.70497894083118,2025-10-25,6,21.61,0,Australia
-26.7301335550233,152.75769785149913,2025-10-22,6,21.6,0,Australia
-26.68448743089076,152.75589302891785,2025-10-22,6,21.5,0,Australia
-26.688477134403804,152.80587316608907,2025-10-25,6,20.44,0,Australia
-26.725620165049463,152.82578178529485,2025-10-22,6,21.32,0,Australia
-26.76061389381353,152.81038288655208,2025-10-22,6,21.32,0,Australia
-26.758111511146893,152.86374138670374,2025-10-22,6,20.84,0,Australia
-31.904542561479,116.16803024026756,2025-10-01,2,,0,Australia
-33.83490255,151.09101233,2025-09-20,2,,0,Australia
-34.41302786721252,154.21099395929173,2025-09-20,3,,0,Australia
-32.497256564500155,152.1999874702612,2025-09-20,2,,0,Australia
-33.8288194,151.0889325,2025-09-20,2,,0,Australia
-33.8348424,151.0908961,2025-09-20,1,,0,Australia
-34.29386345937163,150.54257889874972,2025-09-16,5,19.0,0,Australia
-43.50124551208642,146.15420902695044,2025-01-26,6,21.34,0,Australia
-43.5964183547183,146.68567624253808,2025-02-28,6,21.34,0,Australia
-42.7864998,146.0594368,2025-06-22,6,21.21,0,Australia
-42.903513342585775,146.39845380038167,2025-08-16,6,20.99,0,Australia
-34.02030718083024,115.10270363810952,2025-08-24,6,21.51,0,Australia
-41.07356413410399,145.90029239846265,2025-08-23,2,,0,Australia
-26.75936477525935,152.86450138933964,2025-08-23,6,21.27,0,Australia
-35.414721,149.0689172,2025-08-14,5,,0,Australia
-26.628995669314254,152.86205213636845,2025-07-28,6,20.91,0,Australia
-26.650098517432205,152.81233916105043,2025-07-28,6,21.37,0,Australia
-26.630882607126047,152.76885834767288,2025-07-28,6,21.4,0,Australia
-26.5115333,152.8232493,2025-07-27,6,21.46,0,Australia
-26.58749358095976,152.73733067991654,2025-07-27,6,21.52,0,Australia
-26.548350430717942,152.7129614677288,2025-07-27,6,21.51,0,Australia
-26.598500193564718,152.72779550966192,2025-07-27,6,21.33,0,Australia
-26.624237195592965,152.68976473200644,2025-07-27,6,21.44,0,Australia
-26.65761320526852,152.6892383127213,2025-07-27,6,21.41,0,Australia
-26.710047238074463,152.70221217280957,2025-07-27,6,21.41,0,Australia
-26.729175698468136,152.76018705700568,2025-07-27,6,21.41,0,Australia
-26.684317154435774,152.75732431853604,2025-07-27,6,21.36,0,Australia
-26.72557751241836,152.82526068012902,2025-07-27,6,21.28,0,Australia
-26.760683180968645,152.81029800993386,2025-07-27,6,21.31,0,Australia
-33.8889,151.1249,2025-07-21,2,,0,Australia
-26.769160972811427,152.86922758991423,2025-07-19,6,21.16,0,Australia
-33.5445558,151.3058986,2025-07-18,5,,0,Australia
-30.62730201371382,153.0136153676002,2025-07-14,2,,0,Australia
-27.5679729,152.4220619,2025-07-12,2,,0,Australia
-38.35303398622258,146.42965581895126,2025-06-14,6,20.85,0,Australia
-18.795590065437175,143.4226838128114,2025-06-27,6,21.52,0,Australia
-18.147742,144.3167,2025-06-26,6,21.38,0,Australia
-16.91608585331752,145.77273270486077,2025-06-25,3,17.04,0,Australia
-37.8443223,145.0032436,2025-06-23,3,,0,Australia
-22.3814095,143.0473676,2025-04-23,6,20.87,0,Australia
-22.3827201,143.0464707,2025-04-23,6,20.92,0,Australia
-22.3849979,143.0462391,2025-04-23,6,20.69,0,Australia
-22.3873005,143.0456554,2025-04-23,6,20.55,0,Australia
-22.389633,143.0454725,2025-04-23,6,20.45,0,Australia
-22.3904443,143.0453273,2025-04-23,5,19.24,0,Australia
-28.22748735097916,160.11610624298595,2025-05-27,4,,0,Australia
-26.758517437196065,152.86408672891116,2025-05-24,6,21.25,0,Australia
-26.759178791131426,152.86433374282635,2025-05-24,6,21.1,0,Australia
-24.1128797,152.7140185,2025-05-22,6,21.45,0,Australia
-24.1128797,152.7140185,2025-05-21,6,21.48,0,Australia
-37.4066923,144.9798236,2025-05-15,0,,0,Australia
-26.795692658608413,152.9956636927144,2025-04-28,6,20.68,0,Australia
-26.80854886244798,152.9683440746116,2025-04-28,5,20.22,0,Australia
-26.785845742158845,152.9206567717266,2025-04-28,6,20.99,0,Australia
-26.7313709,152.9019655,2025-04-28,6,21.01,0,Australia
-26.691772918375104,152.8925379676028,2025-04-28,6,21.04,0,Australia
-26.65210577149301,152.87744774546982,2025-04-28,6,21.02,0,Australia
-26.62884216153188,152.861956431837,2025-04-28,6,20.98,0,Australia
-26.649627264247336,152.81198130106367,2025-04-28,6,21.31,0,Australia
-26.630416674450014,152.76778792246273,2025-04-27,6,21.31,0,Australia
-26.5878355,152.7363909,2025-04-27,6,21.36,0,Australia
-26.5992101,152.7268773,2025-04-27,6,21.22,0,Australia
-26.6245446,152.689283,2025-04-27,6,21.47,0,Australia
-26.6785203,152.6955846,2025-04-27,6,21.41,0,Australia
-26.71221498677739,152.70117831601672,2025-04-27,6,21.37,0,Australia
-26.727760772166263,152.76314485434804,2025-04-27,6,21.32,0,Australia
-26.6840436597605,152.76008409388382,2025-04-27,6,21.36,0,Australia
-26.688032465470755,152.804670902883,2025-04-27,6,21.25,0,Australia
-26.725949142823023,152.82392206834004,2025-04-27,6,21.15,0,Australia
-26.7603083,152.8098306,2025-04-27,6,21.13,0,Australia
-26.75976379081067,152.86398619165186,2025-04-27,6,20.94,0,Australia
-37.7986985,144.9602156,2025-04-30,3,17.2,0,Australia
-27.469192649202363,153.06745567899716,2025-04-28,5,19.19,0,Australia
-38.3975424,144.130048,2025-04-27,5,,0,Australia
-37.7645012,145.7510159,2025-04-22,6,20.91,0,Australia
-37.82426900000001,145.498057,2025-04-22,5,20.32,0,Australia
-37.9351918,145.3900686,2025-04-23,5,19.7,0,Australia
-37.8137271,145.5081658,2025-04-22,5,19.7,0,Australia
-37.9974681,145.2565688,2025-04-22,4,18.05,0,Australia
-25.810029910129906,153.54496746889362,2025-04-20,6,20.41,0,Australia
-31.979085,116.1583305,2025-04-17,5,20.17,0,Australia
-31.9727352,116.1004512,2025-04-17,5,19.4,0,Australia
-37.8123652,144.9623382,2025-03-19,1,15.2,0,Australia
-32.9789995,148.2443206,2025-02-28,6,21.2,0,Australia
-31.331716570973764,149.27202137296777,2025-02-27,6,21.32,0,Australia
-43.32521249905156,145.99146670551042,2025-01-02,6,21.32,0,Australia
-37.8392298,144.9987451,2025-02-05,3,,0,Australia
-32.10961491782964,151.01709377302896,2025-01-20,6,21.2,0,Australia
